strategy,seed,iteration,true_objective,is_feasible,best_feasible_so_far,wall_clock_seconds
random,0,1,0.0,True,0.0,0.00012946128845214844
random,0,2,0.6301963531912963,True,0.6301963531912963,0.00012946128845214844
random,0,3,0.6767439407149056,True,0.6767439407149056,0.00012946128845214844
random,0,4,0.330593186565238,True,0.6767439407149056,0.00012946128845214844
random,0,5,0.15596025852822903,True,0.6767439407149056,0.00012946128845214844
random,0,6,0.6421709655646956,True,0.6767439407149056,0.00012946128845214844
random,0,7,0.0,True,0.6767439407149056,0.00012946128845214844
random,0,8,0.4991532047223415,True,0.6767439407149056,0.00012946128845214844
random,0,9,0.49940491892243544,True,0.6767439407149056,0.00012946128845214844
random,0,10,0.6007992421141484,True,0.6767439407149056,0.00012946128845214844
random,0,11,0.08624049141468693,True,0.6767439407149056,0.00012946128845214844
random,0,12,0.30411658273084136,True,0.6767439407149056,0.00012946128845214844
random,0,13,0.8834719214763683,True,0.8834719214763683,0.00012946128845214844
random,0,14,0.30841200224947796,True,0.8834719214763683,0.00012946128845214844
random,0,15,0.1877791780624885,True,0.8834719214763683,0.00012946128845214844
random,0,16,0.20788073401387464,True,0.8834719214763683,0.00012946128845214844
random,0,17,0.6590577869749817,True,0.8834719214763683,0.00012946128845214844
random,0,18,0.23857116308765114,True,0.8834719214763683,0.00012946128845214844
random,0,19,0.056277855176571356,True,0.8834719214763683,0.00012946128845214844
random,0,20,0.0,True,0.8834719214763683,0.00012946128845214844
random,1,1,0.5289270359348561,True,0.5289270359348561,9.799003601074219e-05
random,1,2,0.16894646524446494,True,0.5289270359348561,9.799003601074219e-05
random,1,3,0.31781859234165943,True,0.5289270359348561,9.799003601074219e-05
random,1,4,0.4433811902455845,True,0.5289270359348561,9.799003601074219e-05
random,1,5,0.48360646049486183,True,0.5289270359348561,9.799003601074219e-05
random,1,6,0.051129207487373596,True,0.5289270359348561,9.799003601074219e-05
random,1,7,0.2169173377864846,True,0.5289270359348561,9.799003601074219e-05
random,1,8,0.5305281115244077,True,0.5305281115244077,9.799003601074219e-05
random,1,9,0.6187272582592727,True,0.6187272582592727,9.799003601074219e-05
random,1,10,0.23901182325937526,True,0.6187272582592727,9.799003601074219e-05
random,1,11,0.13779504025267525,True,0.6187272582592727,9.799003601074219e-05
random,1,12,0.6425785787759098,True,0.6425785787759098,9.799003601074219e-05
random,1,13,0.22034775612171614,True,0.6425785787759098,9.799003601074219e-05
random,1,14,0.5126603606050165,True,0.6425785787759098,9.799003601074219e-05
random,1,15,0.3438729947488389,True,0.6425785787759098,9.799003601074219e-05
random,1,16,0.5361452508831018,True,0.6425785787759098,9.799003601074219e-05
random,1,17,0.6573019983259597,True,0.6573019983259597,9.799003601074219e-05
random,1,18,0.2716505925553958,True,0.6573019983259597,9.799003601074219e-05
random,1,19,0.10853584429795848,True,0.6573019983259597,9.799003601074219e-05
random,1,20,0.7861558468292025,True,0.7861558468292025,9.799003601074219e-05
random,2,1,0.2978467136590454,True,0.2978467136590454,7.653236389160156e-05
random,2,2,0.45194617675104176,True,0.45194617675104176,7.653236389160156e-05
random,2,3,0.0,True,0.45194617675104176,7.653236389160156e-05
random,2,4,0.21999340828021008,True,0.45194617675104176,7.653236389160156e-05
random,2,5,0.507413360240572,True,0.507413360240572,7.653236389160156e-05
random,2,6,0.9435493891152419,True,0.9435493891152419,7.653236389160156e-05
random,2,7,0.044950667366857266,True,0.9435493891152419,7.653236389160156e-05
random,2,8,0.8874405745590261,True,0.9435493891152419,7.653236389160156e-05
random,2,9,0.7376153069516287,True,0.9435493891152419,7.653236389160156e-05
random,2,10,0.0,True,0.9435493891152419,7.653236389160156e-05
random,2,11,0.7416008776507766,True,0.9435493891152419,7.653236389160156e-05
random,2,12,0.48497076656376237,True,0.9435493891152419,7.653236389160156e-05
random,2,13,0.6502456249513601,True,0.9435493891152419,7.653236389160156e-05
random,2,14,0.838374071302528,True,0.9435493891152419,7.653236389160156e-05
random,2,15,0.4657805486115631,True,0.9435493891152419,7.653236389160156e-05
random,2,16,0.17779617114483376,True,0.9435493891152419,7.653236389160156e-05
random,2,17,0.003836447426472045,True,0.9435493891152419,7.653236389160156e-05
random,2,18,0.8876331326375426,True,0.9435493891152419,7.653236389160156e-05
random,2,19,0.8737817943044273,True,0.9435493891152419,7.653236389160156e-05
random,2,20,0.13375680421910757,True,0.9435493891152419,7.653236389160156e-05
random,3,1,0.15944751771006693,True,0.15944751771006693,6.079673767089844e-05
random,3,2,0.0589804577683104,True,0.15944751771006693,6.079673767089844e-05
random,3,3,0.2085368495959562,True,0.2085368495959562,6.079673767089844e-05
random,3,4,0.18052654418921094,True,0.2085368495959562,6.079673767089844e-05
random,3,5,0.5946112066095028,True,0.5946112066095028,6.079673767089844e-05
random,3,6,0.24762490747359434,True,0.5946112066095028,6.079673767089844e-05
random,3,7,0.0,True,0.5946112066095028,6.079673767089844e-05
random,3,8,0.11602173140850724,True,0.5946112066095028,6.079673767089844e-05
random,3,9,0.4452038403444445,True,0.5946112066095028,6.079673767089844e-05
random,3,10,0.14414984599680786,True,0.5946112066095028,6.079673767089844e-05
random,3,11,0.1094466297276726,True,0.5946112066095028,6.079673767089844e-05
random,3,12,0.19567121967793144,True,0.5946112066095028,6.079673767089844e-05
random,3,13,0.6922263046869221,True,0.6922263046869221,6.079673767089844e-05
random,3,14,0.7009343704486544,True,0.7009343704486544,6.079673767089844e-05
random,3,15,0.7143397528145833,True,0.7143397528145833,6.079673767089844e-05
random,3,16,0.4784022959320553,True,0.7143397528145833,6.079673767089844e-05
random,3,17,0.26660384357832323,True,0.7143397528145833,6.079673767089844e-05
random,3,18,0.2948152489704167,True,0.7143397528145833,6.079673767089844e-05
random,3,19,0.21313251045263598,True,0.7143397528145833,6.079673767089844e-05
random,3,20,0.25306444729444866,True,0.7143397528145833,6.079673767089844e-05
random,4,1,0.5259227984728971,True,0.5259227984728971,7.724761962890625e-05
random,4,2,0.2518666684971209,True,0.5259227984728971,7.724761962890625e-05
random,4,3,0.2875435726355852,True,0.5259227984728971,7.724761962890625e-05
random,4,4,0.8113031996596247,True,0.8113031996596247,7.724761962890625e-05
random,4,5,0.8106451957040162,True,0.8113031996596247,7.724761962890625e-05
random,4,6,0.9099855979558289,True,0.9099855979558289,7.724761962890625e-05
random,4,7,0.5020815158187604,True,0.9099855979558289,7.724761962890625e-05
random,4,8,0.31127031305821545,True,0.9099855979558289,7.724761962890625e-05
random,4,9,0.38783527256242917,True,0.9099855979558289,7.724761962890625e-05
random,4,10,0.11019314060784702,True,0.9099855979558289,7.724761962890625e-05
random,4,11,0.7051898239926947,True,0.9099855979558289,7.724761962890625e-05
random,4,12,0.3834373984796442,True,0.9099855979558289,7.724761962890625e-05
random,4,13,0.5656577933396421,True,0.9099855979558289,7.724761962890625e-05
random,4,14,0.6252291405612539,True,0.9099855979558289,7.724761962890625e-05
random,4,15,0.1796502088891817,True,0.9099855979558289,7.724761962890625e-05
random,4,16,0.24087199651080038,True,0.9099855979558289,7.724761962890625e-05
random,4,17,0.3706712298397894,True,0.9099855979558289,7.724761962890625e-05
random,4,18,0.5765038790404343,True,0.9099855979558289,7.724761962890625e-05
random,4,19,0.13360927109983278,True,0.9099855979558289,7.724761962890625e-05
random,4,20,0.76224093632584,True,0.9099855979558289,7.724761962890625e-05
random,5,1,0.7377714577170895,True,0.7377714577170895,5.984306335449219e-05
random,5,2,0.0,True,0.7377714577170895,5.984306335449219e-05
random,5,3,0.0,True,0.7377714577170895,5.984306335449219e-05
random,5,4,0.36839774217443444,True,0.7377714577170895,5.984306335449219e-05
random,5,5,0.9293464312964343,True,0.9293464312964343,5.984306335449219e-05
random,5,6,0.27266537865860047,True,0.9293464312964343,5.984306335449219e-05
random,5,7,0.09616674536247716,True,0.9293464312964343,5.984306335449219e-05
random,5,8,0.2647259000012029,True,0.9293464312964343,5.984306335449219e-05
random,5,9,0.5972579331084302,True,0.9293464312964343,5.984306335449219e-05
random,5,10,0.39172939574247734,True,0.9293464312964343,5.984306335449219e-05
random,5,11,0.057907166701853474,True,0.9293464312964343,5.984306335449219e-05
random,5,12,0.05172944016450287,True,0.9293464312964343,5.984306335449219e-05
random,5,13,0.05961145385714095,True,0.9293464312964343,5.984306335449219e-05
random,5,14,0.4854219267370318,True,0.9293464312964343,5.984306335449219e-05
random,5,15,0.30075754343290784,True,0.9293464312964343,5.984306335449219e-05
random,5,16,0.21963098499953393,True,0.9293464312964343,5.984306335449219e-05
random,5,17,0.1668086189318555,True,0.9293464312964343,5.984306335449219e-05
random,5,18,0.44264037992665706,True,0.9293464312964343,5.984306335449219e-05
random,5,19,0.8365226559627743,True,0.9293464312964343,5.984306335449219e-05
random,5,20,0.6446088789618117,True,0.9293464312964343,5.984306335449219e-05
random,6,1,0.1760472597235488,True,0.1760472597235488,5.4836273193359375e-05
random,6,2,0.8928392404673932,True,0.8928392404673932,5.4836273193359375e-05
random,6,3,0.33027989350425774,True,0.8928392404673932,5.4836273193359375e-05
random,6,4,0.05982855203251758,True,0.8928392404673932,5.4836273193359375e-05
random,6,5,0.7108643957319899,True,0.8928392404673932,5.4836273193359375e-05
random,6,6,0.0,True,0.8928392404673932,5.4836273193359375e-05
random,6,7,0.3722184173964485,True,0.8928392404673932,5.4836273193359375e-05
random,6,8,0.03281280331283942,True,0.8928392404673932,5.4836273193359375e-05
random,6,9,0.17695765659039608,True,0.8928392404673932,5.4836273193359375e-05
random,6,10,0.09005625536013373,True,0.8928392404673932,5.4836273193359375e-05
random,6,11,0.18738841640313358,True,0.8928392404673932,5.4836273193359375e-05
random,6,12,0.3442562247738021,True,0.8928392404673932,5.4836273193359375e-05
random,6,13,0.33863511049886763,True,0.8928392404673932,5.4836273193359375e-05
random,6,14,0.3703299302877537,True,0.8928392404673932,5.4836273193359375e-05
random,6,15,0.6814749780205306,True,0.8928392404673932,5.4836273193359375e-05
random,6,16,0.014094613152718871,True,0.8928392404673932,5.4836273193359375e-05
random,6,17,0.05093158117422747,True,0.8928392404673932,5.4836273193359375e-05
random,6,18,0.8042917617989943,True,0.8928392404673932,5.4836273193359375e-05
random,6,19,0.217403057417623,True,0.8928392404673932,5.4836273193359375e-05
random,6,20,0.05731008005711791,True,0.8928392404673932,5.4836273193359375e-05
random,7,1,0.8946195257192533,True,0.8946195257192533,5.936622619628906e-05
random,7,2,0.30580969675117176,True,0.8946195257192533,5.936622619628906e-05
random,7,3,0.5963633171424813,True,0.8946195257192533,5.936622619628906e-05
random,7,4,0.09061054721881634,True,0.8946195257192533,5.936622619628906e-05
random,7,5,0.2806208024594691,True,0.8946195257192533,5.936622619628906e-05
random,7,6,0.9620551750285624,True,0.9620551750285624,5.936622619628906e-05
random,7,7,0.6808006860957311,True,0.9620551750285624,5.936622619628906e-05
random,7,8,0.03084560111266288,True,0.9620551750285624,5.936622619628906e-05
random,7,9,0.21141745032840298,True,0.9620551750285624,5.936622619628906e-05
random,7,10,0.5097978479050519,True,0.9620551750285624,5.936622619628906e-05
random,7,11,0.0,True,0.9620551750285624,5.936622619628906e-05
random,7,12,0.23233199218564565,True,0.9620551750285624,5.936622619628906e-05
random,7,13,0.11310193926723,True,0.9620551750285624,5.936622619628906e-05
random,7,14,0.24590449000743891,True,0.9620551750285624,5.936622619628906e-05
random,7,15,0.8250272675602085,True,0.9620551750285624,5.936622619628906e-05
random,7,16,0.10697407066428788,True,0.9620551750285624,5.936622619628906e-05
random,7,17,0.688203731303279,True,0.9620551750285624,5.936622619628906e-05
random,7,18,0.03150375200633804,True,0.9620551750285624,5.936622619628906e-05
random,7,19,0.19476746314130022,True,0.9620551750285624,5.936622619628906e-05
random,7,20,0.8740774694205339,True,0.9620551750285624,5.936622619628906e-05
random,8,1,0.6635854358828494,True,0.6635854358828494,7.62939453125e-05
random,8,2,0.7435129766280405,True,0.7435129766280405,7.62939453125e-05
random,8,3,0.03151229297274549,True,0.7435129766280405,7.62939453125e-05
random,8,4,0.047180481063126556,True,0.7435129766280405,7.62939453125e-05
random,8,5,0.17564510459031835,True,0.7435129766280405,7.62939453125e-05
random,8,6,0.20918235545009423,True,0.7435129766280405,7.62939453125e-05
random,8,7,0.7027228501832941,True,0.7435129766280405,7.62939453125e-05
random,8,8,0.056750852705915844,True,0.7435129766280405,7.62939453125e-05
random,8,9,0.0,True,0.7435129766280405,7.62939453125e-05
random,8,10,0.4621111101891367,True,0.7435129766280405,7.62939453125e-05
random,8,11,0.00284434372709208,True,0.7435129766280405,7.62939453125e-05
random,8,12,0.0,True,0.7435129766280405,7.62939453125e-05
random,8,13,0.755213413543694,True,0.755213413543694,7.62939453125e-05
random,8,14,0.6977183303680409,True,0.755213413543694,7.62939453125e-05
random,8,15,0.06404310499021415,True,0.755213413543694,7.62939453125e-05
random,8,16,0.5164447839900158,True,0.755213413543694,7.62939453125e-05
random,8,17,0.15868218496747116,True,0.755213413543694,7.62939453125e-05
random,8,18,0.5701933835182479,True,0.755213413543694,7.62939453125e-05
random,8,19,0.11263523936908526,True,0.755213413543694,7.62939453125e-05
random,8,20,0.12489499257277781,True,0.755213413543694,7.62939453125e-05
random,9,1,0.23993478675458751,True,0.23993478675458751,6.67572021484375e-05
random,9,2,0.723987665248212,True,0.723987665248212,6.67572021484375e-05
random,9,3,0.43672439739436264,True,0.723987665248212,6.67572021484375e-05
random,9,4,0.0657020987104644,True,0.723987665248212,6.67572021484375e-05
random,9,5,0.648074048948284,True,0.723987665248212,6.67572021484375e-05
random,9,6,0.3191553632135733,True,0.723987665248212,6.67572021484375e-05
random,9,7,0.40282053045031774,True,0.723987665248212,6.67572021484375e-05
random,9,8,0.8909271806866552,True,0.8909271806866552,6.67572021484375e-05
random,9,9,0.8586513222252734,True,0.8909271806866552,6.67572021484375e-05
random,9,10,0.4554965653681363,True,0.8909271806866552,6.67572021484375e-05
random,9,11,0.46103639723531314,True,0.8909271806866552,6.67572021484375e-05
random,9,12,0.0,True,0.8909271806866552,6.67572021484375e-05
random,9,13,0.3072689850959783,True,0.8909271806866552,6.67572021484375e-05
random,9,14,0.27129310937132695,True,0.8909271806866552,6.67572021484375e-05
random,9,15,0.25409881011596797,True,0.8909271806866552,6.67572021484375e-05
random,9,16,0.07764157005697991,True,0.8909271806866552,6.67572021484375e-05
random,9,17,0.3377830461955697,True,0.8909271806866552,6.67572021484375e-05
random,9,18,0.623498395417845,True,0.8909271806866552,6.67572021484375e-05
random,9,19,0.2553072521441911,True,0.8909271806866552,6.67572021484375e-05
random,9,20,0.0,True,0.8909271806866552,6.67572021484375e-05
random,10,1,0.27541111324396506,True,0.27541111324396506,9.059906005859375e-05
random,10,2,0.04336391780716908,True,0.27541111324396506,9.059906005859375e-05
random,10,3,0.7361731724042149,True,0.7361731724042149,9.059906005859375e-05
random,10,4,0.6405025802829742,True,0.7361731724042149,9.059906005859375e-05
random,10,5,0.7838247715829536,True,0.7838247715829536,9.059906005859375e-05
random,10,6,0.2106043874367693,True,0.7838247715829536,9.059906005859375e-05
random,10,7,0.382022001104913,True,0.7838247715829536,9.059906005859375e-05
random,10,8,0.40370167193435746,True,0.7838247715829536,9.059906005859375e-05
random,10,9,0.11129636004020016,True,0.7838247715829536,9.059906005859375e-05
random,10,10,0.3355815159110136,True,0.7838247715829536,9.059906005859375e-05
random,10,11,0.227113111226724,True,0.7838247715829536,9.059906005859375e-05
random,10,12,0.022762607898867304,True,0.7838247715829536,9.059906005859375e-05
random,10,13,0.029101423705594764,True,0.7838247715829536,9.059906005859375e-05
random,10,14,0.8449381982320052,True,0.8449381982320052,9.059906005859375e-05
random,10,15,0.05869113925556513,True,0.8449381982320052,9.059906005859375e-05
random,10,16,0.3733828617990042,True,0.8449381982320052,9.059906005859375e-05
random,10,17,0.004443301120938603,True,0.8449381982320052,9.059906005859375e-05
random,10,18,0.9351684029403233,True,0.9351684029403233,9.059906005859375e-05
random,10,19,0.691837871177601,True,0.9351684029403233,9.059906005859375e-05
random,10,20,0.44885707286791743,True,0.9351684029403233,9.059906005859375e-05
random,11,1,0.3238259223441355,True,0.3238259223441355,5.2928924560546875e-05
random,11,2,0.1044683394509699,True,0.3238259223441355,5.2928924560546875e-05
random,11,3,0.11738665667934645,True,0.3238259223441355,5.2928924560546875e-05
random,11,4,0.28019708088604856,True,0.3238259223441355,5.2928924560546875e-05
random,11,5,0.028798737595843726,True,0.3238259223441355,5.2928924560546875e-05
random,11,6,0.5811936030280047,True,0.5811936030280047,5.2928924560546875e-05
random,11,7,0.5906869894154135,True,0.5906869894154135,5.2928924560546875e-05
random,11,8,0.3453166591674716,True,0.5906869894154135,5.2928924560546875e-05
random,11,9,0.2535486649065497,True,0.5906869894154135,5.2928924560546875e-05
random,11,10,0.5022835316611712,True,0.5906869894154135,5.2928924560546875e-05
random,11,11,0.0,True,0.5906869894154135,5.2928924560546875e-05
random,11,12,0.12544235234871703,True,0.5906869894154135,5.2928924560546875e-05
random,11,13,0.32314247013730696,True,0.5906869894154135,5.2928924560546875e-05
random,11,14,0.0,True,0.5906869894154135,5.2928924560546875e-05
random,11,15,0.5195039353439326,True,0.5906869894154135,5.2928924560546875e-05
random,11,16,0.006870853314362657,True,0.5906869894154135,5.2928924560546875e-05
random,11,17,0.6749919089593401,True,0.6749919089593401,5.2928924560546875e-05
random,11,18,0.0,True,0.6749919089593401,5.2928924560546875e-05
random,11,19,0.3607549068944039,True,0.6749919089593401,5.2928924560546875e-05
random,11,20,0.0,True,0.6749919089593401,5.2928924560546875e-05
random,12,1,0.4445017078479018,True,0.4445017078479018,5.078315734863281e-05
random,12,2,0.024869792762083898,True,0.4445017078479018,5.078315734863281e-05
random,12,3,0.2606975925646682,True,0.4445017078479018,5.078315734863281e-05
random,12,4,0.07899629534363439,True,0.4445017078479018,5.078315734863281e-05
random,12,5,0.038320961072974224,True,0.4445017078479018,5.078315734863281e-05
random,12,6,0.5488312125359538,True,0.5488312125359538,5.078315734863281e-05
random,12,7,0.14694502992882302,True,0.5488312125359538,5.078315734863281e-05
random,12,8,0.8225980115245017,True,0.8225980115245017,5.078315734863281e-05
random,12,9,0.6671462018160029,True,0.8225980115245017,5.078315734863281e-05
random,12,10,0.14597641158718322,True,0.8225980115245017,5.078315734863281e-05
random,12,11,0.658629134710176,True,0.8225980115245017,5.078315734863281e-05
random,12,12,0.12008420922038743,True,0.8225980115245017,5.078315734863281e-05
random,12,13,0.2278924548270338,True,0.8225980115245017,5.078315734863281e-05
random,12,14,0.214228046509629,True,0.8225980115245017,5.078315734863281e-05
random,12,15,0.7056941889649586,True,0.8225980115245017,5.078315734863281e-05
random,12,16,0.5951565841535726,True,0.8225980115245017,5.078315734863281e-05
random,12,17,0.6295272087607386,True,0.8225980115245017,5.078315734863281e-05
random,12,18,0.28538616308890724,True,0.8225980115245017,5.078315734863281e-05
random,12,19,0.4559566554869829,True,0.8225980115245017,5.078315734863281e-05
random,12,20,0.5139058361850546,True,0.8225980115245017,5.078315734863281e-05
random,13,1,0.8104785116648867,True,0.8104785116648867,8.416175842285156e-05
random,13,2,0.16206598326585347,True,0.8104785116648867,8.416175842285156e-05
random,13,3,0.19276885362642326,True,0.8104785116648867,8.416175842285156e-05
random,13,4,0.312576335009561,True,0.8104785116648867,8.416175842285156e-05
random,13,5,0.33584015177552506,True,0.8104785116648867,8.416175842285156e-05
random,13,6,0.1171159345348094,True,0.8104785116648867,8.416175842285156e-05
random,13,7,0.23529119081297717,True,0.8104785116648867,8.416175842285156e-05
random,13,8,0.9202684812252514,True,0.9202684812252514,8.416175842285156e-05
random,13,9,0.48398350569881876,True,0.9202684812252514,8.416175842285156e-05
random,13,10,0.5393096965364579,True,0.9202684812252514,8.416175842285156e-05
random,13,11,0.479027038705096,True,0.9202684812252514,8.416175842285156e-05
random,13,12,0.11802479727999748,True,0.9202684812252514,8.416175842285156e-05
random,13,13,0.026940700282914953,True,0.9202684812252514,8.416175842285156e-05
random,13,14,0.5096070844574044,True,0.9202684812252514,8.416175842285156e-05
random,13,15,0.14091663326836573,True,0.9202684812252514,8.416175842285156e-05
random,13,16,0.7638388281078162,True,0.9202684812252514,8.416175842285156e-05
random,13,17,0.9068721747484081,True,0.9202684812252514,8.416175842285156e-05
random,13,18,0.14393307311481884,True,0.9202684812252514,8.416175842285156e-05
random,13,19,0.29078132472592794,True,0.9202684812252514,8.416175842285156e-05
random,13,20,0.024025431715294476,True,0.9202684812252514,8.416175842285156e-05
random,14,1,0.3475662899174097,True,0.3475662899174097,6.29425048828125e-05
random,14,2,0.5506566820513641,True,0.5506566820513641,6.29425048828125e-05
random,14,3,0.614993406477124,True,0.614993406477124,6.29425048828125e-05
random,14,4,0.28384582357502813,True,0.614993406477124,6.29425048828125e-05
random,14,5,0.598343286482937,True,0.614993406477124,6.29425048828125e-05
random,14,6,0.22824898931283222,True,0.614993406477124,6.29425048828125e-05
random,14,7,0.17565460068398103,True,0.614993406477124,6.29425048828125e-05
random,14,8,0.3824201335342242,True,0.614993406477124,6.29425048828125e-05
random,14,9,0.0,True,0.614993406477124,6.29425048828125e-05
random,14,10,0.0,True,0.614993406477124,6.29425048828125e-05
random,14,11,0.7002985589222154,True,0.7002985589222154,6.29425048828125e-05
random,14,12,0.7656674157176214,True,0.7656674157176214,6.29425048828125e-05
random,14,13,0.26451753388108995,True,0.7656674157176214,6.29425048828125e-05
random,14,14,0.019237542547583364,True,0.7656674157176214,6.29425048828125e-05
random,14,15,0.6628823220750284,True,0.7656674157176214,6.29425048828125e-05
random,14,16,0.5897440406186344,True,0.7656674157176214,6.29425048828125e-05
random,14,17,0.9494050588079973,True,0.9494050588079973,6.29425048828125e-05
random,14,18,0.0,True,0.9494050588079973,6.29425048828125e-05
random,14,19,0.6183244614344834,True,0.9494050588079973,6.29425048828125e-05
random,14,20,0.565572157706248,True,0.9494050588079973,6.29425048828125e-05
random,15,1,0.6495481519029255,True,0.6495481519029255,8.130073547363281e-05
random,15,2,0.038664321342709695,True,0.6495481519029255,8.130073547363281e-05
random,15,3,0.22724498921836267,True,0.6495481519029255,8.130073547363281e-05
random,15,4,0.7100838872114626,True,0.7100838872114626,8.130073547363281e-05
random,15,5,0.3818606862515098,True,0.7100838872114626,8.130073547363281e-05
random,15,6,0.139019504997217,True,0.7100838872114626,8.130073547363281e-05
random,15,7,0.7371101563469493,True,0.7371101563469493,8.130073547363281e-05
random,15,8,0.5029491703487922,True,0.7371101563469493,8.130073547363281e-05
random,15,9,0.6268992723706602,True,0.7371101563469493,8.130073547363281e-05
random,15,10,0.3178169530302385,True,0.7371101563469493,8.130073547363281e-05
random,15,11,0.13285304196557352,True,0.7371101563469493,8.130073547363281e-05
random,15,12,0.017065681701751267,True,0.7371101563469493,8.130073547363281e-05
random,15,13,0.0,True,0.7371101563469493,8.130073547363281e-05
random,15,14,0.2775412924670743,True,0.7371101563469493,8.130073547363281e-05
random,15,15,0.1378789515940801,True,0.7371101563469493,8.130073547363281e-05
random,15,16,0.10161961465366753,True,0.7371101563469493,8.130073547363281e-05
random,15,17,0.9284373842172476,True,0.9284373842172476,8.130073547363281e-05
random,15,18,0.35445335651012017,True,0.9284373842172476,8.130073547363281e-05
random,15,19,0.4500992229345326,True,0.9284373842172476,8.130073547363281e-05
random,15,20,0.33707950961277994,True,0.9284373842172476,8.130073547363281e-05
random,16,1,0.07577096849478915,True,0.07577096849478915,8.845329284667969e-05
random,16,2,0.08783222380493738,True,0.08783222380493738,8.845329284667969e-05
random,16,3,0.4025074228285974,True,0.4025074228285974,8.845329284667969e-05
random,16,4,0.2206578397664098,True,0.4025074228285974,8.845329284667969e-05
random,16,5,0.6374468320730445,True,0.6374468320730445,8.845329284667969e-05
random,16,6,0.3307949656126848,True,0.6374468320730445,8.845329284667969e-05
random,16,7,0.37369635371204196,True,0.6374468320730445,8.845329284667969e-05
random,16,8,0.342191294006598,True,0.6374468320730445,8.845329284667969e-05
random,16,9,0.3012838165241097,True,0.6374468320730445,8.845329284667969e-05
random,16,10,0.61338775551821,True,0.6374468320730445,8.845329284667969e-05
random,16,11,0.53025071233328,True,0.6374468320730445,8.845329284667969e-05
random,16,12,0.3097179576021993,True,0.6374468320730445,8.845329284667969e-05
random,16,13,0.8213005692540466,True,0.8213005692540466,8.845329284667969e-05
random,16,14,0.030860379908699942,True,0.8213005692540466,8.845329284667969e-05
random,16,15,0.6103171238692873,True,0.8213005692540466,8.845329284667969e-05
random,16,16,0.4611564867688296,True,0.8213005692540466,8.845329284667969e-05
random,16,17,0.7371923338486631,True,0.8213005692540466,8.845329284667969e-05
random,16,18,0.7897006882483327,True,0.8213005692540466,8.845329284667969e-05
random,16,19,0.15974659344900188,True,0.8213005692540466,8.845329284667969e-05
random,16,20,0.006031005690193658,True,0.8213005692540466,8.845329284667969e-05
random,17,1,0.14589559413418163,True,0.14589559413418163,7.05718994140625e-05
random,17,2,0.07301268880107104,True,0.14589559413418163,7.05718994140625e-05
random,17,3,0.617634929083911,True,0.617634929083911,7.05718994140625e-05
random,17,4,0.07125791927912795,True,0.617634929083911,7.05718994140625e-05
random,17,5,0.7767290772429185,True,0.7767290772429185,7.05718994140625e-05
random,17,6,0.33318120667121937,True,0.7767290772429185,7.05718994140625e-05
random,17,7,0.0,True,0.7767290772429185,7.05718994140625e-05
random,17,8,0.427170919617563,True,0.7767290772429185,7.05718994140625e-05
random,17,9,0.6725483325355214,True,0.7767290772429185,7.05718994140625e-05
random,17,10,0.3445232271534237,True,0.7767290772429185,7.05718994140625e-05
random,17,11,0.8577952549516203,True,0.8577952549516203,7.05718994140625e-05
random,17,12,0.5606418544684084,True,0.8577952549516203,7.05718994140625e-05
random,17,13,0.26032370128716104,True,0.8577952549516203,7.05718994140625e-05
random,17,14,0.5794620847803788,True,0.8577952549516203,7.05718994140625e-05
random,17,15,0.14634486214286563,True,0.8577952549516203,7.05718994140625e-05
random,17,16,0.019787257020676075,True,0.8577952549516203,7.05718994140625e-05
random,17,17,0.5611920753199362,True,0.8577952549516203,7.05718994140625e-05
random,17,18,0.6417425498736354,True,0.8577952549516203,7.05718994140625e-05
random,17,19,0.06907736315300828,True,0.8577952549516203,7.05718994140625e-05
random,17,20,0.0,True,0.8577952549516203,7.05718994140625e-05
random,18,1,0.42583011686518457,True,0.42583011686518457,8.249282836914062e-05
random,18,2,0.6620053901665065,True,0.6620053901665065,8.249282836914062e-05
random,18,3,0.4677640101971813,True,0.6620053901665065,8.249282836914062e-05
random,18,4,0.2174781946127608,True,0.6620053901665065,8.249282836914062e-05
random,18,5,0.8008329489230995,True,0.8008329489230995,8.249282836914062e-05
random,18,6,0.4993287936638754,True,0.8008329489230995,8.249282836914062e-05
random,18,7,0.2617793578984996,True,0.8008329489230995,8.249282836914062e-05
random,18,8,0.26998551973921214,True,0.8008329489230995,8.249282836914062e-05
random,18,9,0.06593273579797687,True,0.8008329489230995,8.249282836914062e-05
random,18,10,0.5436507667339654,True,0.8008329489230995,8.249282836914062e-05
random,18,11,0.6802418084743789,True,0.8008329489230995,8.249282836914062e-05
random,18,12,0.28137465065785117,True,0.8008329489230995,8.249282836914062e-05
random,18,13,0.005909713341865408,True,0.8008329489230995,8.249282836914062e-05
random,18,14,0.0,True,0.8008329489230995,8.249282836914062e-05
random,18,15,0.30848530059094026,True,0.8008329489230995,8.249282836914062e-05
random,18,16,0.0397948132414625,True,0.8008329489230995,8.249282836914062e-05
random,18,17,0.0,True,0.8008329489230995,8.249282836914062e-05
random,18,18,0.16565127097121757,True,0.8008329489230995,8.249282836914062e-05
random,18,19,0.32182740987649333,True,0.8008329489230995,8.249282836914062e-05
random,18,20,0.8562065513064755,True,0.8562065513064755,8.249282836914062e-05
random,19,1,0.619185945420747,True,0.619185945420747,8.440017700195312e-05
random,19,2,0.1764928616937675,True,0.619185945420747,8.440017700195312e-05
random,19,3,0.31593664300636504,True,0.619185945420747,8.440017700195312e-05
random,19,4,0.8148477350973893,True,0.8148477350973893,8.440017700195312e-05
random,19,5,0.6064688690616208,True,0.8148477350973893,8.440017700195312e-05
random,19,6,0.2991775337414872,True,0.8148477350973893,8.440017700195312e-05
random,19,7,0.426538395545341,True,0.8148477350973893,8.440017700195312e-05
random,19,8,0.4439572977058637,True,0.8148477350973893,8.440017700195312e-05
random,19,9,0.40807089816810815,True,0.8148477350973893,8.440017700195312e-05
random,19,10,0.3074883325376472,True,0.8148477350973893,8.440017700195312e-05
random,19,11,0.0,True,0.8148477350973893,8.440017700195312e-05
random,19,12,0.4870584888920608,True,0.8148477350973893,8.440017700195312e-05
random,19,13,0.8542733088060501,True,0.8542733088060501,8.440017700195312e-05
random,19,14,0.21403081708961375,True,0.8542733088060501,8.440017700195312e-05
random,19,15,0.4586012743317207,True,0.8542733088060501,8.440017700195312e-05
random,19,16,0.0,True,0.8542733088060501,8.440017700195312e-05
random,19,17,0.19202421825728638,True,0.8542733088060501,8.440017700195312e-05
random,19,18,0.33494900322202853,True,0.8542733088060501,8.440017700195312e-05
random,19,19,0.0,True,0.8542733088060501,8.440017700195312e-05
random,19,20,0.0,True,0.8542733088060501,8.440017700195312e-05
random,20,1,0.05003186347912769,True,0.05003186347912769,7.05718994140625e-05
random,20,2,0.04408265077420359,True,0.05003186347912769,7.05718994140625e-05
random,20,3,0.743202373207658,True,0.743202373207658,7.05718994140625e-05
random,20,4,0.3577723077414717,True,0.743202373207658,7.05718994140625e-05
random,20,5,0.0,True,0.743202373207658,7.05718994140625e-05
random,20,6,0.31933650044190276,True,0.743202373207658,7.05718994140625e-05
random,20,7,0.02958578964709313,True,0.743202373207658,7.05718994140625e-05
random,20,8,0.19406811120530665,True,0.743202373207658,7.05718994140625e-05
random,20,9,0.5006656808488823,True,0.743202373207658,7.05718994140625e-05
random,20,10,0.32757240534584503,True,0.743202373207658,7.05718994140625e-05
random,20,11,0.04488499474792773,True,0.743202373207658,7.05718994140625e-05
random,20,12,0.7024106221578638,True,0.743202373207658,7.05718994140625e-05
random,20,13,0.23818708755512152,True,0.743202373207658,7.05718994140625e-05
random,20,14,0.15897949109377002,True,0.743202373207658,7.05718994140625e-05
random,20,15,0.07450301423588568,True,0.743202373207658,7.05718994140625e-05
random,20,16,0.28690576448329613,True,0.743202373207658,7.05718994140625e-05
random,20,17,0.16261675051040142,True,0.743202373207658,7.05718994140625e-05
random,20,18,0.0,True,0.743202373207658,7.05718994140625e-05
random,20,19,0.09268886776583163,True,0.743202373207658,7.05718994140625e-05
random,20,20,0.1494332904655551,True,0.743202373207658,7.05718994140625e-05
random,21,1,0.5894825274428045,True,0.5894825274428045,0.0001010894775390625
random,21,2,0.5539226414832981,True,0.5894825274428045,0.0001010894775390625
random,21,3,0.24477016491262915,True,0.5894825274428045,0.0001010894775390625
random,21,4,0.22309635549166174,True,0.5894825274428045,0.0001010894775390625
random,21,5,0.28184598938,True,0.5894825274428045,0.0001010894775390625
random,21,6,0.02804832745808028,True,0.5894825274428045,0.0001010894775390625
random,21,7,0.19548788830251584,True,0.5894825274428045,0.0001010894775390625
random,21,8,0.03730924909544675,True,0.5894825274428045,0.0001010894775390625
random,21,9,0.43851403107876574,True,0.5894825274428045,0.0001010894775390625
random,21,10,0.14015356837625287,True,0.5894825274428045,0.0001010894775390625
random,21,11,0.23545345561012726,True,0.5894825274428045,0.0001010894775390625
random,21,12,0.37073716614281665,True,0.5894825274428045,0.0001010894775390625
random,21,13,0.10306810893649099,True,0.5894825274428045,0.0001010894775390625
random,21,14,0.0,True,0.5894825274428045,0.0001010894775390625
random,21,15,0.6271216379173217,True,0.6271216379173217,0.0001010894775390625
random,21,16,0.5041569099383012,True,0.6271216379173217,0.0001010894775390625
random,21,17,0.10394069893535718,True,0.6271216379173217,0.0001010894775390625
random,21,18,0.3057860203011617,True,0.6271216379173217,0.0001010894775390625
random,21,19,0.42117531560725796,True,0.6271216379173217,0.0001010894775390625
random,21,20,0.0,True,0.6271216379173217,0.0001010894775390625
random,22,1,0.0,True,0.0,7.939338684082031e-05
random,22,2,0.5556660776258244,True,0.5556660776258244,7.939338684082031e-05
random,22,3,0.3933502550637879,True,0.5556660776258244,7.939338684082031e-05
random,22,4,0.1588972909065558,True,0.5556660776258244,7.939338684082031e-05
random,22,5,0.0748792053495404,True,0.5556660776258244,7.939338684082031e-05
random,22,6,0.09417070133755212,True,0.5556660776258244,7.939338684082031e-05
random,22,7,0.6954368576199083,True,0.6954368576199083,7.939338684082031e-05
random,22,8,0.0,True,0.6954368576199083,7.939338684082031e-05
random,22,9,0.4752534381041823,True,0.6954368576199083,7.939338684082031e-05
random,22,10,0.7509689794358416,True,0.7509689794358416,7.939338684082031e-05
random,22,11,0.07738500160852824,True,0.7509689794358416,7.939338684082031e-05
random,22,12,0.8523400536179662,True,0.8523400536179662,7.939338684082031e-05
random,22,13,0.0,True,0.8523400536179662,7.939338684082031e-05
random,22,14,0.1743286214957357,True,0.8523400536179662,7.939338684082031e-05
random,22,15,0.655517746332065,True,0.8523400536179662,7.939338684082031e-05
random,22,16,0.4754122908098802,True,0.8523400536179662,7.939338684082031e-05
random,22,17,0.5958684958219631,True,0.8523400536179662,7.939338684082031e-05
random,22,18,0.8334901794656748,True,0.8523400536179662,7.939338684082031e-05
random,22,19,0.8440855113038725,True,0.8523400536179662,7.939338684082031e-05
random,22,20,0.48937499984809085,True,0.8523400536179662,7.939338684082031e-05
random,23,1,0.27557763832737314,True,0.27557763832737314,8.440017700195312e-05
random,23,2,0.5566388196861835,True,0.5566388196861835,8.440017700195312e-05
random,23,3,0.16678849010066044,True,0.5566388196861835,8.440017700195312e-05
random,23,4,0.21449143788853697,True,0.5566388196861835,8.440017700195312e-05
random,23,5,0.08359138239836872,True,0.5566388196861835,8.440017700195312e-05
random,23,6,0.515291790210278,True,0.5566388196861835,8.440017700195312e-05
random,23,7,0.2460805713410955,True,0.5566388196861835,8.440017700195312e-05
random,23,8,0.5937284961801227,True,0.5937284961801227,8.440017700195312e-05
random,23,9,0.18538733089546877,True,0.5937284961801227,8.440017700195312e-05
random,23,10,0.5806230208028038,True,0.5937284961801227,8.440017700195312e-05
random,23,11,0.8910371743661286,True,0.8910371743661286,8.440017700195312e-05
random,23,12,0.2245038714404825,True,0.8910371743661286,8.440017700195312e-05
random,23,13,0.40667526878282123,True,0.8910371743661286,8.440017700195312e-05
random,23,14,0.25882245813717913,True,0.8910371743661286,8.440017700195312e-05
random,23,15,0.45451021618113785,True,0.8910371743661286,8.440017700195312e-05
random,23,16,0.6400172831931226,True,0.8910371743661286,8.440017700195312e-05
random,23,17,0.12279670307828039,True,0.8910371743661286,8.440017700195312e-05
random,23,18,0.6978194567987993,True,0.8910371743661286,8.440017700195312e-05
random,23,19,0.16625314882564207,True,0.8910371743661286,8.440017700195312e-05
random,23,20,0.08838321219387413,True,0.8910371743661286,8.440017700195312e-05
random,24,1,0.30936017564215085,True,0.30936017564215085,0.00010228157043457031
random,24,2,0.5034256940331926,True,0.5034256940331926,0.00010228157043457031
random,24,3,0.1838021445451028,True,0.5034256940331926,0.00010228157043457031
random,24,4,0.5706929226850412,True,0.5706929226850412,0.00010228157043457031
random,24,5,0.18270756187273673,True,0.5706929226850412,0.00010228157043457031
random,24,6,0.00993265430599366,True,0.5706929226850412,0.00010228157043457031
random,24,7,0.16155515388473773,True,0.5706929226850412,0.00010228157043457031
random,24,8,0.5180003131981813,True,0.5706929226850412,0.00010228157043457031
random,24,9,0.5273922533930149,True,0.5706929226850412,0.00010228157043457031
random,24,10,0.1910128961296334,True,0.5706929226850412,0.00010228157043457031
random,24,11,0.36413766755780985,True,0.5706929226850412,0.00010228157043457031
random,24,12,0.32027817748489157,True,0.5706929226850412,0.00010228157043457031
random,24,13,0.0,True,0.5706929226850412,0.00010228157043457031
random,24,14,0.04965484668222797,True,0.5706929226850412,0.00010228157043457031
random,24,15,0.5852987990930791,True,0.5852987990930791,0.00010228157043457031
random,24,16,0.7972903754172662,True,0.7972903754172662,0.00010228157043457031
random,24,17,0.0,True,0.7972903754172662,0.00010228157043457031
random,24,18,0.5910698146248754,True,0.7972903754172662,0.00010228157043457031
random,24,19,0.339738582898993,True,0.7972903754172662,0.00010228157043457031
random,24,20,0.19148286575473844,True,0.7972903754172662,0.00010228157043457031
random,25,1,0.0,True,0.0,7.82012939453125e-05
random,25,2,0.0,True,0.0,7.82012939453125e-05
random,25,3,0.41917755286949115,True,0.41917755286949115,7.82012939453125e-05
random,25,4,0.7254994272145796,True,0.7254994272145796,7.82012939453125e-05
random,25,5,0.33001231597628367,True,0.7254994272145796,7.82012939453125e-05
random,25,6,0.6344028087140156,True,0.7254994272145796,7.82012939453125e-05
random,25,7,0.1844911015962964,True,0.7254994272145796,7.82012939453125e-05
random,25,8,0.46507476832385675,True,0.7254994272145796,7.82012939453125e-05
random,25,9,0.5884357171420976,True,0.7254994272145796,7.82012939453125e-05
random,25,10,0.044916495947998736,True,0.7254994272145796,7.82012939453125e-05
random,25,11,0.5963555876448315,True,0.7254994272145796,7.82012939453125e-05
random,25,12,0.0,True,0.7254994272145796,7.82012939453125e-05
random,25,13,0.05119269453939823,True,0.7254994272145796,7.82012939453125e-05
random,25,14,0.11940048389290792,True,0.7254994272145796,7.82012939453125e-05
random,25,15,0.4130107056853397,True,0.7254994272145796,7.82012939453125e-05
random,25,16,0.06573798226875827,True,0.7254994272145796,7.82012939453125e-05
random,25,17,0.0,True,0.7254994272145796,7.82012939453125e-05
random,25,18,0.19639786636063494,True,0.7254994272145796,7.82012939453125e-05
random,25,19,0.4618818567890091,True,0.7254994272145796,7.82012939453125e-05
random,25,20,0.40533270753556894,True,0.7254994272145796,7.82012939453125e-05
random,26,1,0.0,True,0.0,9.870529174804688e-05
random,26,2,0.7672024228170891,True,0.7672024228170891,9.870529174804688e-05
random,26,3,0.15110382477966794,True,0.7672024228170891,9.870529174804688e-05
random,26,4,0.1964455161897654,True,0.7672024228170891,9.870529174804688e-05
random,26,5,0.22221908947694258,True,0.7672024228170891,9.870529174804688e-05
random,26,6,0.5431368034572746,True,0.7672024228170891,9.870529174804688e-05
random,26,7,0.5224810354116294,True,0.7672024228170891,9.870529174804688e-05
random,26,8,0.6884628954194099,True,0.7672024228170891,9.870529174804688e-05
random,26,9,0.19928759115812128,True,0.7672024228170891,9.870529174804688e-05
random,26,10,0.24397508757443237,True,0.7672024228170891,9.870529174804688e-05
random,26,11,0.0217766765121038,True,0.7672024228170891,9.870529174804688e-05
random,26,12,0.7205183330769414,True,0.7672024228170891,9.870529174804688e-05
random,26,13,0.19504114813463702,True,0.7672024228170891,9.870529174804688e-05
random,26,14,0.0,True,0.7672024228170891,9.870529174804688e-05
random,26,15,0.32645324464863434,True,0.7672024228170891,9.870529174804688e-05
random,26,16,0.7016809104544269,True,0.7672024228170891,9.870529174804688e-05
random,26,17,0.6440064138001604,True,0.7672024228170891,9.870529174804688e-05
random,26,18,0.6331745495088196,True,0.7672024228170891,9.870529174804688e-05
random,26,19,0.9539056509491319,True,0.9539056509491319,9.870529174804688e-05
random,26,20,0.1821100888173599,True,0.9539056509491319,9.870529174804688e-05
random,27,1,0.040924530756508704,True,0.040924530756508704,7.62939453125e-05
random,27,2,0.867209908939092,True,0.867209908939092,7.62939453125e-05
random,27,3,0.0,True,0.867209908939092,7.62939453125e-05
random,27,4,0.1248384833927021,True,0.867209908939092,7.62939453125e-05
random,27,5,0.7141526123659501,True,0.867209908939092,7.62939453125e-05
random,27,6,0.42972388761021796,True,0.867209908939092,7.62939453125e-05
random,27,7,0.4093524551887457,True,0.867209908939092,7.62939453125e-05
random,27,8,0.032261666855632254,True,0.867209908939092,7.62939453125e-05
random,27,9,0.23128577318832233,True,0.867209908939092,7.62939453125e-05
random,27,10,0.4668669321712509,True,0.867209908939092,7.62939453125e-05
random,27,11,0.42841122553804933,True,0.867209908939092,7.62939453125e-05
random,27,12,0.2762812846150061,True,0.867209908939092,7.62939453125e-05
random,27,13,0.09648821821120157,True,0.867209908939092,7.62939453125e-05
random,27,14,0.21456027754109297,True,0.867209908939092,7.62939453125e-05
random,27,15,0.38663304244113933,True,0.867209908939092,7.62939453125e-05
random,27,16,0.8067968104516386,True,0.867209908939092,7.62939453125e-05
random,27,17,0.0,True,0.867209908939092,7.62939453125e-05
random,27,18,0.5311946361406487,True,0.867209908939092,7.62939453125e-05
random,27,19,0.3323804307617133,True,0.867209908939092,7.62939453125e-05
random,27,20,0.10993416732795935,True,0.867209908939092,7.62939453125e-05
random,28,1,0.8416810812035301,True,0.8416810812035301,8.869171142578125e-05
random,28,2,0.0,True,0.8416810812035301,8.869171142578125e-05
random,28,3,0.878325164866061,True,0.878325164866061,8.869171142578125e-05
random,28,4,0.3780328429088694,True,0.878325164866061,8.869171142578125e-05
random,28,5,0.26217187122704205,True,0.878325164866061,8.869171142578125e-05
random,28,6,0.1025864425703471,True,0.878325164866061,8.869171142578125e-05
random,28,7,0.0,True,0.878325164866061,8.869171142578125e-05
random,28,8,0.17032878454179995,True,0.878325164866061,8.869171142578125e-05
random,28,9,0.4319218663295825,True,0.878325164866061,8.869171142578125e-05
random,28,10,0.8836897066961001,True,0.8836897066961001,8.869171142578125e-05
random,28,11,0.5445362387723294,True,0.8836897066961001,8.869171142578125e-05
random,28,12,0.06298385412827567,True,0.8836897066961001,8.869171142578125e-05
random,28,13,0.5331829235710301,True,0.8836897066961001,8.869171142578125e-05
random,28,14,0.2974070109389528,True,0.8836897066961001,8.869171142578125e-05
random,28,15,0.25029044980267173,True,0.8836897066961001,8.869171142578125e-05
random,28,16,0.8140168062430319,True,0.8836897066961001,8.869171142578125e-05
random,28,17,0.5818811135655897,True,0.8836897066961001,8.869171142578125e-05
random,28,18,0.6206038434598051,True,0.8836897066961001,8.869171142578125e-05
random,28,19,0.7693607012781003,True,0.8836897066961001,8.869171142578125e-05
random,28,20,0.041230006714159884,True,0.8836897066961001,8.869171142578125e-05
random,29,1,0.24240757401807178,True,0.24240757401807178,8.058547973632812e-05
random,29,2,0.0,True,0.24240757401807178,8.058547973632812e-05
random,29,3,0.0,True,0.24240757401807178,8.058547973632812e-05
random,29,4,0.6594099823860683,True,0.6594099823860683,8.058547973632812e-05
random,29,5,0.777837541678233,True,0.777837541678233,8.058547973632812e-05
random,29,6,0.5496636027621704,True,0.777837541678233,8.058547973632812e-05
random,29,7,0.7325623973099813,True,0.777837541678233,8.058547973632812e-05
random,29,8,0.19210414754285088,True,0.777837541678233,8.058547973632812e-05
random,29,9,0.9302017534299211,True,0.9302017534299211,8.058547973632812e-05
random,29,10,0.060064597050477175,True,0.9302017534299211,8.058547973632812e-05
random,29,11,0.5631963249928107,True,0.9302017534299211,8.058547973632812e-05
random,29,12,0.46673904409467526,True,0.9302017534299211,8.058547973632812e-05
random,29,13,0.0,True,0.9302017534299211,8.058547973632812e-05
random,29,14,0.19066698049975334,True,0.9302017534299211,8.058547973632812e-05
random,29,15,0.8450019769207775,True,0.9302017534299211,8.058547973632812e-05
random,29,16,0.6890194101318591,True,0.9302017534299211,8.058547973632812e-05
random,29,17,0.0,True,0.9302017534299211,8.058547973632812e-05
random,29,18,0.15816010898356625,True,0.9302017534299211,8.058547973632812e-05
random,29,19,0.8349600233208878,True,0.9302017534299211,8.058547973632812e-05
random,29,20,0.22491437838217754,True,0.9302017534299211,8.058547973632812e-05
grid,0,1,0.9344191735131802,True,0.9344191735131802,0.0002200603485107422
grid,0,2,0.0,True,0.9344191735131802,0.0002200603485107422
grid,0,3,0.02398612100034947,True,0.9344191735131802,0.0002200603485107422
grid,0,4,0.819073656138172,True,0.9344191735131802,0.0002200603485107422
grid,0,5,0.0,True,0.9344191735131802,0.0002200603485107422
grid,0,6,0.042788066474766184,True,0.9344191735131802,0.0002200603485107422
grid,0,7,0.884550944733753,True,0.9344191735131802,0.0002200603485107422
grid,0,8,0.10085452363824832,True,0.9344191735131802,0.0002200603485107422
grid,0,9,0.3933680163941773,True,0.9344191735131802,0.0002200603485107422
grid,0,10,0.20098632015006584,True,0.9344191735131802,0.0002200603485107422
grid,0,11,0.3802702098892089,True,0.9344191735131802,0.0002200603485107422
grid,0,12,0.3944693664618778,True,0.9344191735131802,0.0002200603485107422
grid,0,13,0.5056338137073095,True,0.9344191735131802,0.0002200603485107422
grid,0,14,0.5970740790099066,True,0.9344191735131802,0.0002200603485107422
grid,0,15,0.48106023836545386,True,0.9344191735131802,0.0002200603485107422
grid,0,16,0.0,True,0.9344191735131802,0.0002200603485107422
grid,0,17,0.11037334100579466,True,0.9344191735131802,0.0002200603485107422
grid,0,18,0.03332519741807516,True,0.9344191735131802,0.0002200603485107422
grid,0,19,0.8943188524772598,True,0.9344191735131802,0.0002200603485107422
grid,0,20,0.0,True,0.9344191735131802,0.0002200603485107422
grid,1,1,0.3802702098892089,True,0.3802702098892089,0.00018644332885742188
grid,1,2,0.5056338137073095,True,0.5056338137073095,0.00018644332885742188
grid,1,3,0.819073656138172,True,0.819073656138172,0.00018644332885742188
grid,1,4,0.07268052678808923,True,0.819073656138172,0.00018644332885742188
grid,1,5,0.0,True,0.819073656138172,0.00018644332885742188
grid,1,6,0.5742952927809027,True,0.819073656138172,0.00018644332885742188
grid,1,7,0.0,True,0.819073656138172,0.00018644332885742188
grid,1,8,0.5970740790099066,True,0.819073656138172,0.00018644332885742188
grid,1,9,0.02398612100034947,True,0.819073656138172,0.00018644332885742188
grid,1,10,0.745976870658311,True,0.819073656138172,0.00018644332885742188
grid,1,11,0.03332519741807516,True,0.819073656138172,0.00018644332885742188
grid,1,12,0.19857016195433586,True,0.819073656138172,0.00018644332885742188
grid,1,13,0.9344191735131802,True,0.9344191735131802,0.00018644332885742188
grid,1,14,0.20098632015006584,True,0.9344191735131802,0.00018644332885742188
grid,1,15,0.0,True,0.9344191735131802,0.00018644332885742188
grid,1,16,0.24209268802307382,True,0.9344191735131802,0.00018644332885742188
grid,1,17,0.3933680163941773,True,0.9344191735131802,0.00018644332885742188
grid,1,18,0.0,True,0.9344191735131802,0.00018644332885742188
grid,1,19,0.10085452363824832,True,0.9344191735131802,0.00018644332885742188
grid,1,20,0.3944693664618778,True,0.9344191735131802,0.00018644332885742188
grid,2,1,0.24209268802307382,True,0.24209268802307382,0.0001220703125
grid,2,2,0.11037334100579466,True,0.24209268802307382,0.0001220703125
grid,2,3,0.884550944733753,True,0.884550944733753,0.0001220703125
grid,2,4,0.02398612100034947,True,0.884550944733753,0.0001220703125
grid,2,5,0.0,True,0.884550944733753,0.0001220703125
grid,2,6,0.07268052678808923,True,0.884550944733753,0.0001220703125
grid,2,7,0.10085452363824832,True,0.884550944733753,0.0001220703125
grid,2,8,0.5970740790099066,True,0.884550944733753,0.0001220703125
grid,2,9,0.03332519741807516,True,0.884550944733753,0.0001220703125
grid,2,10,0.5056338137073095,True,0.884550944733753,0.0001220703125
grid,2,11,0.48106023836545386,True,0.884550944733753,0.0001220703125
grid,2,12,0.34976497692840497,True,0.884550944733753,0.0001220703125
grid,2,13,0.3933680163941773,True,0.884550944733753,0.0001220703125
grid,2,14,0.8943188524772598,True,0.8943188524772598,0.0001220703125
grid,2,15,0.819073656138172,True,0.8943188524772598,0.0001220703125
grid,2,16,0.0,True,0.8943188524772598,0.0001220703125
grid,2,17,0.0,True,0.8943188524772598,0.0001220703125
grid,2,18,0.19857016195433586,True,0.8943188524772598,0.0001220703125
grid,2,19,0.9344191735131802,True,0.9344191735131802,0.0001220703125
grid,2,20,0.3944693664618778,True,0.9344191735131802,0.0001220703125
grid,3,1,0.11037334100579466,True,0.11037334100579466,0.00015163421630859375
grid,3,2,0.03332519741807516,True,0.11037334100579466,0.00015163421630859375
grid,3,3,0.20098632015006584,True,0.20098632015006584,0.00015163421630859375
grid,3,4,0.0,True,0.20098632015006584,0.00015163421630859375
grid,3,5,0.02398612100034947,True,0.20098632015006584,0.00015163421630859375
grid,3,6,0.24209268802307382,True,0.24209268802307382,0.00015163421630859375
grid,3,7,0.0,True,0.24209268802307382,0.00015163421630859375
grid,3,8,0.10085452363824832,True,0.24209268802307382,0.00015163421630859375
grid,3,9,0.3933680163941773,True,0.3933680163941773,0.00015163421630859375
grid,3,10,0.07268052678808923,True,0.3933680163941773,0.00015163421630859375
grid,3,11,0.5056338137073095,True,0.5056338137073095,0.00015163421630859375
grid,3,12,0.0,True,0.5056338137073095,0.00015163421630859375
grid,3,13,0.884550944733753,True,0.884550944733753,0.00015163421630859375
grid,3,14,0.819073656138172,True,0.884550944733753,0.00015163421630859375
grid,3,15,0.48106023836545386,True,0.884550944733753,0.00015163421630859375
grid,3,16,0.042788066474766184,True,0.884550944733753,0.00015163421630859375
grid,3,17,0.3802702098892089,True,0.884550944733753,0.00015163421630859375
grid,3,18,0.0,True,0.884550944733753,0.00015163421630859375
grid,3,19,0.745976870658311,True,0.884550944733753,0.00015163421630859375
grid,3,20,0.8943188524772598,True,0.8943188524772598,0.00015163421630859375
grid,4,1,0.24209268802307382,True,0.24209268802307382,0.0001862049102783203
grid,4,2,0.0,True,0.24209268802307382,0.0001862049102783203
grid,4,3,0.3933680163941773,True,0.3933680163941773,0.0001862049102783203
grid,4,4,0.0,True,0.3933680163941773,0.0001862049102783203
grid,4,5,0.20098632015006584,True,0.3933680163941773,0.0001862049102783203
grid,4,6,0.5056338137073095,True,0.5056338137073095,0.0001862049102783203
grid,4,7,0.19857016195433586,True,0.5056338137073095,0.0001862049102783203
grid,4,8,0.042788066474766184,True,0.5056338137073095,0.0001862049102783203
grid,4,9,0.03332519741807516,True,0.5056338137073095,0.0001862049102783203
grid,4,10,0.8943188524772598,True,0.8943188524772598,0.0001862049102783203
grid,4,11,0.07268052678808923,True,0.8943188524772598,0.0001862049102783203
grid,4,12,0.0,True,0.8943188524772598,0.0001862049102783203
grid,4,13,0.9344191735131802,True,0.9344191735131802,0.0001862049102783203
grid,4,14,0.884550944733753,True,0.9344191735131802,0.0001862049102783203
grid,4,15,0.5970740790099066,True,0.9344191735131802,0.0001862049102783203
grid,4,16,0.10085452363824832,True,0.9344191735131802,0.0001862049102783203
grid,4,17,0.5742952927809027,True,0.9344191735131802,0.0001862049102783203
grid,4,18,0.745976870658311,True,0.9344191735131802,0.0001862049102783203
grid,4,19,0.48106023836545386,True,0.9344191735131802,0.0001862049102783203
grid,4,20,0.3944693664618778,True,0.9344191735131802,0.0001862049102783203
grid,5,1,0.3802702098892089,True,0.3802702098892089,0.0001327991485595703
grid,5,2,0.5742952927809027,True,0.5742952927809027,0.0001327991485595703
grid,5,3,0.11037334100579466,True,0.5742952927809027,0.0001327991485595703
grid,5,4,0.0,True,0.5742952927809027,0.0001327991485595703
grid,5,5,0.02398612100034947,True,0.5742952927809027,0.0001327991485595703
grid,5,6,0.48106023836545386,True,0.5742952927809027,0.0001327991485595703
grid,5,7,0.0,True,0.5742952927809027,0.0001327991485595703
grid,5,8,0.3933680163941773,True,0.5742952927809027,0.0001327991485595703
grid,5,9,0.9344191735131802,True,0.9344191735131802,0.0001327991485595703
grid,5,10,0.19857016195433586,True,0.9344191735131802,0.0001327991485595703
grid,5,11,0.8943188524772598,True,0.9344191735131802,0.0001327991485595703
grid,5,12,0.0,True,0.9344191735131802,0.0001327991485595703
grid,5,13,0.0,True,0.9344191735131802,0.0001327991485595703
grid,5,14,0.5056338137073095,True,0.9344191735131802,0.0001327991485595703
grid,5,15,0.3944693664618778,True,0.9344191735131802,0.0001327991485595703
grid,5,16,0.20098632015006584,True,0.9344191735131802,0.0001327991485595703
grid,5,17,0.819073656138172,True,0.9344191735131802,0.0001327991485595703
grid,5,18,0.24209268802307382,True,0.9344191735131802,0.0001327991485595703
grid,5,19,0.07268052678808923,True,0.9344191735131802,0.0001327991485595703
grid,5,20,0.745976870658311,True,0.9344191735131802,0.0001327991485595703
grid,6,1,0.0,True,0.0,0.00019097328186035156
grid,6,2,0.20098632015006584,True,0.20098632015006584,0.00019097328186035156
grid,6,3,0.03332519741807516,True,0.20098632015006584,0.00019097328186035156
grid,6,4,0.3933680163941773,True,0.3933680163941773,0.00019097328186035156
grid,6,5,0.042788066474766184,True,0.3933680163941773,0.00019097328186035156
grid,6,6,0.5742952927809027,True,0.5742952927809027,0.00019097328186035156
grid,6,7,0.5056338137073095,True,0.5742952927809027,0.00019097328186035156
grid,6,8,0.19857016195433586,True,0.5742952927809027,0.00019097328186035156
grid,6,9,0.9344191735131802,True,0.9344191735131802,0.00019097328186035156
grid,6,10,0.0,True,0.9344191735131802,0.00019097328186035156
grid,6,11,0.8943188524772598,True,0.9344191735131802,0.00019097328186035156
grid,6,12,0.5970740790099066,True,0.9344191735131802,0.00019097328186035156
grid,6,13,0.819073656138172,True,0.9344191735131802,0.00019097328186035156
grid,6,14,0.48106023836545386,True,0.9344191735131802,0.00019097328186035156
grid,6,15,0.884550944733753,True,0.9344191735131802,0.00019097328186035156
grid,6,16,0.24209268802307382,True,0.9344191735131802,0.00019097328186035156
grid,6,17,0.10085452363824832,True,0.9344191735131802,0.00019097328186035156
grid,6,18,0.34976497692840497,True,0.9344191735131802,0.00019097328186035156
grid,6,19,0.0,True,0.9344191735131802,0.00019097328186035156
grid,6,20,0.745976870658311,True,0.9344191735131802,0.00019097328186035156
grid,7,1,0.8943188524772598,True,0.8943188524772598,0.0001964569091796875
grid,7,2,0.5742952927809027,True,0.8943188524772598,0.0001964569091796875
grid,7,3,0.3933680163941773,True,0.8943188524772598,0.0001964569091796875
grid,7,4,0.11037334100579466,True,0.8943188524772598,0.0001964569091796875
grid,7,5,0.10085452363824832,True,0.8943188524772598,0.0001964569091796875
grid,7,6,0.0,True,0.8943188524772598,0.0001964569091796875
grid,7,7,0.48106023836545386,True,0.8943188524772598,0.0001964569091796875
grid,7,8,0.0,True,0.8943188524772598,0.0001964569091796875
grid,7,9,0.042788066474766184,True,0.8943188524772598,0.0001964569091796875
grid,7,10,0.9344191735131802,True,0.9344191735131802,0.0001964569091796875
grid,7,11,0.34976497692840497,True,0.9344191735131802,0.0001964569091796875
grid,7,12,0.07268052678808923,True,0.9344191735131802,0.0001964569091796875
grid,7,13,0.884550944733753,True,0.9344191735131802,0.0001964569091796875
grid,7,14,0.24209268802307382,True,0.9344191735131802,0.0001964569091796875
grid,7,15,0.0,True,0.9344191735131802,0.0001964569091796875
grid,7,16,0.0,True,0.9344191735131802,0.0001964569091796875
grid,7,17,0.20098632015006584,True,0.9344191735131802,0.0001964569091796875
grid,7,18,0.3944693664618778,True,0.9344191735131802,0.0001964569091796875
grid,7,19,0.03332519741807516,True,0.9344191735131802,0.0001964569091796875
grid,7,20,0.5056338137073095,True,0.9344191735131802,0.0001964569091796875
grid,8,1,0.5056338137073095,True,0.5056338137073095,0.0001475811004638672
grid,8,2,0.5970740790099066,True,0.5970740790099066,0.0001475811004638672
grid,8,3,0.8943188524772598,True,0.8943188524772598,0.0001475811004638672
grid,8,4,0.745976870658311,True,0.8943188524772598,0.0001475811004638672
grid,8,5,0.24209268802307382,True,0.8943188524772598,0.0001475811004638672
grid,8,6,0.07268052678808923,True,0.8943188524772598,0.0001475811004638672
grid,8,7,0.02398612100034947,True,0.8943188524772598,0.0001475811004638672
grid,8,8,0.3933680163941773,True,0.8943188524772598,0.0001475811004638672
grid,8,9,0.03332519741807516,True,0.8943188524772598,0.0001475811004638672
grid,8,10,0.5742952927809027,True,0.8943188524772598,0.0001475811004638672
grid,8,11,0.3802702098892089,True,0.8943188524772598,0.0001475811004638672
grid,8,12,0.0,True,0.8943188524772598,0.0001475811004638672
grid,8,13,0.10085452363824832,True,0.8943188524772598,0.0001475811004638672
grid,8,14,0.19857016195433586,True,0.8943188524772598,0.0001475811004638672
grid,8,15,0.48106023836545386,True,0.8943188524772598,0.0001475811004638672
grid,8,16,0.0,True,0.8943188524772598,0.0001475811004638672
grid,8,17,0.884550944733753,True,0.8943188524772598,0.0001475811004638672
grid,8,18,0.34976497692840497,True,0.8943188524772598,0.0001475811004638672
grid,8,19,0.20098632015006584,True,0.8943188524772598,0.0001475811004638672
grid,8,20,0.042788066474766184,True,0.8943188524772598,0.0001475811004638672
grid,9,1,0.3944693664618778,True,0.3944693664618778,0.00015401840209960938
grid,9,2,0.48106023836545386,True,0.48106023836545386,0.00015401840209960938
grid,9,3,0.819073656138172,True,0.819073656138172,0.00015401840209960938
grid,9,4,0.0,True,0.819073656138172,0.00015401840209960938
grid,9,5,0.884550944733753,True,0.884550944733753,0.00015401840209960938
grid,9,6,0.042788066474766184,True,0.884550944733753,0.00015401840209960938
grid,9,7,0.24209268802307382,True,0.884550944733753,0.00015401840209960938
grid,9,8,0.3802702098892089,True,0.884550944733753,0.00015401840209960938
grid,9,9,0.20098632015006584,True,0.884550944733753,0.00015401840209960938
grid,9,10,0.0,True,0.884550944733753,0.00015401840209960938
grid,9,11,0.07268052678808923,True,0.884550944733753,0.00015401840209960938
grid,9,12,0.03332519741807516,True,0.884550944733753,0.00015401840209960938
grid,9,13,0.34976497692840497,True,0.884550944733753,0.00015401840209960938
grid,9,14,0.0,True,0.884550944733753,0.00015401840209960938
grid,9,15,0.0,True,0.884550944733753,0.00015401840209960938
grid,9,16,0.9344191735131802,True,0.9344191735131802,0.00015401840209960938
grid,9,17,0.5742952927809027,True,0.9344191735131802,0.00015401840209960938
grid,9,18,0.0,True,0.9344191735131802,0.00015401840209960938
grid,9,19,0.8943188524772598,True,0.9344191735131802,0.00015401840209960938
grid,9,20,0.10085452363824832,True,0.9344191735131802,0.00015401840209960938
grid,10,1,0.819073656138172,True,0.819073656138172,0.00012540817260742188
grid,10,2,0.02398612100034947,True,0.819073656138172,0.00012540817260742188
grid,10,3,0.11037334100579466,True,0.819073656138172,0.00012540817260742188
grid,10,4,0.5970740790099066,True,0.819073656138172,0.00012540817260742188
grid,10,5,0.03332519741807516,True,0.819073656138172,0.00012540817260742188
grid,10,6,0.0,True,0.819073656138172,0.00012540817260742188
grid,10,7,0.884550944733753,True,0.884550944733753,0.00012540817260742188
grid,10,8,0.5742952927809027,True,0.884550944733753,0.00012540817260742188
grid,10,9,0.10085452363824832,True,0.884550944733753,0.00012540817260742188
grid,10,10,0.48106023836545386,True,0.884550944733753,0.00012540817260742188
grid,10,11,0.07268052678808923,True,0.884550944733753,0.00012540817260742188
grid,10,12,0.9344191735131802,True,0.9344191735131802,0.00012540817260742188
grid,10,13,0.8943188524772598,True,0.9344191735131802,0.00012540817260742188
grid,10,14,0.24209268802307382,True,0.9344191735131802,0.00012540817260742188
grid,10,15,0.3944693664618778,True,0.9344191735131802,0.00012540817260742188
grid,10,16,0.0,True,0.9344191735131802,0.00012540817260742188
grid,10,17,0.042788066474766184,True,0.9344191735131802,0.00012540817260742188
grid,10,18,0.745976870658311,True,0.9344191735131802,0.00012540817260742188
grid,10,19,0.34976497692840497,True,0.9344191735131802,0.00012540817260742188
grid,10,20,0.0,True,0.9344191735131802,0.00012540817260742188
grid,11,1,0.0,True,0.0,0.00014019012451171875
grid,11,2,0.5056338137073095,True,0.5056338137073095,0.00014019012451171875
grid,11,3,0.0,True,0.5056338137073095,0.00014019012451171875
grid,11,4,0.10085452363824832,True,0.5056338137073095,0.00014019012451171875
grid,11,5,0.042788066474766184,True,0.5056338137073095,0.00014019012451171875
grid,11,6,0.8943188524772598,True,0.8943188524772598,0.00014019012451171875
grid,11,7,0.20098632015006584,True,0.8943188524772598,0.00014019012451171875
grid,11,8,0.0,True,0.8943188524772598,0.00014019012451171875
grid,11,9,0.34976497692840497,True,0.8943188524772598,0.00014019012451171875
grid,11,10,0.03332519741807516,True,0.8943188524772598,0.00014019012451171875
grid,11,11,0.745976870658311,True,0.8943188524772598,0.00014019012451171875
grid,11,12,0.9344191735131802,True,0.9344191735131802,0.00014019012451171875
grid,11,13,0.3933680163941773,True,0.9344191735131802,0.00014019012451171875
grid,11,14,0.24209268802307382,True,0.9344191735131802,0.00014019012451171875
grid,11,15,0.02398612100034947,True,0.9344191735131802,0.00014019012451171875
grid,11,16,0.884550944733753,True,0.9344191735131802,0.00014019012451171875
grid,11,17,0.3802702098892089,True,0.9344191735131802,0.00014019012451171875
grid,11,18,0.5742952927809027,True,0.9344191735131802,0.00014019012451171875
grid,11,19,0.0,True,0.9344191735131802,0.00014019012451171875
grid,11,20,0.48106023836545386,True,0.9344191735131802,0.00014019012451171875
grid,12,1,0.0,True,0.0,0.0001475811004638672
grid,12,2,0.10085452363824832,True,0.10085452363824832,0.0001475811004638672
grid,12,3,0.5056338137073095,True,0.5056338137073095,0.0001475811004638672
grid,12,4,0.884550944733753,True,0.884550944733753,0.0001475811004638672
grid,12,5,0.042788066474766184,True,0.884550944733753,0.0001475811004638672
grid,12,6,0.48106023836545386,True,0.884550944733753,0.0001475811004638672
grid,12,7,0.07268052678808923,True,0.884550944733753,0.0001475811004638672
grid,12,8,0.3944693664618778,True,0.884550944733753,0.0001475811004638672
grid,12,9,0.24209268802307382,True,0.884550944733753,0.0001475811004638672
grid,12,10,0.0,True,0.884550944733753,0.0001475811004638672
grid,12,11,0.0,True,0.884550944733753,0.0001475811004638672
grid,12,12,0.0,True,0.884550944733753,0.0001475811004638672
grid,12,13,0.03332519741807516,True,0.884550944733753,0.0001475811004638672
grid,12,14,0.745976870658311,True,0.884550944733753,0.0001475811004638672
grid,12,15,0.02398612100034947,True,0.884550944733753,0.0001475811004638672
grid,12,16,0.5970740790099066,True,0.884550944733753,0.0001475811004638672
grid,12,17,0.3933680163941773,True,0.884550944733753,0.0001475811004638672
grid,12,18,0.3802702098892089,True,0.884550944733753,0.0001475811004638672
grid,12,19,0.19857016195433586,True,0.884550944733753,0.0001475811004638672
grid,12,20,0.34976497692840497,True,0.884550944733753,0.0001475811004638672
grid,13,1,0.9344191735131802,True,0.9344191735131802,0.00012254714965820312
grid,13,2,0.34976497692840497,True,0.9344191735131802,0.00012254714965820312
grid,13,3,0.0,True,0.9344191735131802,0.00012254714965820312
grid,13,4,0.819073656138172,True,0.9344191735131802,0.00012254714965820312
grid,13,5,0.5742952927809027,True,0.9344191735131802,0.00012254714965820312
grid,13,6,0.07268052678808923,True,0.9344191735131802,0.00012254714965820312
grid,13,7,0.5970740790099066,True,0.9344191735131802,0.00012254714965820312
grid,13,8,0.0,True,0.9344191735131802,0.00012254714965820312
grid,13,9,0.03332519741807516,True,0.9344191735131802,0.00012254714965820312
grid,13,10,0.3944693664618778,True,0.9344191735131802,0.00012254714965820312
grid,13,11,0.48106023836545386,True,0.9344191735131802,0.00012254714965820312
grid,13,12,0.0,True,0.9344191735131802,0.00012254714965820312
grid,13,13,0.884550944733753,True,0.9344191735131802,0.00012254714965820312
grid,13,14,0.0,True,0.9344191735131802,0.00012254714965820312
grid,13,15,0.745976870658311,True,0.9344191735131802,0.00012254714965820312
grid,13,16,0.10085452363824832,True,0.9344191735131802,0.00012254714965820312
grid,13,17,0.24209268802307382,True,0.9344191735131802,0.00012254714965820312
grid,13,18,0.02398612100034947,True,0.9344191735131802,0.00012254714965820312
grid,13,19,0.042788066474766184,True,0.9344191735131802,0.00012254714965820312
grid,13,20,0.5056338137073095,True,0.9344191735131802,0.00012254714965820312
grid,14,1,0.34976497692840497,True,0.34976497692840497,0.00012135505676269531
grid,14,2,0.19857016195433586,True,0.34976497692840497,0.00012135505676269531
grid,14,3,0.11037334100579466,True,0.34976497692840497,0.00012135505676269531
grid,14,4,0.0,True,0.34976497692840497,0.00012135505676269531
grid,14,5,0.0,True,0.34976497692840497,0.00012135505676269531
grid,14,6,0.0,True,0.34976497692840497,0.00012135505676269531
grid,14,7,0.042788066474766184,True,0.34976497692840497,0.00012135505676269531
grid,14,8,0.3802702098892089,True,0.3802702098892089,0.00012135505676269531
grid,14,9,0.8943188524772598,True,0.8943188524772598,0.00012135505676269531
grid,14,10,0.3933680163941773,True,0.8943188524772598,0.00012135505676269531
grid,14,11,0.20098632015006584,True,0.8943188524772598,0.00012135505676269531
grid,14,12,0.07268052678808923,True,0.8943188524772598,0.00012135505676269531
grid,14,13,0.24209268802307382,True,0.8943188524772598,0.00012135505676269531
grid,14,14,0.9344191735131802,True,0.9344191735131802,0.00012135505676269531
grid,14,15,0.03332519741807516,True,0.9344191735131802,0.00012135505676269531
grid,14,16,0.0,True,0.9344191735131802,0.00012135505676269531
grid,14,17,0.5742952927809027,True,0.9344191735131802,0.00012135505676269531
grid,14,18,0.5056338137073095,True,0.9344191735131802,0.00012135505676269531
grid,14,19,0.02398612100034947,True,0.9344191735131802,0.00012135505676269531
grid,14,20,0.48106023836545386,True,0.9344191735131802,0.00012135505676269531
grid,15,1,0.745976870658311,True,0.745976870658311,0.00015044212341308594
grid,15,2,0.19857016195433586,True,0.745976870658311,0.00015044212341308594
grid,15,3,0.819073656138172,True,0.819073656138172,0.00015044212341308594
grid,15,4,0.0,True,0.819073656138172,0.00015044212341308594
grid,15,5,0.20098632015006584,True,0.819073656138172,0.00015044212341308594
grid,15,6,0.3944693664618778,True,0.819073656138172,0.00015044212341308594
grid,15,7,0.24209268802307382,True,0.819073656138172,0.00015044212341308594
grid,15,8,0.34976497692840497,True,0.819073656138172,0.00015044212341308594
grid,15,9,0.5056338137073095,True,0.819073656138172,0.00015044212341308594
grid,15,10,0.8943188524772598,True,0.8943188524772598,0.00015044212341308594
grid,15,11,0.5742952927809027,True,0.8943188524772598,0.00015044212341308594
grid,15,12,0.9344191735131802,True,0.9344191735131802,0.00015044212341308594
grid,15,13,0.07268052678808923,True,0.9344191735131802,0.00015044212341308594
grid,15,14,0.0,True,0.9344191735131802,0.00015044212341308594
grid,15,15,0.3802702098892089,True,0.9344191735131802,0.00015044212341308594
grid,15,16,0.0,True,0.9344191735131802,0.00015044212341308594
grid,15,17,0.884550944733753,True,0.9344191735131802,0.00015044212341308594
grid,15,18,0.11037334100579466,True,0.9344191735131802,0.00015044212341308594
grid,15,19,0.03332519741807516,True,0.9344191735131802,0.00015044212341308594
grid,15,20,0.02398612100034947,True,0.9344191735131802,0.00015044212341308594
grid,16,1,0.5742952927809027,True,0.5742952927809027,0.00015354156494140625
grid,16,2,0.5970740790099066,True,0.5970740790099066,0.00015354156494140625
grid,16,3,0.0,True,0.5970740790099066,0.00015354156494140625
grid,16,4,0.5056338137073095,True,0.5970740790099066,0.00015354156494140625
grid,16,5,0.819073656138172,True,0.819073656138172,0.00015354156494140625
grid,16,6,0.3933680163941773,True,0.819073656138172,0.00015354156494140625
grid,16,7,0.8943188524772598,True,0.8943188524772598,0.00015354156494140625
grid,16,8,0.48106023836545386,True,0.8943188524772598,0.00015354156494140625
grid,16,9,0.07268052678808923,True,0.8943188524772598,0.00015354156494140625
grid,16,10,0.0,True,0.8943188524772598,0.00015354156494140625
grid,16,11,0.9344191735131802,True,0.9344191735131802,0.00015354156494140625
grid,16,12,0.24209268802307382,True,0.9344191735131802,0.00015354156494140625
grid,16,13,0.34976497692840497,True,0.9344191735131802,0.00015354156494140625
grid,16,14,0.0,True,0.9344191735131802,0.00015354156494140625
grid,16,15,0.745976870658311,True,0.9344191735131802,0.00015354156494140625
grid,16,16,0.0,True,0.9344191735131802,0.00015354156494140625
grid,16,17,0.0,True,0.9344191735131802,0.00015354156494140625
grid,16,18,0.10085452363824832,True,0.9344191735131802,0.00015354156494140625
grid,16,19,0.03332519741807516,True,0.9344191735131802,0.00015354156494140625
grid,16,20,0.19857016195433586,True,0.9344191735131802,0.00015354156494140625
grid,17,1,0.34976497692840497,True,0.34976497692840497,0.0001277923583984375
grid,17,2,0.5970740790099066,True,0.5970740790099066,0.0001277923583984375
grid,17,3,0.819073656138172,True,0.819073656138172,0.0001277923583984375
grid,17,4,0.10085452363824832,True,0.819073656138172,0.0001277923583984375
grid,17,5,0.48106023836545386,True,0.819073656138172,0.0001277923583984375
grid,17,6,0.02398612100034947,True,0.819073656138172,0.0001277923583984375
grid,17,7,0.03332519741807516,True,0.819073656138172,0.0001277923583984375
grid,17,8,0.042788066474766184,True,0.819073656138172,0.0001277923583984375
grid,17,9,0.3933680163941773,True,0.819073656138172,0.0001277923583984375
grid,17,10,0.884550944733753,True,0.884550944733753,0.0001277923583984375
grid,17,11,0.24209268802307382,True,0.884550944733753,0.0001277923583984375
grid,17,12,0.0,True,0.884550944733753,0.0001277923583984375
grid,17,13,0.07268052678808923,True,0.884550944733753,0.0001277923583984375
grid,17,14,0.0,True,0.884550944733753,0.0001277923583984375
grid,17,15,0.5742952927809027,True,0.884550944733753,0.0001277923583984375
grid,17,16,0.0,True,0.884550944733753,0.0001277923583984375
grid,17,17,0.745976870658311,True,0.884550944733753,0.0001277923583984375
grid,17,18,0.3944693664618778,True,0.884550944733753,0.0001277923583984375
grid,17,19,0.20098632015006584,True,0.884550944733753,0.0001277923583984375
grid,17,20,0.0,True,0.884550944733753,0.0001277923583984375
grid,18,1,0.02398612100034947,True,0.02398612100034947,0.00016117095947265625
grid,18,2,0.3933680163941773,True,0.3933680163941773,0.00016117095947265625
grid,18,3,0.0,True,0.3933680163941773,0.00016117095947265625
grid,18,4,0.0,True,0.3933680163941773,0.00016117095947265625
grid,18,5,0.03332519741807516,True,0.3933680163941773,0.00016117095947265625
grid,18,6,0.819073656138172,True,0.819073656138172,0.00016117095947265625
grid,18,7,0.0,True,0.819073656138172,0.00016117095947265625
grid,18,8,0.10085452363824832,True,0.819073656138172,0.00016117095947265625
grid,18,9,0.5742952927809027,True,0.819073656138172,0.00016117095947265625
grid,18,10,0.20098632015006584,True,0.819073656138172,0.00016117095947265625
grid,18,11,0.9344191735131802,True,0.9344191735131802,0.00016117095947265625
grid,18,12,0.3802702098892089,True,0.9344191735131802,0.00016117095947265625
grid,18,13,0.34976497692840497,True,0.9344191735131802,0.00016117095947265625
grid,18,14,0.8943188524772598,True,0.9344191735131802,0.00016117095947265625
grid,18,15,0.3944693664618778,True,0.9344191735131802,0.00016117095947265625
grid,18,16,0.48106023836545386,True,0.9344191735131802,0.00016117095947265625
grid,18,17,0.07268052678808923,True,0.9344191735131802,0.00016117095947265625
grid,18,18,0.0,True,0.9344191735131802,0.00016117095947265625
grid,18,19,0.042788066474766184,True,0.9344191735131802,0.00016117095947265625
grid,18,20,0.5056338137073095,True,0.9344191735131802,0.00016117095947265625
grid,19,1,0.9344191735131802,True,0.9344191735131802,0.0001239776611328125
grid,19,2,0.19857016195433586,True,0.9344191735131802,0.0001239776611328125
grid,19,3,0.0,True,0.9344191735131802,0.0001239776611328125
grid,19,4,0.5742952927809027,True,0.9344191735131802,0.0001239776611328125
grid,19,5,0.0,True,0.9344191735131802,0.0001239776611328125
grid,19,6,0.20098632015006584,True,0.9344191735131802,0.0001239776611328125
grid,19,7,0.819073656138172,True,0.9344191735131802,0.0001239776611328125
grid,19,8,0.3933680163941773,True,0.9344191735131802,0.0001239776611328125
grid,19,9,0.8943188524772598,True,0.9344191735131802,0.0001239776611328125
grid,19,10,0.10085452363824832,True,0.9344191735131802,0.0001239776611328125
grid,19,11,0.34976497692840497,True,0.9344191735131802,0.0001239776611328125
grid,19,12,0.0,True,0.9344191735131802,0.0001239776611328125
grid,19,13,0.24209268802307382,True,0.9344191735131802,0.0001239776611328125
grid,19,14,0.042788066474766184,True,0.9344191735131802,0.0001239776611328125
grid,19,15,0.3944693664618778,True,0.9344191735131802,0.0001239776611328125
grid,19,16,0.884550944733753,True,0.9344191735131802,0.0001239776611328125
grid,19,17,0.0,True,0.9344191735131802,0.0001239776611328125
grid,19,18,0.07268052678808923,True,0.9344191735131802,0.0001239776611328125
grid,19,19,0.48106023836545386,True,0.9344191735131802,0.0001239776611328125
grid,19,20,0.03332519741807516,True,0.9344191735131802,0.0001239776611328125
grid,20,1,0.34976497692840497,True,0.34976497692840497,0.00011348724365234375
grid,20,2,0.02398612100034947,True,0.34976497692840497,0.00011348724365234375
grid,20,3,0.10085452363824832,True,0.34976497692840497,0.00011348724365234375
grid,20,4,0.3933680163941773,True,0.3933680163941773,0.00011348724365234375
grid,20,5,0.9344191735131802,True,0.9344191735131802,0.00011348724365234375
grid,20,6,0.11037334100579466,True,0.9344191735131802,0.00011348724365234375
grid,20,7,0.0,True,0.9344191735131802,0.00011348724365234375
grid,20,8,0.3802702098892089,True,0.9344191735131802,0.00011348724365234375
grid,20,9,0.24209268802307382,True,0.9344191735131802,0.00011348724365234375
grid,20,10,0.0,True,0.9344191735131802,0.00011348724365234375
grid,20,11,0.884550944733753,True,0.9344191735131802,0.00011348724365234375
grid,20,12,0.0,True,0.9344191735131802,0.00011348724365234375
grid,20,13,0.5742952927809027,True,0.9344191735131802,0.00011348724365234375
grid,20,14,0.48106023836545386,True,0.9344191735131802,0.00011348724365234375
grid,20,15,0.5056338137073095,True,0.9344191735131802,0.00011348724365234375
grid,20,16,0.042788066474766184,True,0.9344191735131802,0.00011348724365234375
grid,20,17,0.03332519741807516,True,0.9344191735131802,0.00011348724365234375
grid,20,18,0.5970740790099066,True,0.9344191735131802,0.00011348724365234375
grid,20,19,0.0,True,0.9344191735131802,0.00011348724365234375
grid,20,20,0.0,True,0.9344191735131802,0.00011348724365234375
grid,21,1,0.20098632015006584,True,0.20098632015006584,0.00012183189392089844
grid,21,2,0.3933680163941773,True,0.3933680163941773,0.00012183189392089844
grid,21,3,0.07268052678808923,True,0.3933680163941773,0.00012183189392089844
grid,21,4,0.0,True,0.3933680163941773,0.00012183189392089844
grid,21,5,0.02398612100034947,True,0.3933680163941773,0.00012183189392089844
grid,21,6,0.0,True,0.3933680163941773,0.00012183189392089844
grid,21,7,0.5742952927809027,True,0.5742952927809027,0.00012183189392089844
grid,21,8,0.34976497692840497,True,0.5742952927809027,0.00012183189392089844
grid,21,9,0.19857016195433586,True,0.5742952927809027,0.00012183189392089844
grid,21,10,0.884550944733753,True,0.884550944733753,0.00012183189392089844
grid,21,11,0.03332519741807516,True,0.884550944733753,0.00012183189392089844
grid,21,12,0.819073656138172,True,0.884550944733753,0.00012183189392089844
grid,21,13,0.0,True,0.884550944733753,0.00012183189392089844
grid,21,14,0.8943188524772598,True,0.8943188524772598,0.00012183189392089844
grid,21,15,0.24209268802307382,True,0.8943188524772598,0.00012183189392089844
grid,21,16,0.3802702098892089,True,0.8943188524772598,0.00012183189392089844
grid,21,17,0.0,True,0.8943188524772598,0.00012183189392089844
grid,21,18,0.745976870658311,True,0.8943188524772598,0.00012183189392089844
grid,21,19,0.11037334100579466,True,0.8943188524772598,0.00012183189392089844
grid,21,20,0.5056338137073095,True,0.8943188524772598,0.00012183189392089844
grid,22,1,0.48106023836545386,True,0.48106023836545386,0.00016188621520996094
grid,22,2,0.34976497692840497,True,0.48106023836545386,0.00016188621520996094
grid,22,3,0.0,True,0.48106023836545386,0.00016188621520996094
grid,22,4,0.3944693664618778,True,0.48106023836545386,0.00016188621520996094
grid,22,5,0.5056338137073095,True,0.5056338137073095,0.00016188621520996094
grid,22,6,0.884550944733753,True,0.884550944733753,0.00016188621520996094
grid,22,7,0.0,True,0.884550944733753,0.00016188621520996094
grid,22,8,0.9344191735131802,True,0.9344191735131802,0.00016188621520996094
grid,22,9,0.10085452363824832,True,0.9344191735131802,0.00016188621520996094
grid,22,10,0.24209268802307382,True,0.9344191735131802,0.00016188621520996094
grid,22,11,0.0,True,0.9344191735131802,0.00016188621520996094
grid,22,12,0.819073656138172,True,0.9344191735131802,0.00016188621520996094
grid,22,13,0.20098632015006584,True,0.9344191735131802,0.00016188621520996094
grid,22,14,0.07268052678808923,True,0.9344191735131802,0.00016188621520996094
grid,22,15,0.5970740790099066,True,0.9344191735131802,0.00016188621520996094
grid,22,16,0.0,True,0.9344191735131802,0.00016188621520996094
grid,22,17,0.11037334100579466,True,0.9344191735131802,0.00016188621520996094
grid,22,18,0.5742952927809027,True,0.9344191735131802,0.00016188621520996094
grid,22,19,0.0,True,0.9344191735131802,0.00016188621520996094
grid,22,20,0.02398612100034947,True,0.9344191735131802,0.00016188621520996094
grid,23,1,0.48106023836545386,True,0.48106023836545386,0.00012135505676269531
grid,23,2,0.0,True,0.48106023836545386,0.00012135505676269531
grid,23,3,0.07268052678808923,True,0.48106023836545386,0.00012135505676269531
grid,23,4,0.20098632015006584,True,0.48106023836545386,0.00012135505676269531
grid,23,5,0.745976870658311,True,0.745976870658311,0.00012135505676269531
grid,23,6,0.3933680163941773,True,0.745976870658311,0.00012135505676269531
grid,23,7,0.3802702098892089,True,0.745976870658311,0.00012135505676269531
grid,23,8,0.8943188524772598,True,0.8943188524772598,0.00012135505676269531
grid,23,9,0.9344191735131802,True,0.9344191735131802,0.00012135505676269531
grid,23,10,0.10085452363824832,True,0.9344191735131802,0.00012135505676269531
grid,23,11,0.5742952927809027,True,0.9344191735131802,0.00012135505676269531
grid,23,12,0.11037334100579466,True,0.9344191735131802,0.00012135505676269531
grid,23,13,0.02398612100034947,True,0.9344191735131802,0.00012135505676269531
grid,23,14,0.19857016195433586,True,0.9344191735131802,0.00012135505676269531
grid,23,15,0.0,True,0.9344191735131802,0.00012135505676269531
grid,23,16,0.884550944733753,True,0.9344191735131802,0.00012135505676269531
grid,23,17,0.0,True,0.9344191735131802,0.00012135505676269531
grid,23,18,0.042788066474766184,True,0.9344191735131802,0.00012135505676269531
grid,23,19,0.5970740790099066,True,0.9344191735131802,0.00012135505676269531
grid,23,20,0.24209268802307382,True,0.9344191735131802,0.00012135505676269531
grid,24,1,0.48106023836545386,True,0.48106023836545386,0.0001862049102783203
grid,24,2,0.5742952927809027,True,0.5742952927809027,0.0001862049102783203
grid,24,3,0.0,True,0.5742952927809027,0.0001862049102783203
grid,24,4,0.5056338137073095,True,0.5742952927809027,0.0001862049102783203
grid,24,5,0.8943188524772598,True,0.8943188524772598,0.0001862049102783203
grid,24,6,0.884550944733753,True,0.8943188524772598,0.0001862049102783203
grid,24,7,0.34976497692840497,True,0.8943188524772598,0.0001862049102783203
grid,24,8,0.03332519741807516,True,0.8943188524772598,0.0001862049102783203
grid,24,9,0.819073656138172,True,0.8943188524772598,0.0001862049102783203
grid,24,10,0.02398612100034947,True,0.8943188524772598,0.0001862049102783203
grid,24,11,0.11037334100579466,True,0.8943188524772598,0.0001862049102783203
grid,24,12,0.5970740790099066,True,0.8943188524772598,0.0001862049102783203
grid,24,13,0.0,True,0.8943188524772598,0.0001862049102783203
grid,24,14,0.19857016195433586,True,0.8943188524772598,0.0001862049102783203
grid,24,15,0.10085452363824832,True,0.8943188524772598,0.0001862049102783203
grid,24,16,0.20098632015006584,True,0.8943188524772598,0.0001862049102783203
grid,24,17,0.0,True,0.8943188524772598,0.0001862049102783203
grid,24,18,0.0,True,0.8943188524772598,0.0001862049102783203
grid,24,19,0.24209268802307382,True,0.8943188524772598,0.0001862049102783203
grid,24,20,0.042788066474766184,True,0.8943188524772598,0.0001862049102783203
grid,25,1,0.24209268802307382,True,0.24209268802307382,0.00012731552124023438
grid,25,2,0.0,True,0.24209268802307382,0.00012731552124023438
grid,25,3,0.48106023836545386,True,0.48106023836545386,0.00012731552124023438
grid,25,4,0.07268052678808923,True,0.48106023836545386,0.00012731552124023438
grid,25,5,0.3933680163941773,True,0.48106023836545386,0.00012731552124023438
grid,25,6,0.8943188524772598,True,0.8943188524772598,0.00012731552124023438
grid,25,7,0.3802702098892089,True,0.8943188524772598,0.00012731552124023438
grid,25,8,0.0,True,0.8943188524772598,0.00012731552124023438
grid,25,9,0.5056338137073095,True,0.8943188524772598,0.00012731552124023438
grid,25,10,0.5742952927809027,True,0.8943188524772598,0.00012731552124023438
grid,25,11,0.11037334100579466,True,0.8943188524772598,0.00012731552124023438
grid,25,12,0.884550944733753,True,0.8943188524772598,0.00012731552124023438
grid,25,13,0.03332519741807516,True,0.8943188524772598,0.00012731552124023438
grid,25,14,0.745976870658311,True,0.8943188524772598,0.00012731552124023438
grid,25,15,0.042788066474766184,True,0.8943188524772598,0.00012731552124023438
grid,25,16,0.02398612100034947,True,0.8943188524772598,0.00012731552124023438
grid,25,17,0.0,True,0.8943188524772598,0.00012731552124023438
grid,25,18,0.19857016195433586,True,0.8943188524772598,0.00012731552124023438
grid,25,19,0.10085452363824832,True,0.8943188524772598,0.00012731552124023438
grid,25,20,0.0,True,0.8943188524772598,0.00012731552124023438
grid,26,1,0.042788066474766184,True,0.042788066474766184,0.0001246929168701172
grid,26,2,0.11037334100579466,True,0.11037334100579466,0.0001246929168701172
grid,26,3,0.07268052678808923,True,0.11037334100579466,0.0001246929168701172
grid,26,4,0.0,True,0.11037334100579466,0.0001246929168701172
grid,26,5,0.20098632015006584,True,0.20098632015006584,0.0001246929168701172
grid,26,6,0.34976497692840497,True,0.34976497692840497,0.0001246929168701172
grid,26,7,0.0,True,0.34976497692840497,0.0001246929168701172
grid,26,8,0.0,True,0.34976497692840497,0.0001246929168701172
grid,26,9,0.745976870658311,True,0.745976870658311,0.0001246929168701172
grid,26,10,0.03332519741807516,True,0.745976870658311,0.0001246929168701172
grid,26,11,0.3933680163941773,True,0.745976870658311,0.0001246929168701172
grid,26,12,0.02398612100034947,True,0.745976870658311,0.0001246929168701172
grid,26,13,0.3944693664618778,True,0.745976870658311,0.0001246929168701172
grid,26,14,0.24209268802307382,True,0.745976870658311,0.0001246929168701172
grid,26,15,0.819073656138172,True,0.819073656138172,0.0001246929168701172
grid,26,16,0.19857016195433586,True,0.819073656138172,0.0001246929168701172
grid,26,17,0.0,True,0.819073656138172,0.0001246929168701172
grid,26,18,0.5970740790099066,True,0.819073656138172,0.0001246929168701172
grid,26,19,0.8943188524772598,True,0.8943188524772598,0.0001246929168701172
grid,26,20,0.48106023836545386,True,0.8943188524772598,0.0001246929168701172
grid,27,1,0.24209268802307382,True,0.24209268802307382,0.0001957416534423828
grid,27,2,0.20098632015006584,True,0.24209268802307382,0.0001957416534423828
grid,27,3,0.34976497692840497,True,0.34976497692840497,0.0001957416534423828
grid,27,4,0.02398612100034947,True,0.34976497692840497,0.0001957416534423828
grid,27,5,0.07268052678808923,True,0.34976497692840497,0.0001957416534423828
grid,27,6,0.884550944733753,True,0.884550944733753,0.0001957416534423828
grid,27,7,0.819073656138172,True,0.884550944733753,0.0001957416534423828
grid,27,8,0.3802702098892089,True,0.884550944733753,0.0001957416534423828
grid,27,9,0.8943188524772598,True,0.8943188524772598,0.0001957416534423828
grid,27,10,0.9344191735131802,True,0.9344191735131802,0.0001957416534423828
grid,27,11,0.5742952927809027,True,0.9344191735131802,0.0001957416534423828
grid,27,12,0.11037334100579466,True,0.9344191735131802,0.0001957416534423828
grid,27,13,0.48106023836545386,True,0.9344191735131802,0.0001957416534423828
grid,27,14,0.0,True,0.9344191735131802,0.0001957416534423828
grid,27,15,0.5970740790099066,True,0.9344191735131802,0.0001957416534423828
grid,27,16,0.745976870658311,True,0.9344191735131802,0.0001957416534423828
grid,27,17,0.0,True,0.9344191735131802,0.0001957416534423828
grid,27,18,0.0,True,0.9344191735131802,0.0001957416534423828
grid,27,19,0.19857016195433586,True,0.9344191735131802,0.0001957416534423828
grid,27,20,0.0,True,0.9344191735131802,0.0001957416534423828
grid,28,1,0.10085452363824832,True,0.10085452363824832,0.00013875961303710938
grid,28,2,0.0,True,0.10085452363824832,0.00013875961303710938
grid,28,3,0.819073656138172,True,0.819073656138172,0.00013875961303710938
grid,28,4,0.3802702098892089,True,0.819073656138172,0.00013875961303710938
grid,28,5,0.34976497692840497,True,0.819073656138172,0.00013875961303710938
grid,28,6,0.042788066474766184,True,0.819073656138172,0.00013875961303710938
grid,28,7,0.5742952927809027,True,0.819073656138172,0.00013875961303710938
grid,28,8,0.20098632015006584,True,0.819073656138172,0.00013875961303710938
grid,28,9,0.0,True,0.819073656138172,0.00013875961303710938
grid,28,10,0.884550944733753,True,0.884550944733753,0.00013875961303710938
grid,28,11,0.9344191735131802,True,0.9344191735131802,0.00013875961303710938
grid,28,12,0.3944693664618778,True,0.9344191735131802,0.00013875961303710938
grid,28,13,0.3933680163941773,True,0.9344191735131802,0.00013875961303710938
grid,28,14,0.02398612100034947,True,0.9344191735131802,0.00013875961303710938
grid,28,15,0.07268052678808923,True,0.9344191735131802,0.00013875961303710938
grid,28,16,0.11037334100579466,True,0.9344191735131802,0.00013875961303710938
grid,28,17,0.0,True,0.9344191735131802,0.00013875961303710938
grid,28,18,0.5056338137073095,True,0.9344191735131802,0.00013875961303710938
grid,28,19,0.03332519741807516,True,0.9344191735131802,0.00013875961303710938
grid,28,20,0.8943188524772598,True,0.9344191735131802,0.00013875961303710938
grid,29,1,0.8943188524772598,True,0.8943188524772598,0.00011897087097167969
grid,29,2,0.5970740790099066,True,0.8943188524772598,0.00011897087097167969
grid,29,3,0.0,True,0.8943188524772598,0.00011897087097167969
grid,29,4,0.3802702098892089,True,0.8943188524772598,0.00011897087097167969
grid,29,5,0.48106023836545386,True,0.8943188524772598,0.00011897087097167969
grid,29,6,0.02398612100034947,True,0.8943188524772598,0.00011897087097167969
grid,29,7,0.11037334100579466,True,0.8943188524772598,0.00011897087097167969
grid,29,8,0.5742952927809027,True,0.8943188524772598,0.00011897087097167969
grid,29,9,0.34976497692840497,True,0.8943188524772598,0.00011897087097167969
grid,29,10,0.03332519741807516,True,0.8943188524772598,0.00011897087097167969
grid,29,11,0.0,True,0.8943188524772598,0.00011897087097167969
grid,29,12,0.745976870658311,True,0.8943188524772598,0.00011897087097167969
grid,29,13,0.0,True,0.8943188524772598,0.00011897087097167969
grid,29,14,0.0,True,0.8943188524772598,0.00011897087097167969
grid,29,15,0.884550944733753,True,0.8943188524772598,0.00011897087097167969
grid,29,16,0.24209268802307382,True,0.8943188524772598,0.00011897087097167969
grid,29,17,0.9344191735131802,True,0.9344191735131802,0.00011897087097167969
grid,29,18,0.819073656138172,True,0.9344191735131802,0.00011897087097167969
grid,29,19,0.0,True,0.9344191735131802,0.00011897087097167969
grid,29,20,0.3933680163941773,True,0.9344191735131802,0.00011897087097167969
lhs,0,1,0.34512684885907396,True,0.34512684885907396,0.0002868175506591797
lhs,0,2,0.0,True,0.34512684885907396,0.0002868175506591797
lhs,0,3,0.0042166697343475334,True,0.34512684885907396,0.0002868175506591797
lhs,0,4,0.20557954332770895,True,0.34512684885907396,0.0002868175506591797
lhs,0,5,0.17343334029813628,True,0.34512684885907396,0.0002868175506591797
lhs,0,6,0.5595435307536696,True,0.5595435307536696,0.0002868175506591797
lhs,0,7,0.4565550960689898,True,0.5595435307536696,0.0002868175506591797
lhs,0,8,0.7191711931358234,True,0.7191711931358234,0.0002868175506591797
lhs,0,9,0.466886545681564,True,0.7191711931358234,0.0002868175506591797
lhs,0,10,0.0,True,0.7191711931358234,0.0002868175506591797
lhs,0,11,0.1249965992578228,True,0.7191711931358234,0.0002868175506591797
lhs,0,12,0.3584466121321598,True,0.7191711931358234,0.0002868175506591797
lhs,0,13,0.23371257415173147,True,0.7191711931358234,0.0002868175506591797
lhs,0,14,0.3385149256818142,True,0.7191711931358234,0.0002868175506591797
lhs,0,15,0.16376102857716662,True,0.7191711931358234,0.0002868175506591797
lhs,0,16,0.6557077115003298,True,0.7191711931358234,0.0002868175506591797
lhs,0,17,0.22687475482313402,True,0.7191711931358234,0.0002868175506591797
lhs,0,18,0.8691683927163507,True,0.8691683927163507,0.0002868175506591797
lhs,0,19,0.5303608628493865,True,0.8691683927163507,0.0002868175506591797
lhs,0,20,0.6547333934706473,True,0.8691683927163507,0.0002868175506591797
lhs,1,1,0.5096886799582059,True,0.5096886799582059,0.00020313262939453125
lhs,1,2,0.2719504304365402,True,0.5096886799582059,0.00020313262939453125
lhs,1,3,0.5417961650090649,True,0.5417961650090649,0.00020313262939453125
lhs,1,4,0.877729975833321,True,0.877729975833321,0.00020313262939453125
lhs,1,5,0.3214531582384412,True,0.877729975833321,0.00020313262939453125
lhs,1,6,0.47188044534273343,True,0.877729975833321,0.00020313262939453125
lhs,1,7,0.6751366737098328,True,0.877729975833321,0.00020313262939453125
lhs,1,8,0.09103215693473454,True,0.877729975833321,0.00020313262939453125
lhs,1,9,0.37162654234002535,True,0.877729975833321,0.00020313262939453125
lhs,1,10,0.24231414372156157,True,0.877729975833321,0.00020313262939453125
lhs,1,11,0.7571625352831451,True,0.877729975833321,0.00020313262939453125
lhs,1,12,0.10429554541910868,True,0.877729975833321,0.00020313262939453125
lhs,1,13,0.545290969675978,True,0.877729975833321,0.00020313262939453125
lhs,1,14,0.07159485610441041,True,0.877729975833321,0.00020313262939453125
lhs,1,15,0.16033783740418506,True,0.877729975833321,0.00020313262939453125
lhs,1,16,0.16497306866712846,True,0.877729975833321,0.00020313262939453125
lhs,1,17,0.0,True,0.877729975833321,0.00020313262939453125
lhs,1,18,0.29168750974008784,True,0.877729975833321,0.00020313262939453125
lhs,1,19,0.17153891859829068,True,0.877729975833321,0.00020313262939453125
lhs,1,20,0.38619030269801674,True,0.877729975833321,0.00020313262939453125
lhs,2,1,0.8993235056411311,True,0.8993235056411311,0.0001823902130126953
lhs,2,2,0.30539388154966185,True,0.8993235056411311,0.0001823902130126953
lhs,2,3,0.7492522610817293,True,0.8993235056411311,0.0001823902130126953
lhs,2,4,0.22824226509774576,True,0.8993235056411311,0.0001823902130126953
lhs,2,5,0.5743203328859696,True,0.8993235056411311,0.0001823902130126953
lhs,2,6,0.5092924239587023,True,0.8993235056411311,0.0001823902130126953
lhs,2,7,0.05140276402305044,True,0.8993235056411311,0.0001823902130126953
lhs,2,8,0.28829089261599317,True,0.8993235056411311,0.0001823902130126953
lhs,2,9,0.6695181185947404,True,0.8993235056411311,0.0001823902130126953
lhs,2,10,0.5157228824200936,True,0.8993235056411311,0.0001823902130126953
lhs,2,11,0.07225785699004528,True,0.8993235056411311,0.0001823902130126953
lhs,2,12,0.12323989982230099,True,0.8993235056411311,0.0001823902130126953
lhs,2,13,0.052933023607620866,True,0.8993235056411311,0.0001823902130126953
lhs,2,14,0.461352745440357,True,0.8993235056411311,0.0001823902130126953
lhs,2,15,0.5147880771596993,True,0.8993235056411311,0.0001823902130126953
lhs,2,16,0.0,True,0.8993235056411311,0.0001823902130126953
lhs,2,17,0.6816077829370224,True,0.8993235056411311,0.0001823902130126953
lhs,2,18,0.44073716637501203,True,0.8993235056411311,0.0001823902130126953
lhs,2,19,0.2002278095230171,True,0.8993235056411311,0.0001823902130126953
lhs,2,20,0.0,True,0.8993235056411311,0.0001823902130126953
lhs,3,1,0.5726811675085703,True,0.5726811675085703,0.0001819133758544922
lhs,3,2,0.3404023322039433,True,0.5726811675085703,0.0001819133758544922
lhs,3,3,0.8961525361668503,True,0.8961525361668503,0.0001819133758544922
lhs,3,4,0.527518271807939,True,0.8961525361668503,0.0001819133758544922
lhs,3,5,0.7843243423218877,True,0.8961525361668503,0.0001819133758544922
lhs,3,6,0.07468584168926562,True,0.8961525361668503,0.0001819133758544922
lhs,3,7,0.0,True,0.8961525361668503,0.0001819133758544922
lhs,3,8,0.29703851792691255,True,0.8961525361668503,0.0001819133758544922
lhs,3,9,0.2480895330149967,True,0.8961525361668503,0.0001819133758544922
lhs,3,10,0.0,True,0.8961525361668503,0.0001819133758544922
lhs,3,11,0.8403129471844917,True,0.8961525361668503,0.0001819133758544922
lhs,3,12,0.04689487701284267,True,0.8961525361668503,0.0001819133758544922
lhs,3,13,0.6907602875651991,True,0.8961525361668503,0.0001819133758544922
lhs,3,14,0.0,True,0.8961525361668503,0.0001819133758544922
lhs,3,15,0.289585663396454,True,0.8961525361668503,0.0001819133758544922
lhs,3,16,0.18755687684183886,True,0.8961525361668503,0.0001819133758544922
lhs,3,17,0.19963365410905493,True,0.8961525361668503,0.0001819133758544922
lhs,3,18,0.20960750101593772,True,0.8961525361668503,0.0001819133758544922
lhs,3,19,0.31989437044040886,True,0.8961525361668503,0.0001819133758544922
lhs,3,20,0.587030431934934,True,0.8961525361668503,0.0001819133758544922
lhs,4,1,0.009909556350859106,True,0.009909556350859106,0.0001735687255859375
lhs,4,2,0.7839162886294702,True,0.7839162886294702,0.0001735687255859375
lhs,4,3,0.4280495860650777,True,0.7839162886294702,0.0001735687255859375
lhs,4,4,0.3424345534450661,True,0.7839162886294702,0.0001735687255859375
lhs,4,5,0.8009185581819325,True,0.8009185581819325,0.0001735687255859375
lhs,4,6,0.0,True,0.8009185581819325,0.0001735687255859375
lhs,4,7,0.6977376580567491,True,0.8009185581819325,0.0001735687255859375
lhs,4,8,0.41818332158172744,True,0.8009185581819325,0.0001735687255859375
lhs,4,9,0.6142765786140143,True,0.8009185581819325,0.0001735687255859375
lhs,4,10,0.5468212016660534,True,0.8009185581819325,0.0001735687255859375
lhs,4,11,0.38462049817324406,True,0.8009185581819325,0.0001735687255859375
lhs,4,12,0.805759854215945,True,0.805759854215945,0.0001735687255859375
lhs,4,13,0.3987338403181321,True,0.805759854215945,0.0001735687255859375
lhs,4,14,0.5439560238052064,True,0.805759854215945,0.0001735687255859375
lhs,4,15,0.0,True,0.805759854215945,0.0001735687255859375
lhs,4,16,0.24457969352878617,True,0.805759854215945,0.0001735687255859375
lhs,4,17,0.15669144217950148,True,0.805759854215945,0.0001735687255859375
lhs,4,18,0.1540315623362712,True,0.805759854215945,0.0001735687255859375
lhs,4,19,0.0,True,0.805759854215945,0.0001735687255859375
lhs,4,20,0.0533650374529,True,0.805759854215945,0.0001735687255859375
lhs,5,1,0.20707788040808195,True,0.20707788040808195,0.0001742839813232422
lhs,5,2,0.35808087895153373,True,0.35808087895153373,0.0001742839813232422
lhs,5,3,0.3338720000789963,True,0.35808087895153373,0.0001742839813232422
lhs,5,4,0.0890895076574717,True,0.35808087895153373,0.0001742839813232422
lhs,5,5,0.39373266086964337,True,0.39373266086964337,0.0001742839813232422
lhs,5,6,0.8402951820554713,True,0.8402951820554713,0.0001742839813232422
lhs,5,7,0.07429780195916647,True,0.8402951820554713,0.0001742839813232422
lhs,5,8,0.4417994465768313,True,0.8402951820554713,0.0001742839813232422
lhs,5,9,0.09490329404045794,True,0.8402951820554713,0.0001742839813232422
lhs,5,10,0.31876800668860933,True,0.8402951820554713,0.0001742839813232422
lhs,5,11,0.06078014430707468,True,0.8402951820554713,0.0001742839813232422
lhs,5,12,0.19109948624135759,True,0.8402951820554713,0.0001742839813232422
lhs,5,13,0.7630068375305891,True,0.8402951820554713,0.0001742839813232422
lhs,5,14,0.0032925804674170944,True,0.8402951820554713,0.0001742839813232422
lhs,5,15,0.8551231340499332,True,0.8551231340499332,0.0001742839813232422
lhs,5,16,0.4664898959398518,True,0.8551231340499332,0.0001742839813232422
lhs,5,17,0.6408756341149259,True,0.8551231340499332,0.0001742839813232422
lhs,5,18,0.07673197414767585,True,0.8551231340499332,0.0001742839813232422
lhs,5,19,0.6085788468175202,True,0.8551231340499332,0.0001742839813232422
lhs,5,20,0.26935664520071156,True,0.8551231340499332,0.0001742839813232422
lhs,6,1,0.0809927801382282,True,0.0809927801382282,0.00026106834411621094
lhs,6,2,0.90560541208177,True,0.90560541208177,0.00026106834411621094
lhs,6,3,0.10519988264600866,True,0.90560541208177,0.00026106834411621094
lhs,6,4,0.6259379905409237,True,0.90560541208177,0.00026106834411621094
lhs,6,5,0.10135078550260779,True,0.90560541208177,0.00026106834411621094
lhs,6,6,0.10174736512595928,True,0.90560541208177,0.00026106834411621094
lhs,6,7,0.5374941724561921,True,0.90560541208177,0.00026106834411621094
lhs,6,8,0.2916450864929849,True,0.90560541208177,0.00026106834411621094
lhs,6,9,0.8845986622920962,True,0.90560541208177,0.00026106834411621094
lhs,6,10,0.05024206003761855,True,0.90560541208177,0.00026106834411621094
lhs,6,11,0.544994440503854,True,0.90560541208177,0.00026106834411621094
lhs,6,12,0.3062072425524155,True,0.90560541208177,0.00026106834411621094
lhs,6,13,0.43686151888533453,True,0.90560541208177,0.00026106834411621094
lhs,6,14,0.01618314916793806,True,0.90560541208177,0.00026106834411621094
lhs,6,15,0.6251270121464813,True,0.90560541208177,0.00026106834411621094
lhs,6,16,0.6609511247793043,True,0.90560541208177,0.00026106834411621094
lhs,6,17,0.03669962621021383,True,0.90560541208177,0.00026106834411621094
lhs,6,18,0.17016539823114502,True,0.90560541208177,0.00026106834411621094
lhs,6,19,0.46059675201909805,True,0.90560541208177,0.00026106834411621094
lhs,6,20,0.07610790594280648,True,0.90560541208177,0.00026106834411621094
lhs,7,1,0.05749031546681105,True,0.05749031546681105,0.00020265579223632812
lhs,7,2,0.10964138329319206,True,0.10964138329319206,0.00020265579223632812
lhs,7,3,0.8391258372914313,True,0.8391258372914313,0.00020265579223632812
lhs,7,4,0.4175053546546855,True,0.8391258372914313,0.00020265579223632812
lhs,7,5,0.08705690096045371,True,0.8391258372914313,0.00020265579223632812
lhs,7,6,0.011987796997225297,True,0.8391258372914313,0.00020265579223632812
lhs,7,7,0.48132492225476686,True,0.8391258372914313,0.00020265579223632812
lhs,7,8,0.4343405868112429,True,0.8391258372914313,0.00020265579223632812
lhs,7,9,0.30619176842990764,True,0.8391258372914313,0.00020265579223632812
lhs,7,10,0.3049237722523464,True,0.8391258372914313,0.00020265579223632812
lhs,7,11,0.25845432372512894,True,0.8391258372914313,0.00020265579223632812
lhs,7,12,0.5499133634937274,True,0.8391258372914313,0.00020265579223632812
lhs,7,13,0.7178524943536915,True,0.8391258372914313,0.00020265579223632812
lhs,7,14,0.0,True,0.8391258372914313,0.00020265579223632812
lhs,7,15,0.06885739804448332,True,0.8391258372914313,0.00020265579223632812
lhs,7,16,0.07150174617518024,True,0.8391258372914313,0.00020265579223632812
lhs,7,17,0.6175286714019123,True,0.8391258372914313,0.00020265579223632812
lhs,7,18,0.728675328305302,True,0.8391258372914313,0.00020265579223632812
lhs,7,19,0.1458145750358003,True,0.8391258372914313,0.00020265579223632812
lhs,7,20,0.7500091745159126,True,0.8391258372914313,0.00020265579223632812
lhs,8,1,0.04877737991400144,True,0.04877737991400144,0.00018548965454101562
lhs,8,2,0.5704903136477835,True,0.5704903136477835,0.00018548965454101562
lhs,8,3,0.8672882925378481,True,0.8672882925378481,0.00018548965454101562
lhs,8,4,0.1340161002919164,True,0.8672882925378481,0.00018548965454101562
lhs,8,5,0.22342074192351613,True,0.8672882925378481,0.00018548965454101562
lhs,8,6,0.3940316216533962,True,0.8672882925378481,0.00018548965454101562
lhs,8,7,0.39943022419303187,True,0.8672882925378481,0.00018548965454101562
lhs,8,8,0.0,True,0.8672882925378481,0.00018548965454101562
lhs,8,9,0.0,True,0.8672882925378481,0.00018548965454101562
lhs,8,10,0.5591572901750108,True,0.8672882925378481,0.00018548965454101562
lhs,8,11,0.09973179930125886,True,0.8672882925378481,0.00018548965454101562
lhs,8,12,0.03223146969159685,True,0.8672882925378481,0.00018548965454101562
lhs,8,13,0.3085479422639642,True,0.8672882925378481,0.00018548965454101562
lhs,8,14,0.33034154327361415,True,0.8672882925378481,0.00018548965454101562
lhs,8,15,0.6591313418362791,True,0.8672882925378481,0.00018548965454101562
lhs,8,16,0.2918381823463646,True,0.8672882925378481,0.00018548965454101562
lhs,8,17,0.7388254257026559,True,0.8672882925378481,0.00018548965454101562
lhs,8,18,0.27930328848980845,True,0.8672882925378481,0.00018548965454101562
lhs,8,19,0.8352076338471448,True,0.8672882925378481,0.00018548965454101562
lhs,8,20,0.5867008488866663,True,0.8672882925378481,0.00018548965454101562
lhs,9,1,0.18127829087430497,True,0.18127829087430497,0.00019741058349609375
lhs,9,2,0.5581451422096866,True,0.5581451422096866,0.00019741058349609375
lhs,9,3,0.6263994889173876,True,0.6263994889173876,0.00019741058349609375
lhs,9,4,0.20959668330418874,True,0.6263994889173876,0.00019741058349609375
lhs,9,5,0.7464695378578211,True,0.7464695378578211,0.00019741058349609375
lhs,9,6,0.0035040306136235877,True,0.7464695378578211,0.00019741058349609375
lhs,9,7,0.2857293627715659,True,0.7464695378578211,0.00019741058349609375
lhs,9,8,0.35863208160221793,True,0.7464695378578211,0.00019741058349609375
lhs,9,9,0.6084118116906787,True,0.7464695378578211,0.00019741058349609375
lhs,9,10,0.08517710731691008,True,0.7464695378578211,0.00019741058349609375
lhs,9,11,0.8029651435398261,True,0.8029651435398261,0.00019741058349609375
lhs,9,12,0.030446648592720615,True,0.8029651435398261,0.00019741058349609375
lhs,9,13,0.0,True,0.8029651435398261,0.00019741058349609375
lhs,9,14,0.1629701328558475,True,0.8029651435398261,0.00019741058349609375
lhs,9,15,0.18796626962698754,True,0.8029651435398261,0.00019741058349609375
lhs,9,16,0.6345965307572317,True,0.8029651435398261,0.00019741058349609375
lhs,9,17,0.22610226149425178,True,0.8029651435398261,0.00019741058349609375
lhs,9,18,0.8198056358674998,True,0.8198056358674998,0.00019741058349609375
lhs,9,19,0.4242213993368879,True,0.8198056358674998,0.00019741058349609375
lhs,9,20,0.0,True,0.8198056358674998,0.00019741058349609375
lhs,10,1,0.4378540827412149,True,0.4378540827412149,0.00018024444580078125
lhs,10,2,0.1764814363308717,True,0.4378540827412149,0.00018024444580078125
lhs,10,3,0.8406878021023774,True,0.8406878021023774,0.00018024444580078125
lhs,10,4,0.6509495595755501,True,0.8406878021023774,0.00018024444580078125
lhs,10,5,0.13277175909523758,True,0.8406878021023774,0.00018024444580078125
lhs,10,6,0.5250457262299435,True,0.8406878021023774,0.00018024444580078125
lhs,10,7,0.860105371707085,True,0.860105371707085,0.00018024444580078125
lhs,10,8,0.15466637505550535,True,0.860105371707085,0.00018024444580078125
lhs,10,9,0.07189236755065109,True,0.860105371707085,0.00018024444580078125
lhs,10,10,0.3765707597974654,True,0.860105371707085,0.00018024444580078125
lhs,10,11,0.24417137936009592,True,0.860105371707085,0.00018024444580078125
lhs,10,12,0.2560029259444307,True,0.860105371707085,0.00018024444580078125
lhs,10,13,0.5096589903317311,True,0.860105371707085,0.00018024444580078125
lhs,10,14,0.050672586140826814,True,0.860105371707085,0.00018024444580078125
lhs,10,15,0.3456390355879957,True,0.860105371707085,0.00018024444580078125
lhs,10,16,0.0,True,0.860105371707085,0.00018024444580078125
lhs,10,17,0.3123305881627214,True,0.860105371707085,0.00018024444580078125
lhs,10,18,0.07835920837677413,True,0.860105371707085,0.00018024444580078125
lhs,10,19,0.8354962471940853,True,0.860105371707085,0.00018024444580078125
lhs,10,20,0.03315809902283229,True,0.860105371707085,0.00018024444580078125
lhs,11,1,0.23398524221868133,True,0.23398524221868133,0.00018739700317382812
lhs,11,2,0.3839826988941208,True,0.3839826988941208,0.00018739700317382812
lhs,11,3,0.5472260206130944,True,0.5472260206130944,0.00018739700317382812
lhs,11,4,0.6009084756016252,True,0.6009084756016252,0.00018739700317382812
lhs,11,5,0.0,True,0.6009084756016252,0.00018739700317382812
lhs,11,6,0.522926019074913,True,0.6009084756016252,0.00018739700317382812
lhs,11,7,0.00868489450229426,True,0.6009084756016252,0.00018739700317382812
lhs,11,8,0.7539910113352168,True,0.7539910113352168,0.00018739700317382812
lhs,11,9,0.6315109693938845,True,0.7539910113352168,0.00018739700317382812
lhs,11,10,0.6574926577610828,True,0.7539910113352168,0.00018739700317382812
lhs,11,11,0.031086458441045184,True,0.7539910113352168,0.00018739700317382812
lhs,11,12,0.7376209136281764,True,0.7539910113352168,0.00018739700317382812
lhs,11,13,0.5484371837497685,True,0.7539910113352168,0.00018739700317382812
lhs,11,14,0.4969963668951425,True,0.7539910113352168,0.00018739700317382812
lhs,11,15,0.04970241611789772,True,0.7539910113352168,0.00018739700317382812
lhs,11,16,0.014066499929877296,True,0.7539910113352168,0.00018739700317382812
lhs,11,17,0.0,True,0.7539910113352168,0.00018739700317382812
lhs,11,18,0.9226310474252137,True,0.9226310474252137,0.00018739700317382812
lhs,11,19,0.5120088529103118,True,0.9226310474252137,0.00018739700317382812
lhs,11,20,0.0,True,0.9226310474252137,0.00018739700317382812
lhs,12,1,0.2864482137960908,True,0.2864482137960908,0.000278472900390625
lhs,12,2,0.2745130010999767,True,0.2864482137960908,0.000278472900390625
lhs,12,3,0.1249146304571177,True,0.2864482137960908,0.000278472900390625
lhs,12,4,0.7386791705454321,True,0.7386791705454321,0.000278472900390625
lhs,12,5,0.11173950633784169,True,0.7386791705454321,0.000278472900390625
lhs,12,6,0.19553333451487243,True,0.7386791705454321,0.000278472900390625
lhs,12,7,0.8335432883990207,True,0.8335432883990207,0.000278472900390625
lhs,12,8,0.10380615836748419,True,0.8335432883990207,0.000278472900390625
lhs,12,9,0.636882897887295,True,0.8335432883990207,0.000278472900390625
lhs,12,10,0.31834859212025984,True,0.8335432883990207,0.000278472900390625
lhs,12,11,0.602663246920327,True,0.8335432883990207,0.000278472900390625
lhs,12,12,0.0,True,0.8335432883990207,0.000278472900390625
lhs,12,13,0.20785512768703385,True,0.8335432883990207,0.000278472900390625
lhs,12,14,0.8415329760026744,True,0.8415329760026744,0.000278472900390625
lhs,12,15,0.8521565613675811,True,0.8521565613675811,0.000278472900390625
lhs,12,16,0.0,True,0.8521565613675811,0.000278472900390625
lhs,12,17,0.14480196682741403,True,0.8521565613675811,0.000278472900390625
lhs,12,18,0.3279755416137596,True,0.8521565613675811,0.000278472900390625
lhs,12,19,0.021686784661722913,True,0.8521565613675811,0.000278472900390625
lhs,12,20,0.6036483510591228,True,0.8521565613675811,0.000278472900390625
lhs,13,1,0.5982936034951665,True,0.5982936034951665,0.0002384185791015625
lhs,13,2,0.44796393766778386,True,0.5982936034951665,0.0002384185791015625
lhs,13,3,0.3308767637050815,True,0.5982936034951665,0.0002384185791015625
lhs,13,4,0.72263103860457,True,0.72263103860457,0.0002384185791015625
lhs,13,5,0.09832847605978146,True,0.72263103860457,0.0002384185791015625
lhs,13,6,0.41317891925016775,True,0.72263103860457,0.0002384185791015625
lhs,13,7,0.02990661558288288,True,0.72263103860457,0.0002384185791015625
lhs,13,8,0.20274139091672533,True,0.72263103860457,0.0002384185791015625
lhs,13,9,0.871015876651414,True,0.871015876651414,0.0002384185791015625
lhs,13,10,0.2412056920373596,True,0.871015876651414,0.0002384185791015625
lhs,13,11,0.3659826932037654,True,0.871015876651414,0.0002384185791015625
lhs,13,12,0.08036513972252779,True,0.871015876651414,0.0002384185791015625
lhs,13,13,0.1782924903373671,True,0.871015876651414,0.0002384185791015625
lhs,13,14,0.2645873746474353,True,0.871015876651414,0.0002384185791015625
lhs,13,15,0.3842390448218024,True,0.871015876651414,0.0002384185791015625
lhs,13,16,0.3028357297437028,True,0.871015876651414,0.0002384185791015625
lhs,13,17,0.02406881428500751,True,0.871015876651414,0.0002384185791015625
lhs,13,18,0.6256654340631981,True,0.871015876651414,0.0002384185791015625
lhs,13,19,0.08116976735542614,True,0.871015876651414,0.0002384185791015625
lhs,13,20,0.4571043532971887,True,0.871015876651414,0.0002384185791015625
lhs,14,1,0.4928965008383067,True,0.4928965008383067,0.0002257823944091797
lhs,14,2,0.8654047951009105,True,0.8654047951009105,0.0002257823944091797
lhs,14,3,0.15583718585917522,True,0.8654047951009105,0.0002257823944091797
lhs,14,4,0.016340967502794235,True,0.8654047951009105,0.0002257823944091797
lhs,14,5,0.6687462806228304,True,0.8654047951009105,0.0002257823944091797
lhs,14,6,0.17583346943877842,True,0.8654047951009105,0.0002257823944091797
lhs,14,7,0.08771370900486009,True,0.8654047951009105,0.0002257823944091797
lhs,14,8,0.06466523026857418,True,0.8654047951009105,0.0002257823944091797
lhs,14,9,0.46549290024876316,True,0.8654047951009105,0.0002257823944091797
lhs,14,10,0.179974036838851,True,0.8654047951009105,0.0002257823944091797
lhs,14,11,0.15067178643575685,True,0.8654047951009105,0.0002257823944091797
lhs,14,12,0.5557565597872843,True,0.8654047951009105,0.0002257823944091797
lhs,14,13,0.16657594774257634,True,0.8654047951009105,0.0002257823944091797
lhs,14,14,0.21629328737700765,True,0.8654047951009105,0.0002257823944091797
lhs,14,15,0.0702720322471111,True,0.8654047951009105,0.0002257823944091797
lhs,14,16,0.8429172030348756,True,0.8654047951009105,0.0002257823944091797
lhs,14,17,0.5334103869025284,True,0.8654047951009105,0.0002257823944091797
lhs,14,18,0.7060210621933761,True,0.8654047951009105,0.0002257823944091797
lhs,14,19,0.19518643785051765,True,0.8654047951009105,0.0002257823944091797
lhs,14,20,0.22134471534929495,True,0.8654047951009105,0.0002257823944091797
lhs,15,1,0.834687850508806,True,0.834687850508806,0.00017070770263671875
lhs,15,2,0.3033363453652465,True,0.834687850508806,0.00017070770263671875
lhs,15,3,0.3632380674236813,True,0.834687850508806,0.00017070770263671875
lhs,15,4,0.23940986023413596,True,0.834687850508806,0.00017070770263671875
lhs,15,5,0.0870019089434324,True,0.834687850508806,0.00017070770263671875
lhs,15,6,0.049633003631235684,True,0.834687850508806,0.00017070770263671875
lhs,15,7,0.15199291462492814,True,0.834687850508806,0.00017070770263671875
lhs,15,8,0.3465856098657378,True,0.834687850508806,0.00017070770263671875
lhs,15,9,0.1283166809078955,True,0.834687850508806,0.00017070770263671875
lhs,15,10,0.8096139428265889,True,0.834687850508806,0.00017070770263671875
lhs,15,11,0.1953516129125467,True,0.834687850508806,0.00017070770263671875
lhs,15,12,0.46729997251850036,True,0.834687850508806,0.00017070770263671875
lhs,15,13,0.0,True,0.834687850508806,0.00017070770263671875
lhs,15,14,0.33683833975776634,True,0.834687850508806,0.00017070770263671875
lhs,15,15,0.23503461998125114,True,0.834687850508806,0.00017070770263671875
lhs,15,16,0.4508567114095171,True,0.834687850508806,0.00017070770263671875
lhs,15,17,0.0,True,0.834687850508806,0.00017070770263671875
lhs,15,18,0.5159680685668848,True,0.834687850508806,0.00017070770263671875
lhs,15,19,0.5480879231289867,True,0.834687850508806,0.00017070770263671875
lhs,15,20,0.8584497090866444,True,0.8584497090866444,0.00017070770263671875
lhs,16,1,0.3873701149178679,True,0.3873701149178679,0.0001811981201171875
lhs,16,2,0.8923107681089075,True,0.8923107681089075,0.0001811981201171875
lhs,16,3,0.12090507986359289,True,0.8923107681089075,0.0001811981201171875
lhs,16,4,0.07741921549413011,True,0.8923107681089075,0.0001811981201171875
lhs,16,5,0.5778612772327143,True,0.8923107681089075,0.0001811981201171875
lhs,16,6,0.7559644943256449,True,0.8923107681089075,0.0001811981201171875
lhs,16,7,0.433615173421787,True,0.8923107681089075,0.0001811981201171875
lhs,16,8,0.19307130635224679,True,0.8923107681089075,0.0001811981201171875
lhs,16,9,0.43735799319290325,True,0.8923107681089075,0.0001811981201171875
lhs,16,10,0.2228132040859736,True,0.8923107681089075,0.0001811981201171875
lhs,16,11,0.5737868349388805,True,0.8923107681089075,0.0001811981201171875
lhs,16,12,0.1588115846402362,True,0.8923107681089075,0.0001811981201171875
lhs,16,13,0.7455273203854174,True,0.8923107681089075,0.0001811981201171875
lhs,16,14,0.0,True,0.8923107681089075,0.0001811981201171875
lhs,16,15,0.18867362349047806,True,0.8923107681089075,0.0001811981201171875
lhs,16,16,0.07692553500270105,True,0.8923107681089075,0.0001811981201171875
lhs,16,17,0.05107500895251904,True,0.8923107681089075,0.0001811981201171875
lhs,16,18,0.41254597440067564,True,0.8923107681089075,0.0001811981201171875
lhs,16,19,0.05281034475951818,True,0.8923107681089075,0.0001811981201171875
lhs,16,20,0.598102678215485,True,0.8923107681089075,0.0001811981201171875
lhs,17,1,0.4346388898340733,True,0.4346388898340733,0.00022721290588378906
lhs,17,2,0.5066501530967575,True,0.5066501530967575,0.00022721290588378906
lhs,17,3,0.1587199578754777,True,0.5066501530967575,0.00022721290588378906
lhs,17,4,0.25749999229843107,True,0.5066501530967575,0.00022721290588378906
lhs,17,5,0.27478473765434536,True,0.5066501530967575,0.00022721290588378906
lhs,17,6,0.7732982924361623,True,0.7732982924361623,0.00022721290588378906
lhs,17,7,0.0365720790588675,True,0.7732982924361623,0.00022721290588378906
lhs,17,8,0.6082133156125233,True,0.7732982924361623,0.00022721290588378906
lhs,17,9,0.0,True,0.7732982924361623,0.00022721290588378906
lhs,17,10,0.6134286854397364,True,0.7732982924361623,0.00022721290588378906
lhs,17,11,0.2649576908821453,True,0.7732982924361623,0.00022721290588378906
lhs,17,12,0.037269008913102475,True,0.7732982924361623,0.00022721290588378906
lhs,17,13,0.5739754263812656,True,0.7732982924361623,0.00022721290588378906
lhs,17,14,0.13834703218094563,True,0.7732982924361623,0.00022721290588378906
lhs,17,15,0.8060080036159234,True,0.8060080036159234,0.00022721290588378906
lhs,17,16,0.46575164660438617,True,0.8060080036159234,0.00022721290588378906
lhs,17,17,0.030833804567987677,True,0.8060080036159234,0.00022721290588378906
lhs,17,18,0.25097819852109304,True,0.8060080036159234,0.00022721290588378906
lhs,17,19,0.2209504651468699,True,0.8060080036159234,0.00022721290588378906
lhs,17,20,0.4161199464143484,True,0.8060080036159234,0.00022721290588378906
lhs,18,1,0.05455376333542317,True,0.05455376333542317,0.00017380714416503906
lhs,18,2,0.08972822375546397,True,0.08972822375546397,0.00017380714416503906
lhs,18,3,0.7328850375388298,True,0.7328850375388298,0.00017380714416503906
lhs,18,4,0.40162483876407123,True,0.7328850375388298,0.00017380714416503906
lhs,18,5,0.4433919873037099,True,0.7328850375388298,0.00017380714416503906
lhs,18,6,0.7141462991946192,True,0.7328850375388298,0.00017380714416503906
lhs,18,7,0.6232105810967384,True,0.7328850375388298,0.00017380714416503906
lhs,18,8,0.0064053808464858975,True,0.7328850375388298,0.00017380714416503906
lhs,18,9,0.35845080420830105,True,0.7328850375388298,0.00017380714416503906
lhs,18,10,0.46700585202202605,True,0.7328850375388298,0.00017380714416503906
lhs,18,11,0.48973594008644517,True,0.7328850375388298,0.00017380714416503906
lhs,18,12,0.1637691237917413,True,0.7328850375388298,0.00017380714416503906
lhs,18,13,0.12103837178311005,True,0.7328850375388298,0.00017380714416503906
lhs,18,14,0.0031275548906869455,True,0.7328850375388298,0.00017380714416503906
lhs,18,15,0.7539178889596162,True,0.7539178889596162,0.00017380714416503906
lhs,18,16,0.08815967324448881,True,0.7539178889596162,0.00017380714416503906
lhs,18,17,0.225024355392466,True,0.7539178889596162,0.00017380714416503906
lhs,18,18,0.5855152899811269,True,0.7539178889596162,0.00017380714416503906
lhs,18,19,0.0531716406302013,True,0.7539178889596162,0.00017380714416503906
lhs,18,20,0.6877119951990022,True,0.7539178889596162,0.00017380714416503906
lhs,19,1,0.6721076685152274,True,0.6721076685152274,0.0002605915069580078
lhs,19,2,0.5901888501308279,True,0.6721076685152274,0.0002605915069580078
lhs,19,3,0.08662479183058036,True,0.6721076685152274,0.0002605915069580078
lhs,19,4,0.1513448576250201,True,0.6721076685152274,0.0002605915069580078
lhs,19,5,0.18079701379113067,True,0.6721076685152274,0.0002605915069580078
lhs,19,6,0.36273304633639764,True,0.6721076685152274,0.0002605915069580078
lhs,19,7,0.5797160601420119,True,0.6721076685152274,0.0002605915069580078
lhs,19,8,0.8174000738928433,True,0.8174000738928433,0.0002605915069580078
lhs,19,9,0.0,True,0.8174000738928433,0.0002605915069580078
lhs,19,10,0.33426523486425025,True,0.8174000738928433,0.0002605915069580078
lhs,19,11,0.33412501055630384,True,0.8174000738928433,0.0002605915069580078
lhs,19,12,0.2206468670951341,True,0.8174000738928433,0.0002605915069580078
lhs,19,13,0.2625272611161746,True,0.8174000738928433,0.0002605915069580078
lhs,19,14,0.735112505131092,True,0.8174000738928433,0.0002605915069580078
lhs,19,15,0.018822365216082604,True,0.8174000738928433,0.0002605915069580078
lhs,19,16,0.17359882363529122,True,0.8174000738928433,0.0002605915069580078
lhs,19,17,0.4688941950982636,True,0.8174000738928433,0.0002605915069580078
lhs,19,18,0.20031968386027066,True,0.8174000738928433,0.0002605915069580078
lhs,19,19,0.6963597560209986,True,0.8174000738928433,0.0002605915069580078
lhs,19,20,0.0,True,0.8174000738928433,0.0002605915069580078
lhs,20,1,0.15391927449904563,True,0.15391927449904563,0.0002779960632324219
lhs,20,2,0.11008490906774027,True,0.15391927449904563,0.0002779960632324219
lhs,20,3,0.6804221263388051,True,0.6804221263388051,0.0002779960632324219
lhs,20,4,0.05659301400826788,True,0.6804221263388051,0.0002779960632324219
lhs,20,5,0.7714358541401078,True,0.7714358541401078,0.0002779960632324219
lhs,20,6,0.6106725299362297,True,0.7714358541401078,0.0002779960632324219
lhs,20,7,0.30038977655647775,True,0.7714358541401078,0.0002779960632324219
lhs,20,8,0.405418030647991,True,0.7714358541401078,0.0002779960632324219
lhs,20,9,0.8039747806945505,True,0.8039747806945505,0.0002779960632324219
lhs,20,10,0.2710540532012759,True,0.8039747806945505,0.0002779960632324219
lhs,20,11,0.08821972242672549,True,0.8039747806945505,0.0002779960632324219
lhs,20,12,0.0,True,0.8039747806945505,0.0002779960632324219
lhs,20,13,0.8678507222457793,True,0.8678507222457793,0.0002779960632324219
lhs,20,14,0.24060451675309397,True,0.8678507222457793,0.0002779960632324219
lhs,20,15,0.0,True,0.8678507222457793,0.0002779960632324219
lhs,20,16,0.08877639736603038,True,0.8678507222457793,0.0002779960632324219
lhs,20,17,0.19065527651309416,True,0.8678507222457793,0.0002779960632324219
lhs,20,18,0.10998533081483586,True,0.8678507222457793,0.0002779960632324219
lhs,20,19,0.7582290879849906,True,0.8678507222457793,0.0002779960632324219
lhs,20,20,0.24919544104167335,True,0.8678507222457793,0.0002779960632324219
lhs,21,1,0.9262564821900778,True,0.9262564821900778,0.00021147727966308594
lhs,21,2,0.43231916422575406,True,0.9262564821900778,0.00021147727966308594
lhs,21,3,0.023768132140227216,True,0.9262564821900778,0.00021147727966308594
lhs,21,4,0.41277212634350147,True,0.9262564821900778,0.00021147727966308594
lhs,21,5,0.09125765434266864,True,0.9262564821900778,0.00021147727966308594
lhs,21,6,0.09650073214206212,True,0.9262564821900778,0.00021147727966308594
lhs,21,7,0.6004660810159239,True,0.9262564821900778,0.00021147727966308594
lhs,21,8,0.0,True,0.9262564821900778,0.00021147727966308594
lhs,21,9,0.11495617981599626,True,0.9262564821900778,0.00021147727966308594
lhs,21,10,0.4844776719255054,True,0.9262564821900778,0.00021147727966308594
lhs,21,11,0.30735695334614965,True,0.9262564821900778,0.00021147727966308594
lhs,21,12,0.5537377597608291,True,0.9262564821900778,0.00021147727966308594
lhs,21,13,0.20923429292197565,True,0.9262564821900778,0.00021147727966308594
lhs,21,14,0.3738432536301537,True,0.9262564821900778,0.00021147727966308594
lhs,21,15,0.0,True,0.9262564821900778,0.00021147727966308594
lhs,21,16,0.2335769677878522,True,0.9262564821900778,0.00021147727966308594
lhs,21,17,0.4244288220625353,True,0.9262564821900778,0.00021147727966308594
lhs,21,18,0.7711963309213854,True,0.9262564821900778,0.00021147727966308594
lhs,21,19,0.487903262932884,True,0.9262564821900778,0.00021147727966308594
lhs,21,20,0.3596359357588435,True,0.9262564821900778,0.00021147727966308594
lhs,22,1,0.2993728724671346,True,0.2993728724671346,0.00022268295288085938
lhs,22,2,0.7809407507027127,True,0.7809407507027127,0.00022268295288085938
lhs,22,3,0.37880773498729864,True,0.7809407507027127,0.00022268295288085938
lhs,22,4,0.13585948236294093,True,0.7809407507027127,0.00022268295288085938
lhs,22,5,0.23214674558518505,True,0.7809407507027127,0.00022268295288085938
lhs,22,6,0.2631231661819267,True,0.7809407507027127,0.00022268295288085938
lhs,22,7,0.25536607856856147,True,0.7809407507027127,0.00022268295288085938
lhs,22,8,0.17451385649774964,True,0.7809407507027127,0.00022268295288085938
lhs,22,9,0.15491504837389186,True,0.7809407507027127,0.00022268295288085938
lhs,22,10,0.9247164985852224,True,0.9247164985852224,0.00022268295288085938
lhs,22,11,0.03934891368806881,True,0.9247164985852224,0.00022268295288085938
lhs,22,12,0.5044076780811781,True,0.9247164985852224,0.00022268295288085938
lhs,22,13,0.20542294206835737,True,0.9247164985852224,0.00022268295288085938
lhs,22,14,0.5403224609496863,True,0.9247164985852224,0.00022268295288085938
lhs,22,15,0.0,True,0.9247164985852224,0.00022268295288085938
lhs,22,16,0.391585479037026,True,0.9247164985852224,0.00022268295288085938
lhs,22,17,0.24818769044636962,True,0.9247164985852224,0.00022268295288085938
lhs,22,18,0.6016221197850689,True,0.9247164985852224,0.00022268295288085938
lhs,22,19,0.13581640367815617,True,0.9247164985852224,0.00022268295288085938
lhs,22,20,0.6314189978465717,True,0.9247164985852224,0.00022268295288085938
lhs,23,1,0.10351515655307619,True,0.10351515655307619,0.0002684593200683594
lhs,23,2,0.3987028783739541,True,0.3987028783739541,0.0002684593200683594
lhs,23,3,0.0,True,0.3987028783739541,0.0002684593200683594
lhs,23,4,0.7280195947938524,True,0.7280195947938524,0.0002684593200683594
lhs,23,5,0.8516056371893933,True,0.8516056371893933,0.0002684593200683594
lhs,23,6,0.052173896474987935,True,0.8516056371893933,0.0002684593200683594
lhs,23,7,0.13196704062608527,True,0.8516056371893933,0.0002684593200683594
lhs,23,8,0.0,True,0.8516056371893933,0.0002684593200683594
lhs,23,9,0.5489811432036842,True,0.8516056371893933,0.0002684593200683594
lhs,23,10,0.33530908952090754,True,0.8516056371893933,0.0002684593200683594
lhs,23,11,0.621593157113258,True,0.8516056371893933,0.0002684593200683594
lhs,23,12,0.7784830045541189,True,0.8516056371893933,0.0002684593200683594
lhs,23,13,0.07511719263297323,True,0.8516056371893933,0.0002684593200683594
lhs,23,14,0.40641825934405984,True,0.8516056371893933,0.0002684593200683594
lhs,23,15,0.09252091802334605,True,0.8516056371893933,0.0002684593200683594
lhs,23,16,0.5086027543542201,True,0.8516056371893933,0.0002684593200683594
lhs,23,17,0.40101592307326706,True,0.8516056371893933,0.0002684593200683594
lhs,23,18,0.31154866562121075,True,0.8516056371893933,0.0002684593200683594
lhs,23,19,0.7737693461154412,True,0.8516056371893933,0.0002684593200683594
lhs,23,20,0.21863023910887563,True,0.8516056371893933,0.0002684593200683594
lhs,24,1,0.0,True,0.0,0.0003211498260498047
lhs,24,2,0.5296759171501034,True,0.5296759171501034,0.0003211498260498047
lhs,24,3,0.7485119127412403,True,0.7485119127412403,0.0003211498260498047
lhs,24,4,0.2997601569130038,True,0.7485119127412403,0.0003211498260498047
lhs,24,5,0.43221922667434,True,0.7485119127412403,0.0003211498260498047
lhs,24,6,0.0,True,0.7485119127412403,0.0003211498260498047
lhs,24,7,0.30794708205992294,True,0.7485119127412403,0.0003211498260498047
lhs,24,8,0.2114291828030419,True,0.7485119127412403,0.0003211498260498047
lhs,24,9,0.0,True,0.7485119127412403,0.0003211498260498047
lhs,24,10,0.5151857379318748,True,0.7485119127412403,0.0003211498260498047
lhs,24,11,0.14973151259873968,True,0.7485119127412403,0.0003211498260498047
lhs,24,12,0.3891526628179527,True,0.7485119127412403,0.0003211498260498047
lhs,24,13,0.2999139789815195,True,0.7485119127412403,0.0003211498260498047
lhs,24,14,0.7996670791156126,True,0.7996670791156126,0.0003211498260498047
lhs,24,15,0.8909871460664175,True,0.8909871460664175,0.0003211498260498047
lhs,24,16,0.032925318964452166,True,0.8909871460664175,0.0003211498260498047
lhs,24,17,0.5815055834192191,True,0.8909871460664175,0.0003211498260498047
lhs,24,18,0.5448721513959498,True,0.8909871460664175,0.0003211498260498047
lhs,24,19,0.19007653158349025,True,0.8909871460664175,0.0003211498260498047
lhs,24,20,0.6204959688675907,True,0.8909871460664175,0.0003211498260498047
lhs,25,1,0.10962936831192838,True,0.10962936831192838,0.0002644062042236328
lhs,25,2,0.3899829727534889,True,0.3899829727534889,0.0002644062042236328
lhs,25,3,0.3965539037907546,True,0.3965539037907546,0.0002644062042236328
lhs,25,4,0.5486645675505025,True,0.5486645675505025,0.0002644062042236328
lhs,25,5,0.25454079507098565,True,0.5486645675505025,0.0002644062042236328
lhs,25,6,0.34872375244343307,True,0.5486645675505025,0.0002644062042236328
lhs,25,7,0.5438585962754102,True,0.5486645675505025,0.0002644062042236328
lhs,25,8,0.7549616545894662,True,0.7549616545894662,0.0002644062042236328
lhs,25,9,0.606805048340087,True,0.7549616545894662,0.0002644062042236328
lhs,25,10,0.524315906402869,True,0.7549616545894662,0.0002644062042236328
lhs,25,11,0.2766481484750516,True,0.7549616545894662,0.0002644062042236328
lhs,25,12,0.7934871432610289,True,0.7934871432610289,0.0002644062042236328
lhs,25,13,0.30178444787599207,True,0.7934871432610289,0.0002644062042236328
lhs,25,14,0.36588739892315936,True,0.7934871432610289,0.0002644062042236328
lhs,25,15,0.06061629985212447,True,0.7934871432610289,0.0002644062042236328
lhs,25,16,0.0,True,0.7934871432610289,0.0002644062042236328
lhs,25,17,0.16290154455591416,True,0.7934871432610289,0.0002644062042236328
lhs,25,18,0.07365163082114234,True,0.7934871432610289,0.0002644062042236328
lhs,25,19,0.0,True,0.7934871432610289,0.0002644062042236328
lhs,25,20,0.5023573316693746,True,0.7934871432610289,0.0002644062042236328
lhs,26,1,0.3701949147773881,True,0.3701949147773881,0.0002474784851074219
lhs,26,2,0.4865765750609369,True,0.4865765750609369,0.0002474784851074219
lhs,26,3,0.46241749359305606,True,0.4865765750609369,0.0002474784851074219
lhs,26,4,0.1769822737823601,True,0.4865765750609369,0.0002474784851074219
lhs,26,5,0.23011395952233127,True,0.4865765750609369,0.0002474784851074219
lhs,26,6,0.17827527514960673,True,0.4865765750609369,0.0002474784851074219
lhs,26,7,0.0,True,0.4865765750609369,0.0002474784851074219
lhs,26,8,0.49887998862185834,True,0.49887998862185834,0.0002474784851074219
lhs,26,9,0.4919414695508422,True,0.49887998862185834,0.0002474784851074219
lhs,26,10,0.04520590236178812,True,0.49887998862185834,0.0002474784851074219
lhs,26,11,0.46208172206798587,True,0.49887998862185834,0.0002474784851074219
lhs,26,12,0.4478839733987757,True,0.49887998862185834,0.0002474784851074219
lhs,26,13,0.4511720426856791,True,0.49887998862185834,0.0002474784851074219
lhs,26,14,0.7670046475608463,True,0.7670046475608463,0.0002474784851074219
lhs,26,15,0.016469312099935518,True,0.7670046475608463,0.0002474784851074219
lhs,26,16,0.09557194917631207,True,0.7670046475608463,0.0002474784851074219
lhs,26,17,0.19733015294508638,True,0.7670046475608463,0.0002474784851074219
lhs,26,18,0.7668877485343482,True,0.7670046475608463,0.0002474784851074219
lhs,26,19,0.44257165220944444,True,0.7670046475608463,0.0002474784851074219
lhs,26,20,0.41207259903334703,True,0.7670046475608463,0.0002474784851074219
lhs,27,1,0.68618587708034,True,0.68618587708034,0.0001881122589111328
lhs,27,2,0.03310058571891261,True,0.68618587708034,0.0001881122589111328
lhs,27,3,0.37279084245927224,True,0.68618587708034,0.0001881122589111328
lhs,27,4,0.4378612290049006,True,0.68618587708034,0.0001881122589111328
lhs,27,5,0.5918860276508755,True,0.68618587708034,0.0001881122589111328
lhs,27,6,0.47085470740748187,True,0.68618587708034,0.0001881122589111328
lhs,27,7,0.00845127189619177,True,0.68618587708034,0.0001881122589111328
lhs,27,8,0.10223765643901683,True,0.68618587708034,0.0001881122589111328
lhs,27,9,0.18015835015932563,True,0.68618587708034,0.0001881122589111328
lhs,27,10,0.7954438875294239,True,0.7954438875294239,0.0001881122589111328
lhs,27,11,0.1432273272762995,True,0.7954438875294239,0.0001881122589111328
lhs,27,12,0.8995613199914905,True,0.8995613199914905,0.0001881122589111328
lhs,27,13,0.3440276661480173,True,0.8995613199914905,0.0001881122589111328
lhs,27,14,0.25375959529605185,True,0.8995613199914905,0.0001881122589111328
lhs,27,15,0.21376331957841205,True,0.8995613199914905,0.0001881122589111328
lhs,27,16,0.25093923586205474,True,0.8995613199914905,0.0001881122589111328
lhs,27,17,0.28740302730617906,True,0.8995613199914905,0.0001881122589111328
lhs,27,18,0.007901821708360734,True,0.8995613199914905,0.0001881122589111328
lhs,27,19,0.499281384149754,True,0.8995613199914905,0.0001881122589111328
lhs,27,20,0.09584516918053854,True,0.8995613199914905,0.0001881122589111328
lhs,28,1,0.164151412675149,True,0.164151412675149,0.00026726722717285156
lhs,28,2,0.7319313522784923,True,0.7319313522784923,0.00026726722717285156
lhs,28,3,0.35509279414108735,True,0.7319313522784923,0.00026726722717285156
lhs,28,4,0.34710862038352,True,0.7319313522784923,0.00026726722717285156
lhs,28,5,0.6334959762728168,True,0.7319313522784923,0.00026726722717285156
lhs,28,6,0.6496020563188704,True,0.7319313522784923,0.00026726722717285156
lhs,28,7,0.14190843195193975,True,0.7319313522784923,0.00026726722717285156
lhs,28,8,0.4852262170964713,True,0.7319313522784923,0.00026726722717285156
lhs,28,9,0.24884525696726878,True,0.7319313522784923,0.00026726722717285156
lhs,28,10,0.4206971341741823,True,0.7319313522784923,0.00026726722717285156
lhs,28,11,0.7800426214315708,True,0.7800426214315708,0.00026726722717285156
lhs,28,12,0.3386803487320782,True,0.7800426214315708,0.00026726722717285156
lhs,28,13,0.007323279739497202,True,0.7800426214315708,0.00026726722717285156
lhs,28,14,0.01279104700866951,True,0.7800426214315708,0.00026726722717285156
lhs,28,15,0.5330296985268753,True,0.7800426214315708,0.00026726722717285156
lhs,28,16,0.17880331909522867,True,0.7800426214315708,0.00026726722717285156
lhs,28,17,0.2106782097510268,True,0.7800426214315708,0.00026726722717285156
lhs,28,18,0.0,True,0.7800426214315708,0.00026726722717285156
lhs,28,19,0.4027642104990543,True,0.7800426214315708,0.00026726722717285156
lhs,28,20,0.13563695561106032,True,0.7800426214315708,0.00026726722717285156
lhs,29,1,0.0,True,0.0,0.0002040863037109375
lhs,29,2,0.2576081621884567,True,0.2576081621884567,0.0002040863037109375
lhs,29,3,0.25752333216812007,True,0.2576081621884567,0.0002040863037109375
lhs,29,4,0.5976167596448463,True,0.5976167596448463,0.0002040863037109375
lhs,29,5,0.08628615655696437,True,0.5976167596448463,0.0002040863037109375
lhs,29,6,0.5430203584228738,True,0.5976167596448463,0.0002040863037109375
lhs,29,7,0.38101279270768923,True,0.5976167596448463,0.0002040863037109375
lhs,29,8,0.24288999142029472,True,0.5976167596448463,0.0002040863037109375
lhs,29,9,0.07344443688621616,True,0.5976167596448463,0.0002040863037109375
lhs,29,10,0.37799187813984697,True,0.5976167596448463,0.0002040863037109375
lhs,29,11,0.4390250253147125,True,0.5976167596448463,0.0002040863037109375
lhs,29,12,0.4858935718263582,True,0.5976167596448463,0.0002040863037109375
lhs,29,13,0.07837319468054982,True,0.5976167596448463,0.0002040863037109375
lhs,29,14,0.7464924798776198,True,0.7464924798776198,0.0002040863037109375
lhs,29,15,0.5439674507779394,True,0.7464924798776198,0.0002040863037109375
lhs,29,16,0.25450572916113035,True,0.7464924798776198,0.0002040863037109375
lhs,29,17,0.7058055094809669,True,0.7464924798776198,0.0002040863037109375
lhs,29,18,0.5051894785023571,True,0.7464924798776198,0.0002040863037109375
lhs,29,19,0.0,True,0.7464924798776198,0.0002040863037109375
lhs,29,20,0.37644224156327877,True,0.7464924798776198,0.0002040863037109375
bo_unconstrained,0,1,0.0,True,0.0,2.487473249435425
bo_unconstrained,0,2,0.7135575050756903,True,0.7135575050756903,2.487473249435425
bo_unconstrained,0,3,0.7368222783228873,True,0.7368222783228873,2.487473249435425
bo_unconstrained,0,4,0.5286558477328445,True,0.7368222783228873,2.487473249435425
bo_unconstrained,0,5,0.0,True,0.7368222783228873,2.487473249435425
bo_unconstrained,0,6,0.819073656138172,True,0.819073656138172,2.487473249435425
bo_unconstrained,0,7,0.9488212699283566,True,0.9488212699283566,2.487473249435425
bo_unconstrained,0,8,0.7897304229594414,True,0.9488212699283566,2.487473249435425
bo_unconstrained,0,9,0.6404967329780087,True,0.9488212699283566,2.487473249435425
bo_unconstrained,0,10,0.934520207025114,True,0.9488212699283566,2.487473249435425
bo_unconstrained,0,11,0.48106023836545386,True,0.9488212699283566,2.487473249435425
bo_unconstrained,0,12,0.8884664526056919,True,0.9488212699283566,2.487473249435425
bo_unconstrained,0,13,0.8888125291768777,True,0.9488212699283566,2.487473249435425
bo_unconstrained,0,14,0.819073656138172,True,0.9488212699283566,2.487473249435425
bo_unconstrained,0,15,0.8504777394816383,True,0.9488212699283566,2.487473249435425
bo_unconstrained,0,16,0.9213773262495513,True,0.9488212699283566,2.487473249435425
bo_unconstrained,0,17,0.9651558427053719,True,0.9651558427053719,2.487473249435425
bo_unconstrained,0,18,0.8867636723717971,True,0.9651558427053719,2.487473249435425
bo_unconstrained,0,19,0.967413021431446,True,0.967413021431446,2.487473249435425
bo_unconstrained,0,20,0.968302490580214,True,0.968302490580214,2.487473249435425
bo_unconstrained,1,1,0.2633116627508623,True,0.2633116627508623,2.675997257232666
bo_unconstrained,1,2,0.33559815926888176,True,0.33559815926888176,2.675997257232666
bo_unconstrained,1,3,0.5182738951685878,True,0.5182738951685878,2.675997257232666
bo_unconstrained,1,4,0.47145169024314665,True,0.5182738951685878,2.675997257232666
bo_unconstrained,1,5,0.19314070931695554,True,0.5182738951685878,2.675997257232666
bo_unconstrained,1,6,0.36555813303435386,True,0.5182738951685878,2.675997257232666
bo_unconstrained,1,7,0.39573034933317996,True,0.5182738951685878,2.675997257232666
bo_unconstrained,1,8,0.6239936904857042,True,0.6239936904857042,2.675997257232666
bo_unconstrained,1,9,0.7018128260675912,True,0.7018128260675912,2.675997257232666
bo_unconstrained,1,10,0.5610266250268707,True,0.7018128260675912,2.675997257232666
bo_unconstrained,1,11,0.4885072293543662,True,0.7018128260675912,2.675997257232666
bo_unconstrained,1,12,0.6007319796232223,True,0.7018128260675912,2.675997257232666
bo_unconstrained,1,13,0.7092806944480805,True,0.7092806944480805,2.675997257232666
bo_unconstrained,1,14,0.7625941587386911,True,0.7625941587386911,2.675997257232666
bo_unconstrained,1,15,0.7294386569548112,True,0.7625941587386911,2.675997257232666
bo_unconstrained,1,16,0.8404142070456756,True,0.8404142070456756,2.675997257232666
bo_unconstrained,1,17,0.9301577772973513,True,0.9301577772973513,2.675997257232666
bo_unconstrained,1,18,0.9286644065382531,True,0.9301577772973513,2.675997257232666
bo_unconstrained,1,19,0.7692715046869397,True,0.9301577772973513,2.675997257232666
bo_unconstrained,1,20,0.854538583944491,True,0.9301577772973513,2.675997257232666
bo_unconstrained,2,1,0.439361941527718,True,0.439361941527718,2.1113088130950928
bo_unconstrained,2,2,0.0939917996923102,True,0.439361941527718,2.1113088130950928
bo_unconstrained,2,3,0.6259107099385312,True,0.6259107099385312,2.1113088130950928
bo_unconstrained,2,4,0.6813658750600381,True,0.6813658750600381,2.1113088130950928
bo_unconstrained,2,5,0.0,True,0.6813658750600381,2.1113088130950928
bo_unconstrained,2,6,0.14144043993396482,True,0.6813658750600381,2.1113088130950928
bo_unconstrained,2,7,0.7834822248293551,True,0.7834822248293551,2.1113088130950928
bo_unconstrained,2,8,0.9072839033342519,True,0.9072839033342519,2.1113088130950928
bo_unconstrained,2,9,0.14672655707887688,True,0.9072839033342519,2.1113088130950928
bo_unconstrained,2,10,0.38332099215908794,True,0.9072839033342519,2.1113088130950928
bo_unconstrained,2,11,0.8311619533174316,True,0.9072839033342519,2.1113088130950928
bo_unconstrained,2,12,0.7724828052026844,True,0.9072839033342519,2.1113088130950928
bo_unconstrained,2,13,0.9135618721335699,True,0.9135618721335699,2.1113088130950928
bo_unconstrained,2,14,0.854157344138742,True,0.9135618721335699,2.1113088130950928
bo_unconstrained,2,15,0.9247244843055056,True,0.9247244843055056,2.1113088130950928
bo_unconstrained,2,16,0.0,True,0.9247244843055056,2.1113088130950928
bo_unconstrained,2,17,0.9411698215237091,True,0.9411698215237091,2.1113088130950928
bo_unconstrained,2,18,0.0,True,0.9411698215237091,2.1113088130950928
bo_unconstrained,2,19,0.365719089917268,True,0.9411698215237091,2.1113088130950928
bo_unconstrained,2,20,0.7936401999349718,True,0.9411698215237091,2.1113088130950928
bo_unconstrained,3,1,0.002227667210267681,True,0.002227667210267681,2.354273796081543
bo_unconstrained,3,2,0.45999088183938003,True,0.45999088183938003,2.354273796081543
bo_unconstrained,3,3,0.64535030513395,True,0.64535030513395,2.354273796081543
bo_unconstrained,3,4,0.6503631691478855,True,0.6503631691478855,2.354273796081543
bo_unconstrained,3,5,0.07644126060061174,True,0.6503631691478855,2.354273796081543
bo_unconstrained,3,6,0.4727959510882552,True,0.6503631691478855,2.354273796081543
bo_unconstrained,3,7,0.8028906770917023,True,0.8028906770917023,2.354273796081543
bo_unconstrained,3,8,0.4265193779877439,True,0.8028906770917023,2.354273796081543
bo_unconstrained,3,9,0.7533803157288891,True,0.8028906770917023,2.354273796081543
bo_unconstrained,3,10,0.37730952156597364,True,0.8028906770917023,2.354273796081543
bo_unconstrained,3,11,0.5327727216265821,True,0.8028906770917023,2.354273796081543
bo_unconstrained,3,12,0.950019747673712,True,0.950019747673712,2.354273796081543
bo_unconstrained,3,13,0.6251014910409807,True,0.950019747673712,2.354273796081543
bo_unconstrained,3,14,0.6016365811525222,True,0.950019747673712,2.354273796081543
bo_unconstrained,3,15,0.31418976999167214,True,0.950019747673712,2.354273796081543
bo_unconstrained,3,16,0.8841225189305453,True,0.950019747673712,2.354273796081543
bo_unconstrained,3,17,0.9172272338162748,True,0.950019747673712,2.354273796081543
bo_unconstrained,3,18,0.8942022503456175,True,0.950019747673712,2.354273796081543
bo_unconstrained,3,19,0.6310826715718911,True,0.950019747673712,2.354273796081543
bo_unconstrained,3,20,0.8832503202815735,True,0.950019747673712,2.354273796081543
bo_unconstrained,4,1,0.9140410601013038,True,0.9140410601013038,2.7690343856811523
bo_unconstrained,4,2,0.13211702037440365,True,0.9140410601013038,2.7690343856811523
bo_unconstrained,4,3,0.40826592408154794,True,0.9140410601013038,2.7690343856811523
bo_unconstrained,4,4,0.4330217211717715,True,0.9140410601013038,2.7690343856811523
bo_unconstrained,4,5,0.0,True,0.9140410601013038,2.7690343856811523
bo_unconstrained,4,6,0.819073656138172,True,0.9140410601013038,2.7690343856811523
bo_unconstrained,4,7,0.5830893407049883,True,0.9140410601013038,2.7690343856811523
bo_unconstrained,4,8,0.9327224552260219,True,0.9327224552260219,2.7690343856811523
bo_unconstrained,4,9,0.9284491258100143,True,0.9327224552260219,2.7690343856811523
bo_unconstrained,4,10,0.379771743912492,True,0.9327224552260219,2.7690343856811523
bo_unconstrained,4,11,0.7633442173864142,True,0.9327224552260219,2.7690343856811523
bo_unconstrained,4,12,0.7862108756937451,True,0.9327224552260219,2.7690343856811523
bo_unconstrained,4,13,0.745976870658311,True,0.9327224552260219,2.7690343856811523
bo_unconstrained,4,14,0.8265625944863126,True,0.9327224552260219,2.7690343856811523
bo_unconstrained,4,15,0.8518938602406448,True,0.9327224552260219,2.7690343856811523
bo_unconstrained,4,16,0.7649891615045986,True,0.9327224552260219,2.7690343856811523
bo_unconstrained,4,17,0.6801205811707014,True,0.9327224552260219,2.7690343856811523
bo_unconstrained,4,18,0.8513262190637276,True,0.9327224552260219,2.7690343856811523
bo_unconstrained,4,19,0.8681837145005851,True,0.9327224552260219,2.7690343856811523
bo_unconstrained,4,20,0.7657724725657551,True,0.9327224552260219,2.7690343856811523
bo_unconstrained,5,1,0.2794802334072153,True,0.2794802334072153,2.917759418487549
bo_unconstrained,5,2,0.0,True,0.2794802334072153,2.917759418487549
bo_unconstrained,5,3,0.2501130026993429,True,0.2794802334072153,2.917759418487549
bo_unconstrained,5,4,0.7226338846952017,True,0.7226338846952017,2.917759418487549
bo_unconstrained,5,5,0.8982664728376701,True,0.8982664728376701,2.917759418487549
bo_unconstrained,5,6,0.09593009560271193,True,0.8982664728376701,2.917759418487549
bo_unconstrained,5,7,0.8344350815824646,True,0.8982664728376701,2.917759418487549
bo_unconstrained,5,8,0.48106023836545386,True,0.8982664728376701,2.917759418487549
bo_unconstrained,5,9,0.745812255803966,True,0.8982664728376701,2.917759418487549
bo_unconstrained,5,10,0.2420780489948245,True,0.8982664728376701,2.917759418487549
bo_unconstrained,5,11,0.878982356826608,True,0.8982664728376701,2.917759418487549
bo_unconstrained,5,12,0.8456839368732209,True,0.8982664728376701,2.917759418487549
bo_unconstrained,5,13,0.9162821192671494,True,0.9162821192671494,2.917759418487549
bo_unconstrained,5,14,0.8067395326060081,True,0.9162821192671494,2.917759418487549
bo_unconstrained,5,15,0.8275299631605159,True,0.9162821192671494,2.917759418487549
bo_unconstrained,5,16,0.7464897860145899,True,0.9162821192671494,2.917759418487549
bo_unconstrained,5,17,0.909641999789856,True,0.9162821192671494,2.917759418487549
bo_unconstrained,5,18,0.9313053651116268,True,0.9313053651116268,2.917759418487549
bo_unconstrained,5,19,0.8800587368487245,True,0.9313053651116268,2.917759418487549
bo_unconstrained,5,20,0.8073988487498962,True,0.9313053651116268,2.917759418487549
bo_unconstrained,6,1,0.0,True,0.0,2.5901100635528564
bo_unconstrained,6,2,0.38212576073441473,True,0.38212576073441473,2.5901100635528564
bo_unconstrained,6,3,0.5661577805501505,True,0.5661577805501505,2.5901100635528564
bo_unconstrained,6,4,0.17862192431586044,True,0.5661577805501505,2.5901100635528564
bo_unconstrained,6,5,0.8194423424050126,True,0.8194423424050126,2.5901100635528564
bo_unconstrained,6,6,0.6062649579113835,True,0.8194423424050126,2.5901100635528564
bo_unconstrained,6,7,0.522343781694157,True,0.8194423424050126,2.5901100635528564
bo_unconstrained,6,8,0.45484681594896126,True,0.8194423424050126,2.5901100635528564
bo_unconstrained,6,9,0.16826470938074584,True,0.8194423424050126,2.5901100635528564
bo_unconstrained,6,10,0.8462110529481248,True,0.8462110529481248,2.5901100635528564
bo_unconstrained,6,11,0.7132943088565687,True,0.8462110529481248,2.5901100635528564
bo_unconstrained,6,12,0.8909868053072938,True,0.8909868053072938,2.5901100635528564
bo_unconstrained,6,13,0.7992783007278875,True,0.8909868053072938,2.5901100635528564
bo_unconstrained,6,14,0.7562005462360887,True,0.8909868053072938,2.5901100635528564
bo_unconstrained,6,15,0.814996935834678,True,0.8909868053072938,2.5901100635528564
bo_unconstrained,6,16,0.9045167067825142,True,0.9045167067825142,2.5901100635528564
bo_unconstrained,6,17,0.9159059948405787,True,0.9159059948405787,2.5901100635528564
bo_unconstrained,6,18,0.6749026719210925,True,0.9159059948405787,2.5901100635528564
bo_unconstrained,6,19,0.7464719207651758,True,0.9159059948405787,2.5901100635528564
bo_unconstrained,6,20,0.9158904739831699,True,0.9159059948405787,2.5901100635528564
bo_unconstrained,7,1,0.16669454953400015,True,0.16669454953400015,3.57489013671875
bo_unconstrained,7,2,0.4406175020208837,True,0.4406175020208837,3.57489013671875
bo_unconstrained,7,3,0.47385766913300476,True,0.47385766913300476,3.57489013671875
bo_unconstrained,7,4,0.5975157709397156,True,0.5975157709397156,3.57489013671875
bo_unconstrained,7,5,0.0676289106918394,True,0.5975157709397156,3.57489013671875
bo_unconstrained,7,6,0.2615671836554647,True,0.5975157709397156,3.57489013671875
bo_unconstrained,7,7,0.6750463163185553,True,0.6750463163185553,3.57489013671875
bo_unconstrained,7,8,0.9350654725026,True,0.9350654725026,3.57489013671875
bo_unconstrained,7,9,0.8841440981029738,True,0.9350654725026,3.57489013671875
bo_unconstrained,7,10,0.9000596368118916,True,0.9350654725026,3.57489013671875
bo_unconstrained,7,11,0.9665040948915615,True,0.9665040948915615,3.57489013671875
bo_unconstrained,7,12,0.9519336886142942,True,0.9665040948915615,3.57489013671875
bo_unconstrained,7,13,0.9285455481769975,True,0.9665040948915615,3.57489013671875
bo_unconstrained,7,14,0.8803693970131444,True,0.9665040948915615,3.57489013671875
bo_unconstrained,7,15,0.9678894670732617,True,0.9678894670732617,3.57489013671875
bo_unconstrained,7,16,0.745976870658311,True,0.9678894670732617,3.57489013671875
bo_unconstrained,7,17,0.9674616909648575,True,0.9678894670732617,3.57489013671875
bo_unconstrained,7,18,0.9091136716849313,True,0.9678894670732617,3.57489013671875
bo_unconstrained,7,19,0.8727616158461767,True,0.9678894670732617,3.57489013671875
bo_unconstrained,7,20,0.9661981049462791,True,0.9678894670732617,3.57489013671875
bo_unconstrained,8,1,0.4258927040453725,True,0.4258927040453725,2.6513280868530273
bo_unconstrained,8,2,0.23834007194405782,True,0.4258927040453725,2.6513280868530273
bo_unconstrained,8,3,0.27387446837278207,True,0.4258927040453725,2.6513280868530273
bo_unconstrained,8,4,0.2397097569829052,True,0.4258927040453725,2.6513280868530273
bo_unconstrained,8,5,0.2825235950433799,True,0.4258927040453725,2.6513280868530273
bo_unconstrained,8,6,0.5458948841394933,True,0.5458948841394933,2.6513280868530273
bo_unconstrained,8,7,0.823477893851802,True,0.823477893851802,2.6513280868530273
bo_unconstrained,8,8,0.7883846293120518,True,0.823477893851802,2.6513280868530273
bo_unconstrained,8,9,0.920086242464768,True,0.920086242464768,2.6513280868530273
bo_unconstrained,8,10,0.09394545717458613,True,0.920086242464768,2.6513280868530273
bo_unconstrained,8,11,0.4395268311787576,True,0.920086242464768,2.6513280868530273
bo_unconstrained,8,12,0.9665572006440748,True,0.9665572006440748,2.6513280868530273
bo_unconstrained,8,13,0.9346809746450906,True,0.9665572006440748,2.6513280868530273
bo_unconstrained,8,14,0.8818091503484672,True,0.9665572006440748,2.6513280868530273
bo_unconstrained,8,15,0.929086696861406,True,0.9665572006440748,2.6513280868530273
bo_unconstrained,8,16,0.9308695499406354,True,0.9665572006440748,2.6513280868530273
bo_unconstrained,8,17,0.9234631975248424,True,0.9665572006440748,2.6513280868530273
bo_unconstrained,8,18,0.9656399299878711,True,0.9665572006440748,2.6513280868530273
bo_unconstrained,8,19,0.966383942589061,True,0.9665572006440748,2.6513280868530273
bo_unconstrained,8,20,0.9629750898335914,True,0.9665572006440748,2.6513280868530273
bo_unconstrained,9,1,0.563605581757714,True,0.563605581757714,2.7146339416503906
bo_unconstrained,9,2,0.26770795112167717,True,0.563605581757714,2.7146339416503906
bo_unconstrained,9,3,0.12194737117712862,True,0.563605581757714,2.7146339416503906
bo_unconstrained,9,4,0.16162896069419797,True,0.563605581757714,2.7146339416503906
bo_unconstrained,9,5,0.5802067060424629,True,0.5802067060424629,2.7146339416503906
bo_unconstrained,9,6,0.4444184131257052,True,0.5802067060424629,2.7146339416503906
bo_unconstrained,9,7,0.0846747479601262,True,0.5802067060424629,2.7146339416503906
bo_unconstrained,9,8,0.445456425835942,True,0.5802067060424629,2.7146339416503906
bo_unconstrained,9,9,0.6099701490365793,True,0.6099701490365793,2.7146339416503906
bo_unconstrained,9,10,0.5443181653583835,True,0.6099701490365793,2.7146339416503906
bo_unconstrained,9,11,0.5529614993634101,True,0.6099701490365793,2.7146339416503906
bo_unconstrained,9,12,0.7219078571545294,True,0.7219078571545294,2.7146339416503906
bo_unconstrained,9,13,0.0,True,0.7219078571545294,2.7146339416503906
bo_unconstrained,9,14,0.9107878070072314,True,0.9107878070072314,2.7146339416503906
bo_unconstrained,9,15,0.46833127760465554,True,0.9107878070072314,2.7146339416503906
bo_unconstrained,9,16,0.9294369660558431,True,0.9294369660558431,2.7146339416503906
bo_unconstrained,9,17,0.819073656138172,True,0.9294369660558431,2.7146339416503906
bo_unconstrained,9,18,0.24209268802307382,True,0.9294369660558431,2.7146339416503906
bo_unconstrained,9,19,0.905273296054872,True,0.9294369660558431,2.7146339416503906
bo_unconstrained,9,20,0.6652202514512432,True,0.9294369660558431,2.7146339416503906
bo_unconstrained,10,1,0.014920937539611101,True,0.014920937539611101,3.5215396881103516
bo_unconstrained,10,2,0.5241296488124555,True,0.5241296488124555,3.5215396881103516
bo_unconstrained,10,3,0.42652319764664115,True,0.5241296488124555,3.5215396881103516
bo_unconstrained,10,4,0.28940983124996866,True,0.5241296488124555,3.5215396881103516
bo_unconstrained,10,5,0.5334389016811449,True,0.5334389016811449,3.5215396881103516
bo_unconstrained,10,6,0.5475569122188148,True,0.5475569122188148,3.5215396881103516
bo_unconstrained,10,7,0.265592543697814,True,0.5475569122188148,3.5215396881103516
bo_unconstrained,10,8,0.2100652254616614,True,0.5475569122188148,3.5215396881103516
bo_unconstrained,10,9,0.7298406068611458,True,0.7298406068611458,3.5215396881103516
bo_unconstrained,10,10,0.8244510339430503,True,0.8244510339430503,3.5215396881103516
bo_unconstrained,10,11,0.9321492250342303,True,0.9321492250342303,3.5215396881103516
bo_unconstrained,10,12,0.8894884538748195,True,0.9321492250342303,3.5215396881103516
bo_unconstrained,10,13,0.4451283530543345,True,0.9321492250342303,3.5215396881103516
bo_unconstrained,10,14,0.9276841148799191,True,0.9321492250342303,3.5215396881103516
bo_unconstrained,10,15,0.8953334391249528,True,0.9321492250342303,3.5215396881103516
bo_unconstrained,10,16,0.6242109478136991,True,0.9321492250342303,3.5215396881103516
bo_unconstrained,10,17,0.819073656138172,True,0.9321492250342303,3.5215396881103516
bo_unconstrained,10,18,0.819073656138172,True,0.9321492250342303,3.5215396881103516
bo_unconstrained,10,19,0.6719096674342858,True,0.9321492250342303,3.5215396881103516
bo_unconstrained,10,20,0.7096618149590703,True,0.9321492250342303,3.5215396881103516
bo_unconstrained,11,1,0.6250846799535131,True,0.6250846799535131,1.8849942684173584
bo_unconstrained,11,2,0.003254365939780013,True,0.6250846799535131,1.8849942684173584
bo_unconstrained,11,3,0.6023721863727864,True,0.6250846799535131,1.8849942684173584
bo_unconstrained,11,4,0.49784254848778153,True,0.6250846799535131,1.8849942684173584
bo_unconstrained,11,5,0.04799183082761305,True,0.6250846799535131,1.8849942684173584
bo_unconstrained,11,6,0.8479675625167065,True,0.8479675625167065,1.8849942684173584
bo_unconstrained,11,7,0.9140768040373555,True,0.9140768040373555,1.8849942684173584
bo_unconstrained,11,8,0.7381986289529804,True,0.9140768040373555,1.8849942684173584
bo_unconstrained,11,9,0.7278672574790419,True,0.9140768040373555,1.8849942684173584
bo_unconstrained,11,10,0.0,True,0.9140768040373555,1.8849942684173584
bo_unconstrained,11,11,0.14419666978439555,True,0.9140768040373555,1.8849942684173584
bo_unconstrained,11,12,0.6645728448726156,True,0.9140768040373555,1.8849942684173584
bo_unconstrained,11,13,0.10714136108412187,True,0.9140768040373555,1.8849942684173584
bo_unconstrained,11,14,0.8891976965153958,True,0.9140768040373555,1.8849942684173584
bo_unconstrained,11,15,0.8850746446269782,True,0.9140768040373555,1.8849942684173584
bo_unconstrained,11,16,0.8785812749150343,True,0.9140768040373555,1.8849942684173584
bo_unconstrained,11,17,0.7597219408189516,True,0.9140768040373555,1.8849942684173584
bo_unconstrained,11,18,0.8965791898003672,True,0.9140768040373555,1.8849942684173584
bo_unconstrained,11,19,0.46098021746733875,True,0.9140768040373555,1.8849942684173584
bo_unconstrained,11,20,0.8968146053847352,True,0.9140768040373555,1.8849942684173584
bo_unconstrained,12,1,0.12271541287926313,True,0.12271541287926313,3.058206796646118
bo_unconstrained,12,2,0.6462383043095787,True,0.6462383043095787,3.058206796646118
bo_unconstrained,12,3,0.3786628188331023,True,0.6462383043095787,3.058206796646118
bo_unconstrained,12,4,0.007033564946117399,True,0.6462383043095787,3.058206796646118
bo_unconstrained,12,5,0.7092210779826295,True,0.7092210779826295,3.058206796646118
bo_unconstrained,12,6,0.8663187535151953,True,0.8663187535151953,3.058206796646118
bo_unconstrained,12,7,0.5896188710113666,True,0.8663187535151953,3.058206796646118
bo_unconstrained,12,8,0.2748094226863923,True,0.8663187535151953,3.058206796646118
bo_unconstrained,12,9,0.2126848657077005,True,0.8663187535151953,3.058206796646118
bo_unconstrained,12,10,0.9038418091480845,True,0.9038418091480845,3.058206796646118
bo_unconstrained,12,11,0.8444138238548746,True,0.9038418091480845,3.058206796646118
bo_unconstrained,12,12,0.8256597165290042,True,0.9038418091480845,3.058206796646118
bo_unconstrained,12,13,0.9230631407485008,True,0.9230631407485008,3.058206796646118
bo_unconstrained,12,14,0.9068713248115581,True,0.9230631407485008,3.058206796646118
bo_unconstrained,12,15,0.4420863300483981,True,0.9230631407485008,3.058206796646118
bo_unconstrained,12,16,0.7156089293789565,True,0.9230631407485008,3.058206796646118
bo_unconstrained,12,17,0.698305342066626,True,0.9230631407485008,3.058206796646118
bo_unconstrained,12,18,0.9031443057789199,True,0.9230631407485008,3.058206796646118
bo_unconstrained,12,19,0.6067038005672999,True,0.9230631407485008,3.058206796646118
bo_unconstrained,12,20,0.587656864884446,True,0.9230631407485008,3.058206796646118
bo_unconstrained,13,1,0.429899070538207,True,0.429899070538207,5.106863498687744
bo_unconstrained,13,2,0.017690350601255123,True,0.429899070538207,5.106863498687744
bo_unconstrained,13,3,0.38404249734680923,True,0.429899070538207,5.106863498687744
bo_unconstrained,13,4,0.5314196803332981,True,0.5314196803332981,5.106863498687744
bo_unconstrained,13,5,0.6427254489990676,True,0.6427254489990676,5.106863498687744
bo_unconstrained,13,6,0.7807176853557991,True,0.7807176853557991,5.106863498687744
bo_unconstrained,13,7,0.8498070021433703,True,0.8498070021433703,5.106863498687744
bo_unconstrained,13,8,0.6400707548405259,True,0.8498070021433703,5.106863498687744
bo_unconstrained,13,9,0.9333689592003677,True,0.9333689592003677,5.106863498687744
bo_unconstrained,13,10,0.8563091511877194,True,0.9333689592003677,5.106863498687744
bo_unconstrained,13,11,0.929888042399425,True,0.9333689592003677,5.106863498687744
bo_unconstrained,13,12,0.9578350921283645,True,0.9578350921283645,5.106863498687744
bo_unconstrained,13,13,0.7849535885054347,True,0.9578350921283645,5.106863498687744
bo_unconstrained,13,14,0.8125999585296109,True,0.9578350921283645,5.106863498687744
bo_unconstrained,13,15,0.957083684552865,True,0.9578350921283645,5.106863498687744
bo_unconstrained,13,16,0.9582352808354595,True,0.9582352808354595,5.106863498687744
bo_unconstrained,13,17,0.9215842510019181,True,0.9582352808354595,5.106863498687744
bo_unconstrained,13,18,0.9612209176399257,True,0.9612209176399257,5.106863498687744
bo_unconstrained,13,19,0.9329365630437754,True,0.9612209176399257,5.106863498687744
bo_unconstrained,13,20,0.9337394744364885,True,0.9612209176399257,5.106863498687744
bo_unconstrained,14,1,0.8327644915481824,True,0.8327644915481824,2.219257354736328
bo_unconstrained,14,2,0.08525779183086679,True,0.8327644915481824,2.219257354736328
bo_unconstrained,14,3,0.5144224601432799,True,0.8327644915481824,2.219257354736328
bo_unconstrained,14,4,0.2391634733707585,True,0.8327644915481824,2.219257354736328
bo_unconstrained,14,5,0.0,True,0.8327644915481824,2.219257354736328
bo_unconstrained,14,6,0.5065310719910159,True,0.8327644915481824,2.219257354736328
bo_unconstrained,14,7,0.845012660655184,True,0.845012660655184,2.219257354736328
bo_unconstrained,14,8,0.7669113628924139,True,0.845012660655184,2.219257354736328
bo_unconstrained,14,9,0.6460734712179205,True,0.845012660655184,2.219257354736328
bo_unconstrained,14,10,0.8367557184775531,True,0.845012660655184,2.219257354736328
bo_unconstrained,14,11,0.38008486781970047,True,0.845012660655184,2.219257354736328
bo_unconstrained,14,12,0.9181640528003556,True,0.9181640528003556,2.219257354736328
bo_unconstrained,14,13,0.17804607163120384,True,0.9181640528003556,2.219257354736328
bo_unconstrained,14,14,0.7131821908456044,True,0.9181640528003556,2.219257354736328
bo_unconstrained,14,15,0.19281018745828254,True,0.9181640528003556,2.219257354736328
bo_unconstrained,14,16,0.8315916259122902,True,0.9181640528003556,2.219257354736328
bo_unconstrained,14,17,0.6668216536071487,True,0.9181640528003556,2.219257354736328
bo_unconstrained,14,18,0.8266547795555892,True,0.9181640528003556,2.219257354736328
bo_unconstrained,14,19,0.8820602987992066,True,0.9181640528003556,2.219257354736328
bo_unconstrained,14,20,0.9017337649683197,True,0.9181640528003556,2.219257354736328
bo_unconstrained,15,1,0.2125960217067065,True,0.2125960217067065,2.7876298427581787
bo_unconstrained,15,2,0.010531684080614778,True,0.2125960217067065,2.7876298427581787
bo_unconstrained,15,3,0.4377770453377626,True,0.4377770453377626,2.7876298427581787
bo_unconstrained,15,4,0.8209595991080568,True,0.8209595991080568,2.7876298427581787
bo_unconstrained,15,5,0.09003445157320267,True,0.8209595991080568,2.7876298427581787
bo_unconstrained,15,6,0.19666574320336955,True,0.8209595991080568,2.7876298427581787
bo_unconstrained,15,7,0.7360237601261441,True,0.8209595991080568,2.7876298427581787
bo_unconstrained,15,8,0.819073656138172,True,0.8209595991080568,2.7876298427581787
bo_unconstrained,15,9,0.7062616031815412,True,0.8209595991080568,2.7876298427581787
bo_unconstrained,15,10,0.819073656138172,True,0.8209595991080568,2.7876298427581787
bo_unconstrained,15,11,0.48106023836545386,True,0.8209595991080568,2.7876298427581787
bo_unconstrained,15,12,0.819073656138172,True,0.8209595991080568,2.7876298427581787
bo_unconstrained,15,13,0.819073656138172,True,0.8209595991080568,2.7876298427581787
bo_unconstrained,15,14,0.819073656138172,True,0.8209595991080568,2.7876298427581787
bo_unconstrained,15,15,0.6824550916714757,True,0.8209595991080568,2.7876298427581787
bo_unconstrained,15,16,0.8716615730014506,True,0.8716615730014506,2.7876298427581787
bo_unconstrained,15,17,0.9227690729365241,True,0.9227690729365241,2.7876298427581787
bo_unconstrained,15,18,0.9328860384052599,True,0.9328860384052599,2.7876298427581787
bo_unconstrained,15,19,0.745976870658311,True,0.9328860384052599,2.7876298427581787
bo_unconstrained,15,20,0.9341197931719187,True,0.9341197931719187,2.7876298427581787
bo_unconstrained,16,1,0.3042955321011732,True,0.3042955321011732,3.1479945182800293
bo_unconstrained,16,2,0.01003196716240684,True,0.3042955321011732,3.1479945182800293
bo_unconstrained,16,3,0.21131629904393245,True,0.3042955321011732,3.1479945182800293
bo_unconstrained,16,4,0.305021251458066,True,0.305021251458066,3.1479945182800293
bo_unconstrained,16,5,0.8516333270024408,True,0.8516333270024408,3.1479945182800293
bo_unconstrained,16,6,0.0,True,0.8516333270024408,3.1479945182800293
bo_unconstrained,16,7,0.819073656138172,True,0.8516333270024408,3.1479945182800293
bo_unconstrained,16,8,0.8911493465756719,True,0.8911493465756719,3.1479945182800293
bo_unconstrained,16,9,0.8920939810031883,True,0.8920939810031883,3.1479945182800293
bo_unconstrained,16,10,0.860180620779161,True,0.8920939810031883,3.1479945182800293
bo_unconstrained,16,11,0.9159007610203256,True,0.9159007610203256,3.1479945182800293
bo_unconstrained,16,12,0.9647415965642474,True,0.9647415965642474,3.1479945182800293
bo_unconstrained,16,13,0.8720534465005494,True,0.9647415965642474,3.1479945182800293
bo_unconstrained,16,14,0.715950487084136,True,0.9647415965642474,3.1479945182800293
bo_unconstrained,16,15,0.8056298471643439,True,0.9647415965642474,3.1479945182800293
bo_unconstrained,16,16,0.853032265342408,True,0.9647415965642474,3.1479945182800293
bo_unconstrained,16,17,0.7769313645550586,True,0.9647415965642474,3.1479945182800293
bo_unconstrained,16,18,0.7295956738127641,True,0.9647415965642474,3.1479945182800293
bo_unconstrained,16,19,0.9619329338886459,True,0.9647415965642474,3.1479945182800293
bo_unconstrained,16,20,0.7562996779601929,True,0.9647415965642474,3.1479945182800293
bo_unconstrained,17,1,0.18423109669509552,True,0.18423109669509552,2.4478094577789307
bo_unconstrained,17,2,0.716630418895717,True,0.716630418895717,2.4478094577789307
bo_unconstrained,17,3,0.21203464120501642,True,0.716630418895717,2.4478094577789307
bo_unconstrained,17,4,0.7465448771634805,True,0.7465448771634805,2.4478094577789307
bo_unconstrained,17,5,0.19743806421724186,True,0.7465448771634805,2.4478094577789307
bo_unconstrained,17,6,0.48106023836545386,True,0.7465448771634805,2.4478094577789307
bo_unconstrained,17,7,0.838939141623754,True,0.838939141623754,2.4478094577789307
bo_unconstrained,17,8,0.8544560965131411,True,0.8544560965131411,2.4478094577789307
bo_unconstrained,17,9,0.852073903819431,True,0.8544560965131411,2.4478094577789307
bo_unconstrained,17,10,0.0,True,0.8544560965131411,2.4478094577789307
bo_unconstrained,17,11,0.5946501844372926,True,0.8544560965131411,2.4478094577789307
bo_unconstrained,17,12,0.1739733066874644,True,0.8544560965131411,2.4478094577789307
bo_unconstrained,17,13,0.275307905481368,True,0.8544560965131411,2.4478094577789307
bo_unconstrained,17,14,0.8963149647419952,True,0.8963149647419952,2.4478094577789307
bo_unconstrained,17,15,0.8178811947349398,True,0.8963149647419952,2.4478094577789307
bo_unconstrained,17,16,0.5192915820167932,True,0.8963149647419952,2.4478094577789307
bo_unconstrained,17,17,0.7865409576222713,True,0.8963149647419952,2.4478094577789307
bo_unconstrained,17,18,0.8875449436761853,True,0.8963149647419952,2.4478094577789307
bo_unconstrained,17,19,0.8807326466997123,True,0.8963149647419952,2.4478094577789307
bo_unconstrained,17,20,0.15445145920216674,True,0.8963149647419952,2.4478094577789307
bo_unconstrained,18,1,0.3259050225562892,True,0.3259050225562892,3.3524973392486572
bo_unconstrained,18,2,0.30347098048114757,True,0.3259050225562892,3.3524973392486572
bo_unconstrained,18,3,0.25116139265259496,True,0.3259050225562892,3.3524973392486572
bo_unconstrained,18,4,0.26589606354093204,True,0.3259050225562892,3.3524973392486572
bo_unconstrained,18,5,0.5392458051617746,True,0.5392458051617746,3.3524973392486572
bo_unconstrained,18,6,0.6971968211116278,True,0.6971968211116278,3.3524973392486572
bo_unconstrained,18,7,0.8811409319232657,True,0.8811409319232657,3.3524973392486572
bo_unconstrained,18,8,0.05116466068138403,True,0.8811409319232657,3.3524973392486572
bo_unconstrained,18,9,0.8695379569433282,True,0.8811409319232657,3.3524973392486572
bo_unconstrained,18,10,0.6735025243716656,True,0.8811409319232657,3.3524973392486572
bo_unconstrained,18,11,0.7079412381666866,True,0.8811409319232657,3.3524973392486572
bo_unconstrained,18,12,0.41323695974024044,True,0.8811409319232657,3.3524973392486572
bo_unconstrained,18,13,0.8391152563693413,True,0.8811409319232657,3.3524973392486572
bo_unconstrained,18,14,0.7904953536638796,True,0.8811409319232657,3.3524973392486572
bo_unconstrained,18,15,0.6910286201228836,True,0.8811409319232657,3.3524973392486572
bo_unconstrained,18,16,0.9373767657655994,True,0.9373767657655994,3.3524973392486572
bo_unconstrained,18,17,0.91176752263746,True,0.9373767657655994,3.3524973392486572
bo_unconstrained,18,18,0.819073656138172,True,0.9373767657655994,3.3524973392486572
bo_unconstrained,18,19,0.7189624037557751,True,0.9373767657655994,3.3524973392486572
bo_unconstrained,18,20,0.31790917187824874,True,0.9373767657655994,3.3524973392486572
bo_unconstrained,19,1,0.03633645272707542,True,0.03633645272707542,2.7467520236968994
bo_unconstrained,19,2,0.25987779611152756,True,0.25987779611152756,2.7467520236968994
bo_unconstrained,19,3,0.08665637740252241,True,0.25987779611152756,2.7467520236968994
bo_unconstrained,19,4,0.7378471012640099,True,0.7378471012640099,2.7467520236968994
bo_unconstrained,19,5,0.5665270269016611,True,0.7378471012640099,2.7467520236968994
bo_unconstrained,19,6,0.614532193099468,True,0.7378471012640099,2.7467520236968994
bo_unconstrained,19,7,0.9432770643292159,True,0.9432770643292159,2.7467520236968994
bo_unconstrained,19,8,0.9320153934902067,True,0.9432770643292159,2.7467520236968994
bo_unconstrained,19,9,0.9409262192024901,True,0.9432770643292159,2.7467520236968994
bo_unconstrained,19,10,0.14931464799217398,True,0.9432770643292159,2.7467520236968994
bo_unconstrained,19,11,0.004911831922886689,True,0.9432770643292159,2.7467520236968994
bo_unconstrained,19,12,0.19160612558848056,True,0.9432770643292159,2.7467520236968994
bo_unconstrained,19,13,0.8144258879127477,True,0.9432770643292159,2.7467520236968994
bo_unconstrained,19,14,0.9661625183540483,True,0.9661625183540483,2.7467520236968994
bo_unconstrained,19,15,0.9639646589045482,True,0.9661625183540483,2.7467520236968994
bo_unconstrained,19,16,0.9638070194331682,True,0.9661625183540483,2.7467520236968994
bo_unconstrained,19,17,0.9636591375494998,True,0.9661625183540483,2.7467520236968994
bo_unconstrained,19,18,0.9665730566525588,True,0.9665730566525588,2.7467520236968994
bo_unconstrained,19,19,0.886496447428855,True,0.9665730566525588,2.7467520236968994
bo_unconstrained,19,20,0.9624852315900552,True,0.9665730566525588,2.7467520236968994
bo_unconstrained,20,1,0.9150266141287584,True,0.9150266141287584,3.263293981552124
bo_unconstrained,20,2,0.13476467220468946,True,0.9150266141287584,3.263293981552124
bo_unconstrained,20,3,0.07641082473041882,True,0.9150266141287584,3.263293981552124
bo_unconstrained,20,4,0.6015902991926705,True,0.9150266141287584,3.263293981552124
bo_unconstrained,20,5,0.0,True,0.9150266141287584,3.263293981552124
bo_unconstrained,20,6,0.6804965249690313,True,0.9150266141287584,3.263293981552124
bo_unconstrained,20,7,0.819073656138172,True,0.9150266141287584,3.263293981552124
bo_unconstrained,20,8,0.8721954104131154,True,0.9150266141287584,3.263293981552124
bo_unconstrained,20,9,0.9634386533602655,True,0.9634386533602655,3.263293981552124
bo_unconstrained,20,10,0.9566871728300277,True,0.9634386533602655,3.263293981552124
bo_unconstrained,20,11,0.8912405779974046,True,0.9634386533602655,3.263293981552124
bo_unconstrained,20,12,0.9548058624508655,True,0.9634386533602655,3.263293981552124
bo_unconstrained,20,13,0.4562948533717346,True,0.9634386533602655,3.263293981552124
bo_unconstrained,20,14,0.9632318050379747,True,0.9634386533602655,3.263293981552124
bo_unconstrained,20,15,0.8925532033309441,True,0.9634386533602655,3.263293981552124
bo_unconstrained,20,16,0.9286938812242302,True,0.9634386533602655,3.263293981552124
bo_unconstrained,20,17,0.8371103244733318,True,0.9634386533602655,3.263293981552124
bo_unconstrained,20,18,0.9674329651408913,True,0.9674329651408913,3.263293981552124
bo_unconstrained,20,19,0.9670714702828834,True,0.9674329651408913,3.263293981552124
bo_unconstrained,20,20,0.9670801603717123,True,0.9674329651408913,3.263293981552124
bo_unconstrained,21,1,0.6105480661904211,True,0.6105480661904211,3.2296721935272217
bo_unconstrained,21,2,0.0,True,0.6105480661904211,3.2296721935272217
bo_unconstrained,21,3,0.3269435402430213,True,0.6105480661904211,3.2296721935272217
bo_unconstrained,21,4,0.1673726512036301,True,0.6105480661904211,3.2296721935272217
bo_unconstrained,21,5,0.7600347751224333,True,0.7600347751224333,3.2296721935272217
bo_unconstrained,21,6,0.9160399776390762,True,0.9160399776390762,3.2296721935272217
bo_unconstrained,21,7,0.16108313926618373,True,0.9160399776390762,3.2296721935272217
bo_unconstrained,21,8,0.8522706198896737,True,0.9160399776390762,3.2296721935272217
bo_unconstrained,21,9,0.9341180287376287,True,0.9341180287376287,3.2296721935272217
bo_unconstrained,21,10,0.745976870658311,True,0.9341180287376287,3.2296721935272217
bo_unconstrained,21,11,0.819073656138172,True,0.9341180287376287,3.2296721935272217
bo_unconstrained,21,12,0.0,True,0.9341180287376287,3.2296721935272217
bo_unconstrained,21,13,0.9631593768463249,True,0.9631593768463249,3.2296721935272217
bo_unconstrained,21,14,0.7213200754245743,True,0.9631593768463249,3.2296721935272217
bo_unconstrained,21,15,0.9537230449260543,True,0.9631593768463249,3.2296721935272217
bo_unconstrained,21,16,0.6052584283424887,True,0.9631593768463249,3.2296721935272217
bo_unconstrained,21,17,0.6012087027641089,True,0.9631593768463249,3.2296721935272217
bo_unconstrained,21,18,0.43201733514187945,True,0.9631593768463249,3.2296721935272217
bo_unconstrained,21,19,0.2078834087590078,True,0.9631593768463249,3.2296721935272217
bo_unconstrained,21,20,0.43667967120041773,True,0.9631593768463249,3.2296721935272217
bo_unconstrained,22,1,0.17898752391168354,True,0.17898752391168354,2.7811410427093506
bo_unconstrained,22,2,0.3669283534397612,True,0.3669283534397612,2.7811410427093506
bo_unconstrained,22,3,0.4402644582013203,True,0.4402644582013203,2.7811410427093506
bo_unconstrained,22,4,0.8494585936503969,True,0.8494585936503969,2.7811410427093506
bo_unconstrained,22,5,0.004477538975481199,True,0.8494585936503969,2.7811410427093506
bo_unconstrained,22,6,0.03564925348107295,True,0.8494585936503969,2.7811410427093506
bo_unconstrained,22,7,0.9303620735844763,True,0.9303620735844763,2.7811410427093506
bo_unconstrained,22,8,0.10931532540829425,True,0.9303620735844763,2.7811410427093506
bo_unconstrained,22,9,0.9132554819831892,True,0.9303620735844763,2.7811410427093506
bo_unconstrained,22,10,0.9502415996642437,True,0.9502415996642437,2.7811410427093506
bo_unconstrained,22,11,0.8121592065265666,True,0.9502415996642437,2.7811410427093506
bo_unconstrained,22,12,0.16950107770429695,True,0.9502415996642437,2.7811410427093506
bo_unconstrained,22,13,0.2373867627258736,True,0.9502415996642437,2.7811410427093506
bo_unconstrained,22,14,0.672726802952894,True,0.9502415996642437,2.7811410427093506
bo_unconstrained,22,15,0.8230622316059105,True,0.9502415996642437,2.7811410427093506
bo_unconstrained,22,16,0.5842066854967966,True,0.9502415996642437,2.7811410427093506
bo_unconstrained,22,17,0.47971969950719073,True,0.9502415996642437,2.7811410427093506
bo_unconstrained,22,18,0.45204615933026265,True,0.9502415996642437,2.7811410427093506
bo_unconstrained,22,19,0.8570299193288895,True,0.9502415996642437,2.7811410427093506
bo_unconstrained,22,20,0.8664831614785893,True,0.9502415996642437,2.7811410427093506
bo_unconstrained,23,1,0.3822469091232943,True,0.3822469091232943,3.7296807765960693
bo_unconstrained,23,2,0.5169336947616052,True,0.5169336947616052,3.7296807765960693
bo_unconstrained,23,3,0.1572949748639571,True,0.5169336947616052,3.7296807765960693
bo_unconstrained,23,4,0.2257165726530972,True,0.5169336947616052,3.7296807765960693
bo_unconstrained,23,5,0.26303969474221467,True,0.5169336947616052,3.7296807765960693
bo_unconstrained,23,6,0.3629339774917057,True,0.5169336947616052,3.7296807765960693
bo_unconstrained,23,7,0.24505189030432045,True,0.5169336947616052,3.7296807765960693
bo_unconstrained,23,8,0.1692360827210978,True,0.5169336947616052,3.7296807765960693
bo_unconstrained,23,9,0.6288858587812235,True,0.6288858587812235,3.7296807765960693
bo_unconstrained,23,10,0.137124276689309,True,0.6288858587812235,3.7296807765960693
bo_unconstrained,23,11,0.24531846380687322,True,0.6288858587812235,3.7296807765960693
bo_unconstrained,23,12,0.7229674708402335,True,0.7229674708402335,3.7296807765960693
bo_unconstrained,23,13,0.49506749833347874,True,0.7229674708402335,3.7296807765960693
bo_unconstrained,23,14,0.7048216913475618,True,0.7229674708402335,3.7296807765960693
bo_unconstrained,23,15,0.7876054247762401,True,0.7876054247762401,3.7296807765960693
bo_unconstrained,23,16,0.8545187524628183,True,0.8545187524628183,3.7296807765960693
bo_unconstrained,23,17,0.8536281293603136,True,0.8545187524628183,3.7296807765960693
bo_unconstrained,23,18,0.7542507832534503,True,0.8545187524628183,3.7296807765960693
bo_unconstrained,23,19,0.8841710762710304,True,0.8841710762710304,3.7296807765960693
bo_unconstrained,23,20,0.8822329684403764,True,0.8841710762710304,3.7296807765960693
bo_unconstrained,24,1,0.2954746258614155,True,0.2954746258614155,3.051037311553955
bo_unconstrained,24,2,0.1918311833386111,True,0.2954746258614155,3.051037311553955
bo_unconstrained,24,3,0.5291072560624367,True,0.5291072560624367,3.051037311553955
bo_unconstrained,24,4,0.7416471321898324,True,0.7416471321898324,3.051037311553955
bo_unconstrained,24,5,0.0,True,0.7416471321898324,3.051037311553955
bo_unconstrained,24,6,0.7561938989703715,True,0.7561938989703715,3.051037311553955
bo_unconstrained,24,7,0.9363626883786133,True,0.9363626883786133,3.051037311553955
bo_unconstrained,24,8,0.8269272252817848,True,0.9363626883786133,3.051037311553955
bo_unconstrained,24,9,0.9345730205169684,True,0.9363626883786133,3.051037311553955
bo_unconstrained,24,10,0.6765706920439888,True,0.9363626883786133,3.051037311553955
bo_unconstrained,24,11,0.9405982859410276,True,0.9405982859410276,3.051037311553955
bo_unconstrained,24,12,0.84975067281407,True,0.9405982859410276,3.051037311553955
bo_unconstrained,24,13,0.07755859261644116,True,0.9405982859410276,3.051037311553955
bo_unconstrained,24,14,0.0,True,0.9405982859410276,3.051037311553955
bo_unconstrained,24,15,0.7320828399637027,True,0.9405982859410276,3.051037311553955
bo_unconstrained,24,16,0.39546003976911354,True,0.9405982859410276,3.051037311553955
bo_unconstrained,24,17,0.7983409714013044,True,0.9405982859410276,3.051037311553955
bo_unconstrained,24,18,0.46695545244719894,True,0.9405982859410276,3.051037311553955
bo_unconstrained,24,19,0.04940916280369212,True,0.9405982859410276,3.051037311553955
bo_unconstrained,24,20,0.2611014564661447,True,0.9405982859410276,3.051037311553955
bo_unconstrained,25,1,0.22636156862344153,True,0.22636156862344153,3.5996835231781006
bo_unconstrained,25,2,0.5937075873703824,True,0.5937075873703824,3.5996835231781006
bo_unconstrained,25,3,0.41179611197615656,True,0.5937075873703824,3.5996835231781006
bo_unconstrained,25,4,0.5016778632925896,True,0.5937075873703824,3.5996835231781006
bo_unconstrained,25,5,0.0326409045020456,True,0.5937075873703824,3.5996835231781006
bo_unconstrained,25,6,0.2592253815903344,True,0.5937075873703824,3.5996835231781006
bo_unconstrained,25,7,0.661961046286017,True,0.661961046286017,3.5996835231781006
bo_unconstrained,25,8,0.45753872037662535,True,0.661961046286017,3.5996835231781006
bo_unconstrained,25,9,0.12291739057238038,True,0.661961046286017,3.5996835231781006
bo_unconstrained,25,10,0.1660401736319227,True,0.661961046286017,3.5996835231781006
bo_unconstrained,25,11,0.6370495276184848,True,0.661961046286017,3.5996835231781006
bo_unconstrained,25,12,0.6751241953581517,True,0.6751241953581517,3.5996835231781006
bo_unconstrained,25,13,0.7941063621429589,True,0.7941063621429589,3.5996835231781006
bo_unconstrained,25,14,0.9090523721766375,True,0.9090523721766375,3.5996835231781006
bo_unconstrained,25,15,0.864963911157002,True,0.9090523721766375,3.5996835231781006
bo_unconstrained,25,16,0.9280341443594591,True,0.9280341443594591,3.5996835231781006
bo_unconstrained,25,17,0.9181465547751075,True,0.9280341443594591,3.5996835231781006
bo_unconstrained,25,18,0.745976870658311,True,0.9280341443594591,3.5996835231781006
bo_unconstrained,25,19,0.9339287647878645,True,0.9339287647878645,3.5996835231781006
bo_unconstrained,25,20,0.9649734818680127,True,0.9649734818680127,3.5996835231781006
bo_unconstrained,26,1,0.025427439526966022,True,0.025427439526966022,1.9785380363464355
bo_unconstrained,26,2,0.41614510914732017,True,0.41614510914732017,1.9785380363464355
bo_unconstrained,26,3,0.5168424582862775,True,0.5168424582862775,1.9785380363464355
bo_unconstrained,26,4,0.5648997153389698,True,0.5648997153389698,1.9785380363464355
bo_unconstrained,26,5,0.14875432795044508,True,0.5648997153389698,1.9785380363464355
bo_unconstrained,26,6,0.10468871706302829,True,0.5648997153389698,1.9785380363464355
bo_unconstrained,26,7,0.5835527355159915,True,0.5835527355159915,1.9785380363464355
bo_unconstrained,26,8,0.21241528747220823,True,0.5835527355159915,1.9785380363464355
bo_unconstrained,26,9,0.6625955591311151,True,0.6625955591311151,1.9785380363464355
bo_unconstrained,26,10,0.44053608687235046,True,0.6625955591311151,1.9785380363464355
bo_unconstrained,26,11,0.7390978807628309,True,0.7390978807628309,1.9785380363464355
bo_unconstrained,26,12,0.2384639805565556,True,0.7390978807628309,1.9785380363464355
bo_unconstrained,26,13,0.12232351189109791,True,0.7390978807628309,1.9785380363464355
bo_unconstrained,26,14,0.8689968598676939,True,0.8689968598676939,1.9785380363464355
bo_unconstrained,26,15,0.6914054957798487,True,0.8689968598676939,1.9785380363464355
bo_unconstrained,26,16,0.5792650835248663,True,0.8689968598676939,1.9785380363464355
bo_unconstrained,26,17,0.5515443157744092,True,0.8689968598676939,1.9785380363464355
bo_unconstrained,26,18,0.9099985873762502,True,0.9099985873762502,1.9785380363464355
bo_unconstrained,26,19,0.819073656138172,True,0.9099985873762502,1.9785380363464355
bo_unconstrained,26,20,0.9537608564592603,True,0.9537608564592603,1.9785380363464355
bo_unconstrained,27,1,0.0,True,0.0,3.2289645671844482
bo_unconstrained,27,2,0.5835547134278357,True,0.5835547134278357,3.2289645671844482
bo_unconstrained,27,3,0.3807039463175489,True,0.5835547134278357,3.2289645671844482
bo_unconstrained,27,4,0.2440430810710384,True,0.5835547134278357,3.2289645671844482
bo_unconstrained,27,5,0.8134757651678304,True,0.8134757651678304,3.2289645671844482
bo_unconstrained,27,6,0.13813026836088654,True,0.8134757651678304,3.2289645671844482
bo_unconstrained,27,7,0.7982015237097267,True,0.8134757651678304,3.2289645671844482
bo_unconstrained,27,8,0.9386140898967708,True,0.9386140898967708,3.2289645671844482
bo_unconstrained,27,9,0.921784849092262,True,0.9386140898967708,3.2289645671844482
bo_unconstrained,27,10,0.7616372389276606,True,0.9386140898967708,3.2289645671844482
bo_unconstrained,27,11,0.9537909285934107,True,0.9537909285934107,3.2289645671844482
bo_unconstrained,27,12,0.0,True,0.9537909285934107,3.2289645671844482
bo_unconstrained,27,13,0.22947481469333664,True,0.9537909285934107,3.2289645671844482
bo_unconstrained,27,14,0.803445966905786,True,0.9537909285934107,3.2289645671844482
bo_unconstrained,27,15,0.9156258008544169,True,0.9537909285934107,3.2289645671844482
bo_unconstrained,27,16,0.05280316081362868,True,0.9537909285934107,3.2289645671844482
bo_unconstrained,27,17,0.3479520994445504,True,0.9537909285934107,3.2289645671844482
bo_unconstrained,27,18,0.10050365032226494,True,0.9537909285934107,3.2289645671844482
bo_unconstrained,27,19,0.9434577113048686,True,0.9537909285934107,3.2289645671844482
bo_unconstrained,27,20,0.8082459102906907,True,0.9537909285934107,3.2289645671844482
bo_unconstrained,28,1,0.2373892227762336,True,0.2373892227762336,2.0533018112182617
bo_unconstrained,28,2,0.0,True,0.2373892227762336,2.0533018112182617
bo_unconstrained,28,3,0.9357468995415901,True,0.9357468995415901,2.0533018112182617
bo_unconstrained,28,4,0.4374174585402548,True,0.9357468995415901,2.0533018112182617
bo_unconstrained,28,5,0.15503095339185768,True,0.9357468995415901,2.0533018112182617
bo_unconstrained,28,6,0.7618134421810259,True,0.9357468995415901,2.0533018112182617
bo_unconstrained,28,7,0.9586088955416767,True,0.9586088955416767,2.0533018112182617
bo_unconstrained,28,8,0.07329353754099743,True,0.9586088955416767,2.0533018112182617
bo_unconstrained,28,9,0.7580572396938485,True,0.9586088955416767,2.0533018112182617
bo_unconstrained,28,10,0.85896571642372,True,0.9586088955416767,2.0533018112182617
bo_unconstrained,28,11,0.8234594159177018,True,0.9586088955416767,2.0533018112182617
bo_unconstrained,28,12,0.7149698779972725,True,0.9586088955416767,2.0533018112182617
bo_unconstrained,28,13,0.819073656138172,True,0.9586088955416767,2.0533018112182617
bo_unconstrained,28,14,0.8968729106330047,True,0.9586088955416767,2.0533018112182617
bo_unconstrained,28,15,0.9345649037860866,True,0.9586088955416767,2.0533018112182617
bo_unconstrained,28,16,0.9347292024144027,True,0.9586088955416767,2.0533018112182617
bo_unconstrained,28,17,0.9258063192955318,True,0.9586088955416767,2.0533018112182617
bo_unconstrained,28,18,0.8528808598366061,True,0.9586088955416767,2.0533018112182617
bo_unconstrained,28,19,0.7103826508667646,True,0.9586088955416767,2.0533018112182617
bo_unconstrained,28,20,0.7647214489286488,True,0.9586088955416767,2.0533018112182617
bo_unconstrained,29,1,0.2445876389060585,True,0.2445876389060585,1.9761042594909668
bo_unconstrained,29,2,0.9063356557058386,True,0.9063356557058386,1.9761042594909668
bo_unconstrained,29,3,0.15401466121632212,True,0.9063356557058386,1.9761042594909668
bo_unconstrained,29,4,0.1301100776918932,True,0.9063356557058386,1.9761042594909668
bo_unconstrained,29,5,0.1380056857591403,True,0.9063356557058386,1.9761042594909668
bo_unconstrained,29,6,0.9275839455090291,True,0.9275839455090291,1.9761042594909668
bo_unconstrained,29,7,0.9438697004983956,True,0.9438697004983956,1.9761042594909668
bo_unconstrained,29,8,0.9103552778670783,True,0.9438697004983956,1.9761042594909668
bo_unconstrained,29,9,0.5813546133274959,True,0.9438697004983956,1.9761042594909668
bo_unconstrained,29,10,0.16719389635808274,True,0.9438697004983956,1.9761042594909668
bo_unconstrained,29,11,0.0,True,0.9438697004983956,1.9761042594909668
bo_unconstrained,29,12,0.7436011480758107,True,0.9438697004983956,1.9761042594909668
bo_unconstrained,29,13,0.3298742529368979,True,0.9438697004983956,1.9761042594909668
bo_unconstrained,29,14,0.9146328971144111,True,0.9438697004983956,1.9761042594909668
bo_unconstrained,29,15,0.9170694645245867,True,0.9438697004983956,1.9761042594909668
bo_unconstrained,29,16,0.7438969949904247,True,0.9438697004983956,1.9761042594909668
bo_unconstrained,29,17,0.8711203706547965,True,0.9438697004983956,1.9761042594909668
bo_unconstrained,29,18,0.856104897496704,True,0.9438697004983956,1.9761042594909668
bo_unconstrained,29,19,0.9270161644950882,True,0.9438697004983956,1.9761042594909668
bo_unconstrained,29,20,0.8786246306122409,True,0.9438697004983956,1.9761042594909668
bo_constrained,0,1,0.0,True,0.0,3.5904202461242676
bo_constrained,0,2,0.7135575050756903,True,0.7135575050756903,3.5904202461242676
bo_constrained,0,3,0.7368222783228873,True,0.7368222783228873,3.5904202461242676
bo_constrained,0,4,0.5286558477328445,True,0.7368222783228873,3.5904202461242676
bo_constrained,0,5,0.0,True,0.7368222783228873,3.5904202461242676
bo_constrained,0,6,0.819073656138172,True,0.819073656138172,3.5904202461242676
bo_constrained,0,7,0.9488212699283566,True,0.9488212699283566,3.5904202461242676
bo_constrained,0,8,0.7897304229594414,True,0.9488212699283566,3.5904202461242676
bo_constrained,0,9,0.6404967329780087,True,0.9488212699283566,3.5904202461242676
bo_constrained,0,10,0.934520207025114,True,0.9488212699283566,3.5904202461242676
bo_constrained,0,11,0.48106023836545386,True,0.9488212699283566,3.5904202461242676
bo_constrained,0,12,0.8884664526056919,True,0.9488212699283566,3.5904202461242676
bo_constrained,0,13,0.8888125291768777,True,0.9488212699283566,3.5904202461242676
bo_constrained,0,14,0.819073656138172,True,0.9488212699283566,3.5904202461242676
bo_constrained,0,15,0.8504777394816383,True,0.9488212699283566,3.5904202461242676
bo_constrained,0,16,0.9213773262495513,True,0.9488212699283566,3.5904202461242676
bo_constrained,0,17,0.9651558427053719,True,0.9651558427053719,3.5904202461242676
bo_constrained,0,18,0.8867636723717971,True,0.9651558427053719,3.5904202461242676
bo_constrained,0,19,0.967413021431446,True,0.967413021431446,3.5904202461242676
bo_constrained,0,20,0.968302490580214,True,0.968302490580214,3.5904202461242676
bo_constrained,1,1,0.2633116627508623,True,0.2633116627508623,3.6355254650115967
bo_constrained,1,2,0.33559815926888176,True,0.33559815926888176,3.6355254650115967
bo_constrained,1,3,0.5182738951685878,True,0.5182738951685878,3.6355254650115967
bo_constrained,1,4,0.47145169024314665,True,0.5182738951685878,3.6355254650115967
bo_constrained,1,5,0.19314070931695554,True,0.5182738951685878,3.6355254650115967
bo_constrained,1,6,0.36555813303435386,True,0.5182738951685878,3.6355254650115967
bo_constrained,1,7,0.39573034933317996,True,0.5182738951685878,3.6355254650115967
bo_constrained,1,8,0.6239936904857042,True,0.6239936904857042,3.6355254650115967
bo_constrained,1,9,0.7018128260675912,True,0.7018128260675912,3.6355254650115967
bo_constrained,1,10,0.5610266250268707,True,0.7018128260675912,3.6355254650115967
bo_constrained,1,11,0.4885072293543662,True,0.7018128260675912,3.6355254650115967
bo_constrained,1,12,0.6007319796232223,True,0.7018128260675912,3.6355254650115967
bo_constrained,1,13,0.7092806944480805,True,0.7092806944480805,3.6355254650115967
bo_constrained,1,14,0.7625941587386911,True,0.7625941587386911,3.6355254650115967
bo_constrained,1,15,0.7294386569548112,True,0.7625941587386911,3.6355254650115967
bo_constrained,1,16,0.8404142070456756,True,0.8404142070456756,3.6355254650115967
bo_constrained,1,17,0.9301577772973513,True,0.9301577772973513,3.6355254650115967
bo_constrained,1,18,0.9286644065382531,True,0.9301577772973513,3.6355254650115967
bo_constrained,1,19,0.7692715046869397,True,0.9301577772973513,3.6355254650115967
bo_constrained,1,20,0.854538583944491,True,0.9301577772973513,3.6355254650115967
bo_constrained,2,1,0.439361941527718,True,0.439361941527718,3.33695912361145
bo_constrained,2,2,0.0939917996923102,True,0.439361941527718,3.33695912361145
bo_constrained,2,3,0.6259107099385312,True,0.6259107099385312,3.33695912361145
bo_constrained,2,4,0.6813658750600381,True,0.6813658750600381,3.33695912361145
bo_constrained,2,5,0.0,True,0.6813658750600381,3.33695912361145
bo_constrained,2,6,0.14144043993396482,True,0.6813658750600381,3.33695912361145
bo_constrained,2,7,0.7834822248293551,True,0.7834822248293551,3.33695912361145
bo_constrained,2,8,0.9072839033342519,True,0.9072839033342519,3.33695912361145
bo_constrained,2,9,0.14672655707887688,True,0.9072839033342519,3.33695912361145
bo_constrained,2,10,0.38332099215908794,True,0.9072839033342519,3.33695912361145
bo_constrained,2,11,0.8311619533174316,True,0.9072839033342519,3.33695912361145
bo_constrained,2,12,0.7724828052026844,True,0.9072839033342519,3.33695912361145
bo_constrained,2,13,0.9135618721335699,True,0.9135618721335699,3.33695912361145
bo_constrained,2,14,0.854157344138742,True,0.9135618721335699,3.33695912361145
bo_constrained,2,15,0.9247244843055056,True,0.9247244843055056,3.33695912361145
bo_constrained,2,16,0.0,True,0.9247244843055056,3.33695912361145
bo_constrained,2,17,0.9411698215237091,True,0.9411698215237091,3.33695912361145
bo_constrained,2,18,0.0,True,0.9411698215237091,3.33695912361145
bo_constrained,2,19,0.365719089917268,True,0.9411698215237091,3.33695912361145
bo_constrained,2,20,0.7936401999349718,True,0.9411698215237091,3.33695912361145
bo_constrained,3,1,0.002227667210267681,True,0.002227667210267681,3.563722848892212
bo_constrained,3,2,0.45999088183938003,True,0.45999088183938003,3.563722848892212
bo_constrained,3,3,0.64535030513395,True,0.64535030513395,3.563722848892212
bo_constrained,3,4,0.6503631691478855,True,0.6503631691478855,3.563722848892212
bo_constrained,3,5,0.07644126060061174,True,0.6503631691478855,3.563722848892212
bo_constrained,3,6,0.4727959510882552,True,0.6503631691478855,3.563722848892212
bo_constrained,3,7,0.8028906770917023,True,0.8028906770917023,3.563722848892212
bo_constrained,3,8,0.4265193779877439,True,0.8028906770917023,3.563722848892212
bo_constrained,3,9,0.7533803157288891,True,0.8028906770917023,3.563722848892212
bo_constrained,3,10,0.37730952156597364,True,0.8028906770917023,3.563722848892212
bo_constrained,3,11,0.5327727216265821,True,0.8028906770917023,3.563722848892212
bo_constrained,3,12,0.950019747673712,True,0.950019747673712,3.563722848892212
bo_constrained,3,13,0.6251014910409807,True,0.950019747673712,3.563722848892212
bo_constrained,3,14,0.6016365811525222,True,0.950019747673712,3.563722848892212
bo_constrained,3,15,0.31418976999167214,True,0.950019747673712,3.563722848892212
bo_constrained,3,16,0.8841225189305453,True,0.950019747673712,3.563722848892212
bo_constrained,3,17,0.9172272338162748,True,0.950019747673712,3.563722848892212
bo_constrained,3,18,0.8942022503456175,True,0.950019747673712,3.563722848892212
bo_constrained,3,19,0.6310826715718911,True,0.950019747673712,3.563722848892212
bo_constrained,3,20,0.8832503202815735,True,0.950019747673712,3.563722848892212
bo_constrained,4,1,0.9140410601013038,True,0.9140410601013038,3.6800777912139893
bo_constrained,4,2,0.13211702037440365,True,0.9140410601013038,3.6800777912139893
bo_constrained,4,3,0.40826592408154794,True,0.9140410601013038,3.6800777912139893
bo_constrained,4,4,0.4330217211717715,True,0.9140410601013038,3.6800777912139893
bo_constrained,4,5,0.0,True,0.9140410601013038,3.6800777912139893
bo_constrained,4,6,0.819073656138172,True,0.9140410601013038,3.6800777912139893
bo_constrained,4,7,0.5830893407049883,True,0.9140410601013038,3.6800777912139893
bo_constrained,4,8,0.9327224552260219,True,0.9327224552260219,3.6800777912139893
bo_constrained,4,9,0.9284491258100143,True,0.9327224552260219,3.6800777912139893
bo_constrained,4,10,0.379771743912492,True,0.9327224552260219,3.6800777912139893
bo_constrained,4,11,0.7633442173864142,True,0.9327224552260219,3.6800777912139893
bo_constrained,4,12,0.7862108756937451,True,0.9327224552260219,3.6800777912139893
bo_constrained,4,13,0.745976870658311,True,0.9327224552260219,3.6800777912139893
bo_constrained,4,14,0.8265625944863126,True,0.9327224552260219,3.6800777912139893
bo_constrained,4,15,0.8518938602406448,True,0.9327224552260219,3.6800777912139893
bo_constrained,4,16,0.7649891615045986,True,0.9327224552260219,3.6800777912139893
bo_constrained,4,17,0.6801205811707014,True,0.9327224552260219,3.6800777912139893
bo_constrained,4,18,0.8513262190637276,True,0.9327224552260219,3.6800777912139893
bo_constrained,4,19,0.8681837145005851,True,0.9327224552260219,3.6800777912139893
bo_constrained,4,20,0.7657724725657551,True,0.9327224552260219,3.6800777912139893
bo_constrained,5,1,0.2794802334072153,True,0.2794802334072153,4.413567066192627
bo_constrained,5,2,0.0,True,0.2794802334072153,4.413567066192627
bo_constrained,5,3,0.2501130026993429,True,0.2794802334072153,4.413567066192627
bo_constrained,5,4,0.7226338846952017,True,0.7226338846952017,4.413567066192627
bo_constrained,5,5,0.8982664728376701,True,0.8982664728376701,4.413567066192627
bo_constrained,5,6,0.09593009560271193,True,0.8982664728376701,4.413567066192627
bo_constrained,5,7,0.8344350815824646,True,0.8982664728376701,4.413567066192627
bo_constrained,5,8,0.48106023836545386,True,0.8982664728376701,4.413567066192627
bo_constrained,5,9,0.745812255803966,True,0.8982664728376701,4.413567066192627
bo_constrained,5,10,0.2420780489948245,True,0.8982664728376701,4.413567066192627
bo_constrained,5,11,0.878982356826608,True,0.8982664728376701,4.413567066192627
bo_constrained,5,12,0.8456839368732209,True,0.8982664728376701,4.413567066192627
bo_constrained,5,13,0.9162821192671494,True,0.9162821192671494,4.413567066192627
bo_constrained,5,14,0.8067395326060081,True,0.9162821192671494,4.413567066192627
bo_constrained,5,15,0.8275299631605159,True,0.9162821192671494,4.413567066192627
bo_constrained,5,16,0.7464897860145899,True,0.9162821192671494,4.413567066192627
bo_constrained,5,17,0.909641999789856,True,0.9162821192671494,4.413567066192627
bo_constrained,5,18,0.9313053651116268,True,0.9313053651116268,4.413567066192627
bo_constrained,5,19,0.8800587368487245,True,0.9313053651116268,4.413567066192627
bo_constrained,5,20,0.8073988487498962,True,0.9313053651116268,4.413567066192627
bo_constrained,6,1,0.0,True,0.0,4.257213115692139
bo_constrained,6,2,0.38212576073441473,True,0.38212576073441473,4.257213115692139
bo_constrained,6,3,0.5661577805501505,True,0.5661577805501505,4.257213115692139
bo_constrained,6,4,0.17862192431586044,True,0.5661577805501505,4.257213115692139
bo_constrained,6,5,0.8194423424050126,True,0.8194423424050126,4.257213115692139
bo_constrained,6,6,0.6062649579113835,True,0.8194423424050126,4.257213115692139
bo_constrained,6,7,0.522343781694157,True,0.8194423424050126,4.257213115692139
bo_constrained,6,8,0.45484681594896126,True,0.8194423424050126,4.257213115692139
bo_constrained,6,9,0.16826470938074584,True,0.8194423424050126,4.257213115692139
bo_constrained,6,10,0.8462110529481248,True,0.8462110529481248,4.257213115692139
bo_constrained,6,11,0.7132943088565687,True,0.8462110529481248,4.257213115692139
bo_constrained,6,12,0.8909868053072938,True,0.8909868053072938,4.257213115692139
bo_constrained,6,13,0.7992783007278875,True,0.8909868053072938,4.257213115692139
bo_constrained,6,14,0.7562005462360887,True,0.8909868053072938,4.257213115692139
bo_constrained,6,15,0.814996935834678,True,0.8909868053072938,4.257213115692139
bo_constrained,6,16,0.9045167067825142,True,0.9045167067825142,4.257213115692139
bo_constrained,6,17,0.9159059948405787,True,0.9159059948405787,4.257213115692139
bo_constrained,6,18,0.6749026719210925,True,0.9159059948405787,4.257213115692139
bo_constrained,6,19,0.7464719207651758,True,0.9159059948405787,4.257213115692139
bo_constrained,6,20,0.9158904739831699,True,0.9159059948405787,4.257213115692139
bo_constrained,7,1,0.16669454953400015,True,0.16669454953400015,4.4212260246276855
bo_constrained,7,2,0.4406175020208837,True,0.4406175020208837,4.4212260246276855
bo_constrained,7,3,0.47385766913300476,True,0.47385766913300476,4.4212260246276855
bo_constrained,7,4,0.5975157709397156,True,0.5975157709397156,4.4212260246276855
bo_constrained,7,5,0.0676289106918394,True,0.5975157709397156,4.4212260246276855
bo_constrained,7,6,0.2615671836554647,True,0.5975157709397156,4.4212260246276855
bo_constrained,7,7,0.6750463163185553,True,0.6750463163185553,4.4212260246276855
bo_constrained,7,8,0.9350654725026,True,0.9350654725026,4.4212260246276855
bo_constrained,7,9,0.8841440981029738,True,0.9350654725026,4.4212260246276855
bo_constrained,7,10,0.9000596368118916,True,0.9350654725026,4.4212260246276855
bo_constrained,7,11,0.9665040948915615,True,0.9665040948915615,4.4212260246276855
bo_constrained,7,12,0.9519336886142942,True,0.9665040948915615,4.4212260246276855
bo_constrained,7,13,0.9285455481769975,True,0.9665040948915615,4.4212260246276855
bo_constrained,7,14,0.8803693970131444,True,0.9665040948915615,4.4212260246276855
bo_constrained,7,15,0.9678894670732617,True,0.9678894670732617,4.4212260246276855
bo_constrained,7,16,0.745976870658311,True,0.9678894670732617,4.4212260246276855
bo_constrained,7,17,0.9674616909648575,True,0.9678894670732617,4.4212260246276855
bo_constrained,7,18,0.9091136716849313,True,0.9678894670732617,4.4212260246276855
bo_constrained,7,19,0.8727616158461767,True,0.9678894670732617,4.4212260246276855
bo_constrained,7,20,0.9661981049462791,True,0.9678894670732617,4.4212260246276855
bo_constrained,8,1,0.4258927040453725,True,0.4258927040453725,3.710139036178589
bo_constrained,8,2,0.23834007194405782,True,0.4258927040453725,3.710139036178589
bo_constrained,8,3,0.27387446837278207,True,0.4258927040453725,3.710139036178589
bo_constrained,8,4,0.2397097569829052,True,0.4258927040453725,3.710139036178589
bo_constrained,8,5,0.2825235950433799,True,0.4258927040453725,3.710139036178589
bo_constrained,8,6,0.5458948841394933,True,0.5458948841394933,3.710139036178589
bo_constrained,8,7,0.823477893851802,True,0.823477893851802,3.710139036178589
bo_constrained,8,8,0.7883846293120518,True,0.823477893851802,3.710139036178589
bo_constrained,8,9,0.920086242464768,True,0.920086242464768,3.710139036178589
bo_constrained,8,10,0.09394545717458613,True,0.920086242464768,3.710139036178589
bo_constrained,8,11,0.4395268311787576,True,0.920086242464768,3.710139036178589
bo_constrained,8,12,0.9665572006440748,True,0.9665572006440748,3.710139036178589
bo_constrained,8,13,0.9346809746450906,True,0.9665572006440748,3.710139036178589
bo_constrained,8,14,0.8818091503484672,True,0.9665572006440748,3.710139036178589
bo_constrained,8,15,0.929086696861406,True,0.9665572006440748,3.710139036178589
bo_constrained,8,16,0.9308695499406354,True,0.9665572006440748,3.710139036178589
bo_constrained,8,17,0.9234631975248424,True,0.9665572006440748,3.710139036178589
bo_constrained,8,18,0.9656399299878711,True,0.9665572006440748,3.710139036178589
bo_constrained,8,19,0.966383942589061,True,0.9665572006440748,3.710139036178589
bo_constrained,8,20,0.9629750898335914,True,0.9665572006440748,3.710139036178589
bo_constrained,9,1,0.563605581757714,True,0.563605581757714,3.6793413162231445
bo_constrained,9,2,0.26770795112167717,True,0.563605581757714,3.6793413162231445
bo_constrained,9,3,0.12194737117712862,True,0.563605581757714,3.6793413162231445
bo_constrained,9,4,0.16162896069419797,True,0.563605581757714,3.6793413162231445
bo_constrained,9,5,0.5802067060424629,True,0.5802067060424629,3.6793413162231445
bo_constrained,9,6,0.4444184131257052,True,0.5802067060424629,3.6793413162231445
bo_constrained,9,7,0.0846747479601262,True,0.5802067060424629,3.6793413162231445
bo_constrained,9,8,0.445456425835942,True,0.5802067060424629,3.6793413162231445
bo_constrained,9,9,0.6099701490365793,True,0.6099701490365793,3.6793413162231445
bo_constrained,9,10,0.5443181653583835,True,0.6099701490365793,3.6793413162231445
bo_constrained,9,11,0.5529614993634101,True,0.6099701490365793,3.6793413162231445
bo_constrained,9,12,0.7219078571545294,True,0.7219078571545294,3.6793413162231445
bo_constrained,9,13,0.0,True,0.7219078571545294,3.6793413162231445
bo_constrained,9,14,0.9107878070072314,True,0.9107878070072314,3.6793413162231445
bo_constrained,9,15,0.46833127760465554,True,0.9107878070072314,3.6793413162231445
bo_constrained,9,16,0.9294369660558431,True,0.9294369660558431,3.6793413162231445
bo_constrained,9,17,0.819073656138172,True,0.9294369660558431,3.6793413162231445
bo_constrained,9,18,0.24209268802307382,True,0.9294369660558431,3.6793413162231445
bo_constrained,9,19,0.905273296054872,True,0.9294369660558431,3.6793413162231445
bo_constrained,9,20,0.6652202514512432,True,0.9294369660558431,3.6793413162231445
bo_constrained,10,1,0.014920937539611101,True,0.014920937539611101,4.716960906982422
bo_constrained,10,2,0.5241296488124555,True,0.5241296488124555,4.716960906982422
bo_constrained,10,3,0.42652319764664115,True,0.5241296488124555,4.716960906982422
bo_constrained,10,4,0.28940983124996866,True,0.5241296488124555,4.716960906982422
bo_constrained,10,5,0.5334389016811449,True,0.5334389016811449,4.716960906982422
bo_constrained,10,6,0.5475569122188148,True,0.5475569122188148,4.716960906982422
bo_constrained,10,7,0.265592543697814,True,0.5475569122188148,4.716960906982422
bo_constrained,10,8,0.2100652254616614,True,0.5475569122188148,4.716960906982422
bo_constrained,10,9,0.7298406068611458,True,0.7298406068611458,4.716960906982422
bo_constrained,10,10,0.8244510339430503,True,0.8244510339430503,4.716960906982422
bo_constrained,10,11,0.9321492250342303,True,0.9321492250342303,4.716960906982422
bo_constrained,10,12,0.8894884538748195,True,0.9321492250342303,4.716960906982422
bo_constrained,10,13,0.4451283530543345,True,0.9321492250342303,4.716960906982422
bo_constrained,10,14,0.9276841148799191,True,0.9321492250342303,4.716960906982422
bo_constrained,10,15,0.8953334391249528,True,0.9321492250342303,4.716960906982422
bo_constrained,10,16,0.6242109478136991,True,0.9321492250342303,4.716960906982422
bo_constrained,10,17,0.819073656138172,True,0.9321492250342303,4.716960906982422
bo_constrained,10,18,0.819073656138172,True,0.9321492250342303,4.716960906982422
bo_constrained,10,19,0.6719096674342858,True,0.9321492250342303,4.716960906982422
bo_constrained,10,20,0.7096618149590703,True,0.9321492250342303,4.716960906982422
bo_constrained,11,1,0.6250846799535131,True,0.6250846799535131,2.5500972270965576
bo_constrained,11,2,0.003254365939780013,True,0.6250846799535131,2.5500972270965576
bo_constrained,11,3,0.6023721863727864,True,0.6250846799535131,2.5500972270965576
bo_constrained,11,4,0.49784254848778153,True,0.6250846799535131,2.5500972270965576
bo_constrained,11,5,0.04799183082761305,True,0.6250846799535131,2.5500972270965576
bo_constrained,11,6,0.8479675625167065,True,0.8479675625167065,2.5500972270965576
bo_constrained,11,7,0.9140768040373555,True,0.9140768040373555,2.5500972270965576
bo_constrained,11,8,0.7381986289529804,True,0.9140768040373555,2.5500972270965576
bo_constrained,11,9,0.7278672574790419,True,0.9140768040373555,2.5500972270965576
bo_constrained,11,10,0.0,True,0.9140768040373555,2.5500972270965576
bo_constrained,11,11,0.14419666978439555,True,0.9140768040373555,2.5500972270965576
bo_constrained,11,12,0.6645728448726156,True,0.9140768040373555,2.5500972270965576
bo_constrained,11,13,0.10714136108412187,True,0.9140768040373555,2.5500972270965576
bo_constrained,11,14,0.8891976965153958,True,0.9140768040373555,2.5500972270965576
bo_constrained,11,15,0.8850746446269782,True,0.9140768040373555,2.5500972270965576
bo_constrained,11,16,0.8785812749150343,True,0.9140768040373555,2.5500972270965576
bo_constrained,11,17,0.7597219408189516,True,0.9140768040373555,2.5500972270965576
bo_constrained,11,18,0.8965791898003672,True,0.9140768040373555,2.5500972270965576
bo_constrained,11,19,0.46098021746733875,True,0.9140768040373555,2.5500972270965576
bo_constrained,11,20,0.8968146053847352,True,0.9140768040373555,2.5500972270965576
bo_constrained,12,1,0.12271541287926313,True,0.12271541287926313,4.19554328918457
bo_constrained,12,2,0.6462383043095787,True,0.6462383043095787,4.19554328918457
bo_constrained,12,3,0.3786628188331023,True,0.6462383043095787,4.19554328918457
bo_constrained,12,4,0.007033564946117399,True,0.6462383043095787,4.19554328918457
bo_constrained,12,5,0.7092210779826295,True,0.7092210779826295,4.19554328918457
bo_constrained,12,6,0.8663187535151953,True,0.8663187535151953,4.19554328918457
bo_constrained,12,7,0.5896188710113666,True,0.8663187535151953,4.19554328918457
bo_constrained,12,8,0.2748094226863923,True,0.8663187535151953,4.19554328918457
bo_constrained,12,9,0.2126848657077005,True,0.8663187535151953,4.19554328918457
bo_constrained,12,10,0.9038418091480845,True,0.9038418091480845,4.19554328918457
bo_constrained,12,11,0.8444138238548746,True,0.9038418091480845,4.19554328918457
bo_constrained,12,12,0.8256597165290042,True,0.9038418091480845,4.19554328918457
bo_constrained,12,13,0.9230631407485008,True,0.9230631407485008,4.19554328918457
bo_constrained,12,14,0.9068713248115581,True,0.9230631407485008,4.19554328918457
bo_constrained,12,15,0.4420863300483981,True,0.9230631407485008,4.19554328918457
bo_constrained,12,16,0.7156089293789565,True,0.9230631407485008,4.19554328918457
bo_constrained,12,17,0.698305342066626,True,0.9230631407485008,4.19554328918457
bo_constrained,12,18,0.9031443057789199,True,0.9230631407485008,4.19554328918457
bo_constrained,12,19,0.6067038005672999,True,0.9230631407485008,4.19554328918457
bo_constrained,12,20,0.587656864884446,True,0.9230631407485008,4.19554328918457
bo_constrained,13,1,0.429899070538207,True,0.429899070538207,5.9102623462677
bo_constrained,13,2,0.017690350601255123,True,0.429899070538207,5.9102623462677
bo_constrained,13,3,0.38404249734680923,True,0.429899070538207,5.9102623462677
bo_constrained,13,4,0.5314196803332981,True,0.5314196803332981,5.9102623462677
bo_constrained,13,5,0.6427254489990676,True,0.6427254489990676,5.9102623462677
bo_constrained,13,6,0.7807176853557991,True,0.7807176853557991,5.9102623462677
bo_constrained,13,7,0.8498070021433703,True,0.8498070021433703,5.9102623462677
bo_constrained,13,8,0.6400707548405259,True,0.8498070021433703,5.9102623462677
bo_constrained,13,9,0.9333689592003677,True,0.9333689592003677,5.9102623462677
bo_constrained,13,10,0.8563091511877194,True,0.9333689592003677,5.9102623462677
bo_constrained,13,11,0.929888042399425,True,0.9333689592003677,5.9102623462677
bo_constrained,13,12,0.9578350921283645,True,0.9578350921283645,5.9102623462677
bo_constrained,13,13,0.7849535885054347,True,0.9578350921283645,5.9102623462677
bo_constrained,13,14,0.8125999585296109,True,0.9578350921283645,5.9102623462677
bo_constrained,13,15,0.957083684552865,True,0.9578350921283645,5.9102623462677
bo_constrained,13,16,0.9582352808354595,True,0.9582352808354595,5.9102623462677
bo_constrained,13,17,0.9215842510019181,True,0.9582352808354595,5.9102623462677
bo_constrained,13,18,0.9612209176399257,True,0.9612209176399257,5.9102623462677
bo_constrained,13,19,0.9329365630437754,True,0.9612209176399257,5.9102623462677
bo_constrained,13,20,0.9337394744364885,True,0.9612209176399257,5.9102623462677
bo_constrained,14,1,0.8327644915481824,True,0.8327644915481824,2.89284086227417
bo_constrained,14,2,0.08525779183086679,True,0.8327644915481824,2.89284086227417
bo_constrained,14,3,0.5144224601432799,True,0.8327644915481824,2.89284086227417
bo_constrained,14,4,0.2391634733707585,True,0.8327644915481824,2.89284086227417
bo_constrained,14,5,0.0,True,0.8327644915481824,2.89284086227417
bo_constrained,14,6,0.5065310719910159,True,0.8327644915481824,2.89284086227417
bo_constrained,14,7,0.845012660655184,True,0.845012660655184,2.89284086227417
bo_constrained,14,8,0.7669113628924139,True,0.845012660655184,2.89284086227417
bo_constrained,14,9,0.6460734712179205,True,0.845012660655184,2.89284086227417
bo_constrained,14,10,0.8367557184775531,True,0.845012660655184,2.89284086227417
bo_constrained,14,11,0.38008486781970047,True,0.845012660655184,2.89284086227417
bo_constrained,14,12,0.9181640528003556,True,0.9181640528003556,2.89284086227417
bo_constrained,14,13,0.17804607163120384,True,0.9181640528003556,2.89284086227417
bo_constrained,14,14,0.7131821908456044,True,0.9181640528003556,2.89284086227417
bo_constrained,14,15,0.19281018745828254,True,0.9181640528003556,2.89284086227417
bo_constrained,14,16,0.8315916259122902,True,0.9181640528003556,2.89284086227417
bo_constrained,14,17,0.6668216536071487,True,0.9181640528003556,2.89284086227417
bo_constrained,14,18,0.8266547795555892,True,0.9181640528003556,2.89284086227417
bo_constrained,14,19,0.8820602987992066,True,0.9181640528003556,2.89284086227417
bo_constrained,14,20,0.9017337649683197,True,0.9181640528003556,2.89284086227417
bo_constrained,15,1,0.2125960217067065,True,0.2125960217067065,2.9254448413848877
bo_constrained,15,2,0.010531684080614778,True,0.2125960217067065,2.9254448413848877
bo_constrained,15,3,0.4377770453377626,True,0.4377770453377626,2.9254448413848877
bo_constrained,15,4,0.8209595991080568,True,0.8209595991080568,2.9254448413848877
bo_constrained,15,5,0.09003445157320267,True,0.8209595991080568,2.9254448413848877
bo_constrained,15,6,0.19666574320336955,True,0.8209595991080568,2.9254448413848877
bo_constrained,15,7,0.7360237601261441,True,0.8209595991080568,2.9254448413848877
bo_constrained,15,8,0.819073656138172,True,0.8209595991080568,2.9254448413848877
bo_constrained,15,9,0.7062616031815412,True,0.8209595991080568,2.9254448413848877
bo_constrained,15,10,0.819073656138172,True,0.8209595991080568,2.9254448413848877
bo_constrained,15,11,0.48106023836545386,True,0.8209595991080568,2.9254448413848877
bo_constrained,15,12,0.819073656138172,True,0.8209595991080568,2.9254448413848877
bo_constrained,15,13,0.819073656138172,True,0.8209595991080568,2.9254448413848877
bo_constrained,15,14,0.819073656138172,True,0.8209595991080568,2.9254448413848877
bo_constrained,15,15,0.6824550916714757,True,0.8209595991080568,2.9254448413848877
bo_constrained,15,16,0.8716615730014506,True,0.8716615730014506,2.9254448413848877
bo_constrained,15,17,0.9227690729365241,True,0.9227690729365241,2.9254448413848877
bo_constrained,15,18,0.9328860384052599,True,0.9328860384052599,2.9254448413848877
bo_constrained,15,19,0.745976870658311,True,0.9328860384052599,2.9254448413848877
bo_constrained,15,20,0.9341197931719187,True,0.9341197931719187,2.9254448413848877
bo_constrained,16,1,0.3042955321011732,True,0.3042955321011732,3.6101717948913574
bo_constrained,16,2,0.01003196716240684,True,0.3042955321011732,3.6101717948913574
bo_constrained,16,3,0.21131629904393245,True,0.3042955321011732,3.6101717948913574
bo_constrained,16,4,0.305021251458066,True,0.305021251458066,3.6101717948913574
bo_constrained,16,5,0.8516333270024408,True,0.8516333270024408,3.6101717948913574
bo_constrained,16,6,0.0,True,0.8516333270024408,3.6101717948913574
bo_constrained,16,7,0.819073656138172,True,0.8516333270024408,3.6101717948913574
bo_constrained,16,8,0.8911493465756719,True,0.8911493465756719,3.6101717948913574
bo_constrained,16,9,0.8920939810031883,True,0.8920939810031883,3.6101717948913574
bo_constrained,16,10,0.860180620779161,True,0.8920939810031883,3.6101717948913574
bo_constrained,16,11,0.9159007610203256,True,0.9159007610203256,3.6101717948913574
bo_constrained,16,12,0.9647415965642474,True,0.9647415965642474,3.6101717948913574
bo_constrained,16,13,0.8720534465005494,True,0.9647415965642474,3.6101717948913574
bo_constrained,16,14,0.715950487084136,True,0.9647415965642474,3.6101717948913574
bo_constrained,16,15,0.8056298471643439,True,0.9647415965642474,3.6101717948913574
bo_constrained,16,16,0.853032265342408,True,0.9647415965642474,3.6101717948913574
bo_constrained,16,17,0.7769313645550586,True,0.9647415965642474,3.6101717948913574
bo_constrained,16,18,0.7295956738127641,True,0.9647415965642474,3.6101717948913574
bo_constrained,16,19,0.9619329338886459,True,0.9647415965642474,3.6101717948913574
bo_constrained,16,20,0.7562996779601929,True,0.9647415965642474,3.6101717948913574
bo_constrained,17,1,0.18423109669509552,True,0.18423109669509552,3.3713951110839844
bo_constrained,17,2,0.716630418895717,True,0.716630418895717,3.3713951110839844
bo_constrained,17,3,0.21203464120501642,True,0.716630418895717,3.3713951110839844
bo_constrained,17,4,0.7465448771634805,True,0.7465448771634805,3.3713951110839844
bo_constrained,17,5,0.19743806421724186,True,0.7465448771634805,3.3713951110839844
bo_constrained,17,6,0.48106023836545386,True,0.7465448771634805,3.3713951110839844
bo_constrained,17,7,0.838939141623754,True,0.838939141623754,3.3713951110839844
bo_constrained,17,8,0.8544560965131411,True,0.8544560965131411,3.3713951110839844
bo_constrained,17,9,0.852073903819431,True,0.8544560965131411,3.3713951110839844
bo_constrained,17,10,0.0,True,0.8544560965131411,3.3713951110839844
bo_constrained,17,11,0.5946501844372926,True,0.8544560965131411,3.3713951110839844
bo_constrained,17,12,0.1739733066874644,True,0.8544560965131411,3.3713951110839844
bo_constrained,17,13,0.275307905481368,True,0.8544560965131411,3.3713951110839844
bo_constrained,17,14,0.8963149647419952,True,0.8963149647419952,3.3713951110839844
bo_constrained,17,15,0.8178811947349398,True,0.8963149647419952,3.3713951110839844
bo_constrained,17,16,0.5192915820167932,True,0.8963149647419952,3.3713951110839844
bo_constrained,17,17,0.7865409576222713,True,0.8963149647419952,3.3713951110839844
bo_constrained,17,18,0.8875449436761853,True,0.8963149647419952,3.3713951110839844
bo_constrained,17,19,0.8807326466997123,True,0.8963149647419952,3.3713951110839844
bo_constrained,17,20,0.15445145920216674,True,0.8963149647419952,3.3713951110839844
bo_constrained,18,1,0.3259050225562892,True,0.3259050225562892,4.075712442398071
bo_constrained,18,2,0.30347098048114757,True,0.3259050225562892,4.075712442398071
bo_constrained,18,3,0.25116139265259496,True,0.3259050225562892,4.075712442398071
bo_constrained,18,4,0.26589606354093204,True,0.3259050225562892,4.075712442398071
bo_constrained,18,5,0.5392458051617746,True,0.5392458051617746,4.075712442398071
bo_constrained,18,6,0.6971968211116278,True,0.6971968211116278,4.075712442398071
bo_constrained,18,7,0.8811409319232657,True,0.8811409319232657,4.075712442398071
bo_constrained,18,8,0.05116466068138403,True,0.8811409319232657,4.075712442398071
bo_constrained,18,9,0.8695379569433282,True,0.8811409319232657,4.075712442398071
bo_constrained,18,10,0.6735025243716656,True,0.8811409319232657,4.075712442398071
bo_constrained,18,11,0.7079412381666866,True,0.8811409319232657,4.075712442398071
bo_constrained,18,12,0.41323695974024044,True,0.8811409319232657,4.075712442398071
bo_constrained,18,13,0.8391152563693413,True,0.8811409319232657,4.075712442398071
bo_constrained,18,14,0.7904953536638796,True,0.8811409319232657,4.075712442398071
bo_constrained,18,15,0.6910286201228836,True,0.8811409319232657,4.075712442398071
bo_constrained,18,16,0.9373767657655994,True,0.9373767657655994,4.075712442398071
bo_constrained,18,17,0.91176752263746,True,0.9373767657655994,4.075712442398071
bo_constrained,18,18,0.819073656138172,True,0.9373767657655994,4.075712442398071
bo_constrained,18,19,0.7189624037557751,True,0.9373767657655994,4.075712442398071
bo_constrained,18,20,0.31790917187824874,True,0.9373767657655994,4.075712442398071
bo_constrained,19,1,0.03633645272707542,True,0.03633645272707542,3.711548089981079
bo_constrained,19,2,0.25987779611152756,True,0.25987779611152756,3.711548089981079
bo_constrained,19,3,0.08665637740252241,True,0.25987779611152756,3.711548089981079
bo_constrained,19,4,0.7378471012640099,True,0.7378471012640099,3.711548089981079
bo_constrained,19,5,0.5665270269016611,True,0.7378471012640099,3.711548089981079
bo_constrained,19,6,0.614532193099468,True,0.7378471012640099,3.711548089981079
bo_constrained,19,7,0.9432770643292159,True,0.9432770643292159,3.711548089981079
bo_constrained,19,8,0.9320153934902067,True,0.9432770643292159,3.711548089981079
bo_constrained,19,9,0.9409262192024901,True,0.9432770643292159,3.711548089981079
bo_constrained,19,10,0.14931464799217398,True,0.9432770643292159,3.711548089981079
bo_constrained,19,11,0.004911831922886689,True,0.9432770643292159,3.711548089981079
bo_constrained,19,12,0.19160612558848056,True,0.9432770643292159,3.711548089981079
bo_constrained,19,13,0.8144258879127477,True,0.9432770643292159,3.711548089981079
bo_constrained,19,14,0.9661625183540483,True,0.9661625183540483,3.711548089981079
bo_constrained,19,15,0.9639646589045482,True,0.9661625183540483,3.711548089981079
bo_constrained,19,16,0.9638070194331682,True,0.9661625183540483,3.711548089981079
bo_constrained,19,17,0.9636591375494998,True,0.9661625183540483,3.711548089981079
bo_constrained,19,18,0.9665730566525588,True,0.9665730566525588,3.711548089981079
bo_constrained,19,19,0.886496447428855,True,0.9665730566525588,3.711548089981079
bo_constrained,19,20,0.9624852315900552,True,0.9665730566525588,3.711548089981079
bo_constrained,20,1,0.9150266141287584,True,0.9150266141287584,4.33280611038208
bo_constrained,20,2,0.13476467220468946,True,0.9150266141287584,4.33280611038208
bo_constrained,20,3,0.07641082473041882,True,0.9150266141287584,4.33280611038208
bo_constrained,20,4,0.6015902991926705,True,0.9150266141287584,4.33280611038208
bo_constrained,20,5,0.0,True,0.9150266141287584,4.33280611038208
bo_constrained,20,6,0.6804965249690313,True,0.9150266141287584,4.33280611038208
bo_constrained,20,7,0.819073656138172,True,0.9150266141287584,4.33280611038208
bo_constrained,20,8,0.8721954104131154,True,0.9150266141287584,4.33280611038208
bo_constrained,20,9,0.9634386533602655,True,0.9634386533602655,4.33280611038208
bo_constrained,20,10,0.9566871728300277,True,0.9634386533602655,4.33280611038208
bo_constrained,20,11,0.8912405779974046,True,0.9634386533602655,4.33280611038208
bo_constrained,20,12,0.9548058624508655,True,0.9634386533602655,4.33280611038208
bo_constrained,20,13,0.4562948533717346,True,0.9634386533602655,4.33280611038208
bo_constrained,20,14,0.9632318050379747,True,0.9634386533602655,4.33280611038208
bo_constrained,20,15,0.8925532033309441,True,0.9634386533602655,4.33280611038208
bo_constrained,20,16,0.9286938812242302,True,0.9634386533602655,4.33280611038208
bo_constrained,20,17,0.8371103244733318,True,0.9634386533602655,4.33280611038208
bo_constrained,20,18,0.9674329651408913,True,0.9674329651408913,4.33280611038208
bo_constrained,20,19,0.9670714702828834,True,0.9674329651408913,4.33280611038208
bo_constrained,20,20,0.9670801603717123,True,0.9674329651408913,4.33280611038208
bo_constrained,21,1,0.6105480661904211,True,0.6105480661904211,4.895992994308472
bo_constrained,21,2,0.0,True,0.6105480661904211,4.895992994308472
bo_constrained,21,3,0.3269435402430213,True,0.6105480661904211,4.895992994308472
bo_constrained,21,4,0.1673726512036301,True,0.6105480661904211,4.895992994308472
bo_constrained,21,5,0.7600347751224333,True,0.7600347751224333,4.895992994308472
bo_constrained,21,6,0.9160399776390762,True,0.9160399776390762,4.895992994308472
bo_constrained,21,7,0.16108313926618373,True,0.9160399776390762,4.895992994308472
bo_constrained,21,8,0.8522706198896737,True,0.9160399776390762,4.895992994308472
bo_constrained,21,9,0.9341180287376287,True,0.9341180287376287,4.895992994308472
bo_constrained,21,10,0.745976870658311,True,0.9341180287376287,4.895992994308472
bo_constrained,21,11,0.819073656138172,True,0.9341180287376287,4.895992994308472
bo_constrained,21,12,0.0,True,0.9341180287376287,4.895992994308472
bo_constrained,21,13,0.9631593768463249,True,0.9631593768463249,4.895992994308472
bo_constrained,21,14,0.7213200754245743,True,0.9631593768463249,4.895992994308472
bo_constrained,21,15,0.9537230449260543,True,0.9631593768463249,4.895992994308472
bo_constrained,21,16,0.6052584283424887,True,0.9631593768463249,4.895992994308472
bo_constrained,21,17,0.6012087027641089,True,0.9631593768463249,4.895992994308472
bo_constrained,21,18,0.43201733514187945,True,0.9631593768463249,4.895992994308472
bo_constrained,21,19,0.2078834087590078,True,0.9631593768463249,4.895992994308472
bo_constrained,21,20,0.43667967120041773,True,0.9631593768463249,4.895992994308472
bo_constrained,22,1,0.17898752391168354,True,0.17898752391168354,3.332200050354004
bo_constrained,22,2,0.3669283534397612,True,0.3669283534397612,3.332200050354004
bo_constrained,22,3,0.4402644582013203,True,0.4402644582013203,3.332200050354004
bo_constrained,22,4,0.8494585936503969,True,0.8494585936503969,3.332200050354004
bo_constrained,22,5,0.004477538975481199,True,0.8494585936503969,3.332200050354004
bo_constrained,22,6,0.03564925348107295,True,0.8494585936503969,3.332200050354004
bo_constrained,22,7,0.9303620735844763,True,0.9303620735844763,3.332200050354004
bo_constrained,22,8,0.10931532540829425,True,0.9303620735844763,3.332200050354004
bo_constrained,22,9,0.9132554819831892,True,0.9303620735844763,3.332200050354004
bo_constrained,22,10,0.9502415996642437,True,0.9502415996642437,3.332200050354004
bo_constrained,22,11,0.8121592065265666,True,0.9502415996642437,3.332200050354004
bo_constrained,22,12,0.16950107770429695,True,0.9502415996642437,3.332200050354004
bo_constrained,22,13,0.2373867627258736,True,0.9502415996642437,3.332200050354004
bo_constrained,22,14,0.672726802952894,True,0.9502415996642437,3.332200050354004
bo_constrained,22,15,0.8230622316059105,True,0.9502415996642437,3.332200050354004
bo_constrained,22,16,0.5842066854967966,True,0.9502415996642437,3.332200050354004
bo_constrained,22,17,0.47971969950719073,True,0.9502415996642437,3.332200050354004
bo_constrained,22,18,0.45204615933026265,True,0.9502415996642437,3.332200050354004
bo_constrained,22,19,0.8570299193288895,True,0.9502415996642437,3.332200050354004
bo_constrained,22,20,0.8664831614785893,True,0.9502415996642437,3.332200050354004
bo_constrained,23,1,0.3822469091232943,True,0.3822469091232943,5.260499477386475
bo_constrained,23,2,0.5169336947616052,True,0.5169336947616052,5.260499477386475
bo_constrained,23,3,0.1572949748639571,True,0.5169336947616052,5.260499477386475
bo_constrained,23,4,0.2257165726530972,True,0.5169336947616052,5.260499477386475
bo_constrained,23,5,0.26303969474221467,True,0.5169336947616052,5.260499477386475
bo_constrained,23,6,0.3629339774917057,True,0.5169336947616052,5.260499477386475
bo_constrained,23,7,0.24505189030432045,True,0.5169336947616052,5.260499477386475
bo_constrained,23,8,0.1692360827210978,True,0.5169336947616052,5.260499477386475
bo_constrained,23,9,0.6288858587812235,True,0.6288858587812235,5.260499477386475
bo_constrained,23,10,0.137124276689309,True,0.6288858587812235,5.260499477386475
bo_constrained,23,11,0.24531846380687322,True,0.6288858587812235,5.260499477386475
bo_constrained,23,12,0.7229674708402335,True,0.7229674708402335,5.260499477386475
bo_constrained,23,13,0.49506749833347874,True,0.7229674708402335,5.260499477386475
bo_constrained,23,14,0.7048216913475618,True,0.7229674708402335,5.260499477386475
bo_constrained,23,15,0.7876054247762401,True,0.7876054247762401,5.260499477386475
bo_constrained,23,16,0.8545187524628183,True,0.8545187524628183,5.260499477386475
bo_constrained,23,17,0.8536281293603136,True,0.8545187524628183,5.260499477386475
bo_constrained,23,18,0.7542507832534503,True,0.8545187524628183,5.260499477386475
bo_constrained,23,19,0.8841710762710304,True,0.8841710762710304,5.260499477386475
bo_constrained,23,20,0.8822329684403764,True,0.8841710762710304,5.260499477386475
bo_constrained,24,1,0.2954746258614155,True,0.2954746258614155,3.165769338607788
bo_constrained,24,2,0.1918311833386111,True,0.2954746258614155,3.165769338607788
bo_constrained,24,3,0.5291072560624367,True,0.5291072560624367,3.165769338607788
bo_constrained,24,4,0.7416471321898324,True,0.7416471321898324,3.165769338607788
bo_constrained,24,5,0.0,True,0.7416471321898324,3.165769338607788
bo_constrained,24,6,0.7561938989703715,True,0.7561938989703715,3.165769338607788
bo_constrained,24,7,0.9363626883786133,True,0.9363626883786133,3.165769338607788
bo_constrained,24,8,0.8269272252817848,True,0.9363626883786133,3.165769338607788
bo_constrained,24,9,0.9345730205169684,True,0.9363626883786133,3.165769338607788
bo_constrained,24,10,0.6765706920439888,True,0.9363626883786133,3.165769338607788
bo_constrained,24,11,0.9405982859410276,True,0.9405982859410276,3.165769338607788
bo_constrained,24,12,0.84975067281407,True,0.9405982859410276,3.165769338607788
bo_constrained,24,13,0.07755859261644116,True,0.9405982859410276,3.165769338607788
bo_constrained,24,14,0.0,True,0.9405982859410276,3.165769338607788
bo_constrained,24,15,0.7320828399637027,True,0.9405982859410276,3.165769338607788
bo_constrained,24,16,0.39546003976911354,True,0.9405982859410276,3.165769338607788
bo_constrained,24,17,0.7983409714013044,True,0.9405982859410276,3.165769338607788
bo_constrained,24,18,0.46695545244719894,True,0.9405982859410276,3.165769338607788
bo_constrained,24,19,0.04940916280369212,True,0.9405982859410276,3.165769338607788
bo_constrained,24,20,0.2611014564661447,True,0.9405982859410276,3.165769338607788
bo_constrained,25,1,0.22636156862344153,True,0.22636156862344153,4.277974605560303
bo_constrained,25,2,0.5937075873703824,True,0.5937075873703824,4.277974605560303
bo_constrained,25,3,0.41179611197615656,True,0.5937075873703824,4.277974605560303
bo_constrained,25,4,0.5016778632925896,True,0.5937075873703824,4.277974605560303
bo_constrained,25,5,0.0326409045020456,True,0.5937075873703824,4.277974605560303
bo_constrained,25,6,0.2592253815903344,True,0.5937075873703824,4.277974605560303
bo_constrained,25,7,0.661961046286017,True,0.661961046286017,4.277974605560303
bo_constrained,25,8,0.45753872037662535,True,0.661961046286017,4.277974605560303
bo_constrained,25,9,0.12291739057238038,True,0.661961046286017,4.277974605560303
bo_constrained,25,10,0.1660401736319227,True,0.661961046286017,4.277974605560303
bo_constrained,25,11,0.6370495276184848,True,0.661961046286017,4.277974605560303
bo_constrained,25,12,0.6751241953581517,True,0.6751241953581517,4.277974605560303
bo_constrained,25,13,0.7941063621429589,True,0.7941063621429589,4.277974605560303
bo_constrained,25,14,0.9090523721766375,True,0.9090523721766375,4.277974605560303
bo_constrained,25,15,0.864963911157002,True,0.9090523721766375,4.277974605560303
bo_constrained,25,16,0.9280341443594591,True,0.9280341443594591,4.277974605560303
bo_constrained,25,17,0.9181465547751075,True,0.9280341443594591,4.277974605560303
bo_constrained,25,18,0.745976870658311,True,0.9280341443594591,4.277974605560303
bo_constrained,25,19,0.9339287647878645,True,0.9339287647878645,4.277974605560303
bo_constrained,25,20,0.9649734818680127,True,0.9649734818680127,4.277974605560303
bo_constrained,26,1,0.025427439526966022,True,0.025427439526966022,2.493507146835327
bo_constrained,26,2,0.41614510914732017,True,0.41614510914732017,2.493507146835327
bo_constrained,26,3,0.5168424582862775,True,0.5168424582862775,2.493507146835327
bo_constrained,26,4,0.5648997153389698,True,0.5648997153389698,2.493507146835327
bo_constrained,26,5,0.14875432795044508,True,0.5648997153389698,2.493507146835327
bo_constrained,26,6,0.10468871706302829,True,0.5648997153389698,2.493507146835327
bo_constrained,26,7,0.5835527355159915,True,0.5835527355159915,2.493507146835327
bo_constrained,26,8,0.21241528747220823,True,0.5835527355159915,2.493507146835327
bo_constrained,26,9,0.6625955591311151,True,0.6625955591311151,2.493507146835327
bo_constrained,26,10,0.44053608687235046,True,0.6625955591311151,2.493507146835327
bo_constrained,26,11,0.7390978807628309,True,0.7390978807628309,2.493507146835327
bo_constrained,26,12,0.2384639805565556,True,0.7390978807628309,2.493507146835327
bo_constrained,26,13,0.12232351189109791,True,0.7390978807628309,2.493507146835327
bo_constrained,26,14,0.8689968598676939,True,0.8689968598676939,2.493507146835327
bo_constrained,26,15,0.6914054957798487,True,0.8689968598676939,2.493507146835327
bo_constrained,26,16,0.5792650835248663,True,0.8689968598676939,2.493507146835327
bo_constrained,26,17,0.5515443157744092,True,0.8689968598676939,2.493507146835327
bo_constrained,26,18,0.9099985873762502,True,0.9099985873762502,2.493507146835327
bo_constrained,26,19,0.819073656138172,True,0.9099985873762502,2.493507146835327
bo_constrained,26,20,0.9537608564592603,True,0.9537608564592603,2.493507146835327
bo_constrained,27,1,0.0,True,0.0,5.386634349822998
bo_constrained,27,2,0.5835547134278357,True,0.5835547134278357,5.386634349822998
bo_constrained,27,3,0.3807039463175489,True,0.5835547134278357,5.386634349822998
bo_constrained,27,4,0.2440430810710384,True,0.5835547134278357,5.386634349822998
bo_constrained,27,5,0.8134757651678304,True,0.8134757651678304,5.386634349822998
bo_constrained,27,6,0.13813026836088654,True,0.8134757651678304,5.386634349822998
bo_constrained,27,7,0.7982015237097267,True,0.8134757651678304,5.386634349822998
bo_constrained,27,8,0.9386140898967708,True,0.9386140898967708,5.386634349822998
bo_constrained,27,9,0.921784849092262,True,0.9386140898967708,5.386634349822998
bo_constrained,27,10,0.7616372389276606,True,0.9386140898967708,5.386634349822998
bo_constrained,27,11,0.9537909285934107,True,0.9537909285934107,5.386634349822998
bo_constrained,27,12,0.0,True,0.9537909285934107,5.386634349822998
bo_constrained,27,13,0.22947481469333664,True,0.9537909285934107,5.386634349822998
bo_constrained,27,14,0.803445966905786,True,0.9537909285934107,5.386634349822998
bo_constrained,27,15,0.9156258008544169,True,0.9537909285934107,5.386634349822998
bo_constrained,27,16,0.05280316081362868,True,0.9537909285934107,5.386634349822998
bo_constrained,27,17,0.3479520994445504,True,0.9537909285934107,5.386634349822998
bo_constrained,27,18,0.10050365032226494,True,0.9537909285934107,5.386634349822998
bo_constrained,27,19,0.9434577113048686,True,0.9537909285934107,5.386634349822998
bo_constrained,27,20,0.8082459102906907,True,0.9537909285934107,5.386634349822998
bo_constrained,28,1,0.2373892227762336,True,0.2373892227762336,3.1602206230163574
bo_constrained,28,2,0.0,True,0.2373892227762336,3.1602206230163574
bo_constrained,28,3,0.9357468995415901,True,0.9357468995415901,3.1602206230163574
bo_constrained,28,4,0.4374174585402548,True,0.9357468995415901,3.1602206230163574
bo_constrained,28,5,0.15503095339185768,True,0.9357468995415901,3.1602206230163574
bo_constrained,28,6,0.7618134421810259,True,0.9357468995415901,3.1602206230163574
bo_constrained,28,7,0.9586088955416767,True,0.9586088955416767,3.1602206230163574
bo_constrained,28,8,0.07329353754099743,True,0.9586088955416767,3.1602206230163574
bo_constrained,28,9,0.7580572396938485,True,0.9586088955416767,3.1602206230163574
bo_constrained,28,10,0.85896571642372,True,0.9586088955416767,3.1602206230163574
bo_constrained,28,11,0.8234594159177018,True,0.9586088955416767,3.1602206230163574
bo_constrained,28,12,0.7149698779972725,True,0.9586088955416767,3.1602206230163574
bo_constrained,28,13,0.819073656138172,True,0.9586088955416767,3.1602206230163574
bo_constrained,28,14,0.8968729106330047,True,0.9586088955416767,3.1602206230163574
bo_constrained,28,15,0.9345649037860866,True,0.9586088955416767,3.1602206230163574
bo_constrained,28,16,0.9347292024144027,True,0.9586088955416767,3.1602206230163574
bo_constrained,28,17,0.9258063192955318,True,0.9586088955416767,3.1602206230163574
bo_constrained,28,18,0.8528808598366061,True,0.9586088955416767,3.1602206230163574
bo_constrained,28,19,0.7103826508667646,True,0.9586088955416767,3.1602206230163574
bo_constrained,28,20,0.7647214489286488,True,0.9586088955416767,3.1602206230163574
bo_constrained,29,1,0.2445876389060585,True,0.2445876389060585,3.2894999980926514
bo_constrained,29,2,0.9063356557058386,True,0.9063356557058386,3.2894999980926514
bo_constrained,29,3,0.15401466121632212,True,0.9063356557058386,3.2894999980926514
bo_constrained,29,4,0.1301100776918932,True,0.9063356557058386,3.2894999980926514
bo_constrained,29,5,0.1380056857591403,True,0.9063356557058386,3.2894999980926514
bo_constrained,29,6,0.9275839455090291,True,0.9275839455090291,3.2894999980926514
bo_constrained,29,7,0.9438697004983956,True,0.9438697004983956,3.2894999980926514
bo_constrained,29,8,0.9103552778670783,True,0.9438697004983956,3.2894999980926514
bo_constrained,29,9,0.5813546133274959,True,0.9438697004983956,3.2894999980926514
bo_constrained,29,10,0.16719389635808274,True,0.9438697004983956,3.2894999980926514
bo_constrained,29,11,0.0,True,0.9438697004983956,3.2894999980926514
bo_constrained,29,12,0.7436011480758107,True,0.9438697004983956,3.2894999980926514
bo_constrained,29,13,0.3298742529368979,True,0.9438697004983956,3.2894999980926514
bo_constrained,29,14,0.9146328971144111,True,0.9438697004983956,3.2894999980926514
bo_constrained,29,15,0.9170694645245867,True,0.9438697004983956,3.2894999980926514
bo_constrained,29,16,0.7438969949904247,True,0.9438697004983956,3.2894999980926514
bo_constrained,29,17,0.8711203706547965,True,0.9438697004983956,3.2894999980926514
bo_constrained,29,18,0.856104897496704,True,0.9438697004983956,3.2894999980926514
bo_constrained,29,19,0.9270161644950882,True,0.9438697004983956,3.2894999980926514
bo_constrained,29,20,0.8786246306122409,True,0.9438697004983956,3.2894999980926514
