strategy,seed,iteration,true_objective,is_feasible,best_feasible_so_far,wall_clock_seconds
random,0,1,0.7617983011377809,False,,0.00015783309936523438
random,0,2,0.7735571553039382,True,0.7735571553039382,0.00015783309936523438
random,0,3,0.8748162797916531,False,0.7735571553039382,0.00015783309936523438
random,0,4,0.7085489688265746,False,0.7735571553039382,0.00015783309936523438
random,0,5,0.7521378468039255,False,0.7735571553039382,0.00015783309936523438
random,0,6,0.8482283619750114,True,0.8482283619750114,0.00015783309936523438
random,0,7,0.7232179834685188,False,0.8482283619750114,0.00015783309936523438
random,0,8,0.8034649466966497,True,0.8482283619750114,0.00015783309936523438
random,0,9,0.8662459485654131,False,0.8482283619750114,0.00015783309936523438
random,0,10,0.8231693628487451,False,0.8482283619750114,0.00015783309936523438
random,0,11,0.8145724226483395,False,0.8482283619750114,0.00015783309936523438
random,0,12,0.8445834225861871,False,0.8482283619750114,0.00015783309936523438
random,0,13,0.893510301244272,False,0.8482283619750114,0.00015783309936523438
random,0,14,0.8480084118430071,False,0.8482283619750114,0.00015783309936523438
random,0,15,0.8443457421796214,False,0.8482283619750114,0.00015783309936523438
random,0,16,0.8243854837429793,False,0.8482283619750114,0.00015783309936523438
random,0,17,0.8139458920549333,True,0.8482283619750114,0.00015783309936523438
random,0,18,0.8046335073483017,False,0.8482283619750114,0.00015783309936523438
random,0,19,0.7011688352118071,True,0.8482283619750114,0.00015783309936523438
random,0,20,0.7536759060548697,False,0.8482283619750114,0.00015783309936523438
random,0,21,0.7086394804429701,False,0.8482283619750114,0.00015783309936523438
random,0,22,0.8497486116184678,False,0.8482283619750114,0.00015783309936523438
random,0,23,0.8541106854453355,True,0.8541106854453355,0.00015783309936523438
random,0,24,0.7924658170155835,True,0.8541106854453355,0.00015783309936523438
random,0,25,0.8877967346712423,False,0.8541106854453355,0.00015783309936523438
random,1,1,0.8569465046347812,False,,0.0001380443572998047
random,1,2,0.8116086721772544,False,,0.0001380443572998047
random,1,3,0.8404221866198215,False,,0.0001380443572998047
random,1,4,0.7562292484069166,True,0.7562292484069166,0.0001380443572998047
random,1,5,0.863059509285815,False,0.7562292484069166,0.0001380443572998047
random,1,6,0.7436611707588893,False,0.7562292484069166,0.0001380443572998047
random,1,7,0.7181427183802837,True,0.7562292484069166,0.0001380443572998047
random,1,8,0.8394060486620232,True,0.8394060486620232,0.0001380443572998047
random,1,9,0.8231447907258288,False,0.8394060486620232,0.0001380443572998047
random,1,10,0.695516800038984,True,0.8394060486620232,0.0001380443572998047
random,1,11,0.7651986743590073,False,0.8394060486620232,0.0001380443572998047
random,1,12,0.8618576711138196,False,0.8394060486620232,0.0001380443572998047
random,1,13,0.6991962230332612,True,0.8394060486620232,0.0001380443572998047
random,1,14,0.7668708954696112,True,0.8394060486620232,0.0001380443572998047
random,1,15,0.847433605479786,False,0.8394060486620232,0.0001380443572998047
random,1,16,0.872642607074728,False,0.8394060486620232,0.0001380443572998047
random,1,17,0.8380162653992224,True,0.8394060486620232,0.0001380443572998047
random,1,18,0.8341376112684973,False,0.8394060486620232,0.0001380443572998047
random,1,19,0.49227123238673604,True,0.8394060486620232,0.0001380443572998047
random,1,20,0.8399761368265939,False,0.8394060486620232,0.0001380443572998047
random,1,21,0.26779173678392526,True,0.8394060486620232,0.0001380443572998047
random,1,22,0.8498644799052282,False,0.8394060486620232,0.0001380443572998047
random,1,23,0.8408987436685249,True,0.8408987436685249,0.0001380443572998047
random,1,24,0.8001742238326426,False,0.8408987436685249,0.0001380443572998047
random,1,25,0.8324020916636863,False,0.8408987436685249,0.0001380443572998047
random,2,1,0.7744036169906932,True,0.7744036169906932,6.222724914550781e-05
random,2,2,0.7725470946557693,True,0.7744036169906932,6.222724914550781e-05
random,2,3,0.37213686497592524,True,0.7744036169906932,6.222724914550781e-05
random,2,4,0.8316972833218516,False,0.7744036169906932,6.222724914550781e-05
random,2,5,0.8711603470979293,False,0.7744036169906932,6.222724914550781e-05
random,2,6,0.8809362929326978,False,0.7744036169906932,6.222724914550781e-05
random,2,7,0.7521319577081679,False,0.7744036169906932,6.222724914550781e-05
random,2,8,0.8904868820750739,False,0.7744036169906932,6.222724914550781e-05
random,2,9,0.8798361106945346,False,0.7744036169906932,6.222724914550781e-05
random,2,10,0.7350936590099129,False,0.7744036169906932,6.222724914550781e-05
random,2,11,0.8622592047977385,True,0.8622592047977385,6.222724914550781e-05
random,2,12,0.8358775561444787,False,0.8622592047977385,6.222724914550781e-05
random,2,13,0.8800363445828454,False,0.8622592047977385,6.222724914550781e-05
random,2,14,0.8888525162833563,False,0.8622592047977385,6.222724914550781e-05
random,2,15,0.8475159346323058,False,0.8622592047977385,6.222724914550781e-05
random,2,16,0.8259535420024022,False,0.8622592047977385,6.222724914550781e-05
random,2,17,0.27537126604769013,True,0.8622592047977385,6.222724914550781e-05
random,2,18,0.893055644952598,False,0.8622592047977385,6.222724914550781e-05
random,2,19,0.890442148100069,False,0.8622592047977385,6.222724914550781e-05
random,2,20,0.8200988759053343,False,0.8622592047977385,6.222724914550781e-05
random,2,21,0.6190381981619945,True,0.8622592047977385,6.222724914550781e-05
random,2,22,0.21944400924212465,True,0.8622592047977385,6.222724914550781e-05
random,2,23,0.7205839533133537,True,0.8622592047977385,6.222724914550781e-05
random,2,24,0.8733983328140608,False,0.8622592047977385,6.222724914550781e-05
random,2,25,0.8580337906145202,False,0.8622592047977385,6.222724914550781e-05
random,3,1,0.6012057572174486,True,0.6012057572174486,4.863739013671875e-05
random,3,2,0.7551803372766532,False,0.6012057572174486,4.863739013671875e-05
random,3,3,0.7896559844374578,False,0.6012057572174486,4.863739013671875e-05
random,3,4,0.7088528917642667,True,0.7088528917642667,4.863739013671875e-05
random,3,5,0.8746921034036503,False,0.7088528917642667,4.863739013671875e-05
random,3,6,0.8195460564015261,False,0.7088528917642667,4.863739013671875e-05
random,3,7,0.7302997662944244,False,0.7088528917642667,4.863739013671875e-05
random,3,8,0.7976940886506498,False,0.7088528917642667,4.863739013671875e-05
random,3,9,0.831262685031005,False,0.7088528917642667,4.863739013671875e-05
random,3,10,0.7277108064569567,False,0.7088528917642667,4.863739013671875e-05
random,3,11,0.6610503371040747,True,0.7088528917642667,4.863739013671875e-05
random,3,12,0.8175171512025711,False,0.7088528917642667,4.863739013671875e-05
random,3,13,0.871545088846182,False,0.7088528917642667,4.863739013671875e-05
random,3,14,0.8610665723665271,True,0.8610665723665271,4.863739013671875e-05
random,3,15,0.8645658520383088,False,0.8610665723665271,4.863739013671875e-05
random,3,16,0.8128554472255026,False,0.8610665723665271,4.863739013671875e-05
random,3,17,0.8336795120571451,False,0.8610665723665271,4.863739013671875e-05
random,3,18,0.7971035706829711,True,0.8610665723665271,4.863739013671875e-05
random,3,19,0.8282967071737445,False,0.8610665723665271,4.863739013671875e-05
random,3,20,0.8448599774217109,False,0.8610665723665271,4.863739013671875e-05
random,3,21,0.8425230365552236,True,0.8610665723665271,4.863739013671875e-05
random,3,22,0.8615671991163119,False,0.8610665723665271,4.863739013671875e-05
random,3,23,0.8293420832757756,False,0.8610665723665271,4.863739013671875e-05
random,3,24,0.8780861218247445,False,0.8610665723665271,4.863739013671875e-05
random,3,25,0.7858233270410997,False,0.8610665723665271,4.863739013671875e-05
random,4,1,0.8354211868363725,False,,4.553794860839844e-05
random,4,2,0.7475199367952966,True,0.7475199367952966,4.553794860839844e-05
random,4,3,0.8317806176278544,False,0.7475199367952966,4.553794860839844e-05
random,4,4,0.8816452773283894,False,0.7475199367952966,4.553794860839844e-05
random,4,5,0.8905360664249208,False,0.7475199367952966,4.553794860839844e-05
random,4,6,0.8954129323031105,False,0.7475199367952966,4.553794860839844e-05
random,4,7,0.8189829576476323,True,0.8189829576476323,4.553794860839844e-05
random,4,8,0.7812529924673671,False,0.8189829576476323,4.553794860839844e-05
random,4,9,0.8638517466995655,False,0.8189829576476323,4.553794860839844e-05
random,4,10,0.7908384127415529,False,0.8189829576476323,4.553794860839844e-05
random,4,11,0.8835114513535886,False,0.8189829576476323,4.553794860839844e-05
random,4,12,0.8498084957538358,False,0.8189829576476323,4.553794860839844e-05
random,4,13,0.8752537912536178,False,0.8189829576476323,4.553794860839844e-05
random,4,14,0.8480905067658095,True,0.8480905067658095,4.553794860839844e-05
random,4,15,0.7725197153962062,True,0.8480905067658095,4.553794860839844e-05
random,4,16,0.67013763964635,True,0.8480905067658095,4.553794860839844e-05
random,4,17,0.8372284392443389,False,0.8480905067658095,4.553794860839844e-05
random,4,18,0.7943852878575489,True,0.8480905067658095,4.553794860839844e-05
random,4,19,0.8245203579009975,False,0.8480905067658095,4.553794860839844e-05
random,4,20,0.8832095250148232,False,0.8480905067658095,4.553794860839844e-05
random,4,21,0.8944430659276432,False,0.8480905067658095,4.553794860839844e-05
random,4,22,0.8281938532455849,False,0.8480905067658095,4.553794860839844e-05
random,4,23,0.7197915249578849,True,0.8480905067658095,4.553794860839844e-05
random,4,24,0.7511324355682589,False,0.8480905067658095,4.553794860839844e-05
random,4,25,0.8305698810550461,False,0.8480905067658095,4.553794860839844e-05
random,5,1,0.8508002788132424,False,,4.5299530029296875e-05
random,5,2,0.4773508989884305,True,0.4773508989884305,4.5299530029296875e-05
random,5,3,0.4494675552352958,False,0.4773508989884305,4.5299530029296875e-05
random,5,4,0.7897474980722117,False,0.4773508989884305,4.5299530029296875e-05
random,5,5,0.8964414108704316,False,0.4773508989884305,4.5299530029296875e-05
random,5,6,0.8350544496545955,False,0.4773508989884305,4.5299530029296875e-05
random,5,7,0.7501179156209979,False,0.4773508989884305,4.5299530029296875e-05
random,5,8,0.8159829214932747,False,0.4773508989884305,4.5299530029296875e-05
random,5,9,0.8503645606017036,False,0.4773508989884305,4.5299530029296875e-05
random,5,10,0.7363412278409457,False,0.4773508989884305,4.5299530029296875e-05
random,5,11,0.5437215589472434,False,0.4773508989884305,4.5299530029296875e-05
random,5,12,0.7772434676923665,False,0.4773508989884305,4.5299530029296875e-05
random,5,13,0.7994147488702293,False,0.4773508989884305,4.5299530029296875e-05
random,5,14,0.8631460315369442,False,0.4773508989884305,4.5299530029296875e-05
random,5,15,0.7694536673585749,True,0.7694536673585749,4.5299530029296875e-05
random,5,16,0.8473387675682286,False,0.7694536673585749,4.5299530029296875e-05
random,5,17,0.7080604614041833,True,0.7694536673585749,4.5299530029296875e-05
random,5,18,0.8462906504588456,False,0.7694536673585749,4.5299530029296875e-05
random,5,19,0.8884681318085439,False,0.7694536673585749,4.5299530029296875e-05
random,5,20,0.8581034915436294,True,0.8581034915436294,4.5299530029296875e-05
random,5,21,0.8361229066918805,False,0.8581034915436294,4.5299530029296875e-05
random,5,22,0.793742053196002,False,0.8581034915436294,4.5299530029296875e-05
random,5,23,0.862067961837024,False,0.8581034915436294,4.5299530029296875e-05
random,5,24,0.7739809711225515,True,0.8581034915436294,4.5299530029296875e-05
random,5,25,0.8772896755943289,False,0.8581034915436294,4.5299530029296875e-05
random,6,1,0.8413929776221022,False,,5.936622619628906e-05
random,6,2,0.8915572048402932,False,,5.936622619628906e-05
random,6,3,0.8538526634698062,False,,5.936622619628906e-05
random,6,4,0.34316860039651564,True,0.34316860039651564,5.936622619628906e-05
random,6,5,0.7936738715191911,True,0.7936738715191911,5.936622619628906e-05
random,6,6,0.7188546350532324,False,0.7936738715191911,5.936622619628906e-05
random,6,7,0.8408246319632492,False,0.7936738715191911,5.936622619628906e-05
random,6,8,0.5704968910492858,True,0.7936738715191911,5.936622619628906e-05
random,6,9,0.8063873012851644,False,0.7936738715191911,5.936622619628906e-05
random,6,10,0.8055478909138674,False,0.7936738715191911,5.936622619628906e-05
random,6,11,0.8431624368969244,False,0.7936738715191911,5.936622619628906e-05
random,6,12,0.8325500680124832,False,0.7936738715191911,5.936622619628906e-05
random,6,13,0.8230848904058604,False,0.7936738715191911,5.936622619628906e-05
random,6,14,0.8217195379549922,False,0.7936738715191911,5.936622619628906e-05
random,6,15,0.8102264029187908,True,0.8102264029187908,5.936622619628906e-05
random,6,16,0.7487118331656168,False,0.8102264029187908,5.936622619628906e-05
random,6,17,0.7394627348072743,False,0.8102264029187908,5.936622619628906e-05
random,6,18,0.8764546634257862,False,0.8102264029187908,5.936622619628906e-05
random,6,19,0.6739537177248462,True,0.8102264029187908,5.936622619628906e-05
random,6,20,0.6169088239019277,True,0.8102264029187908,5.936622619628906e-05
random,6,21,0.8720966218521385,False,0.8102264029187908,5.936622619628906e-05
random,6,22,0.872016785789078,False,0.8102264029187908,5.936622619628906e-05
random,6,23,0.8049790943392053,True,0.8102264029187908,5.936622619628906e-05
random,6,24,0.8331335394352539,False,0.8102264029187908,5.936622619628906e-05
random,6,25,0.8317173209017236,False,0.8102264029187908,5.936622619628906e-05
random,7,1,0.8824219010390956,False,,0.00011491775512695312
random,7,2,0.7566418714030549,True,0.7566418714030549,0.00011491775512695312
random,7,3,0.7642811034723466,True,0.7642811034723466,0.00011491775512695312
random,7,4,0.8168756852278284,False,0.7642811034723466,0.00011491775512695312
random,7,5,0.8084342283561905,True,0.8084342283561905,0.00011491775512695312
random,7,6,0.8906249116889797,False,0.8084342283561905,0.00011491775512695312
random,7,7,0.8583416682226405,False,0.8084342283561905,0.00011491775512695312
random,7,8,0.7148242937096119,False,0.8084342283561905,0.00011491775512695312
random,7,9,0.6915105074509187,True,0.8084342283561905,0.00011491775512695312
random,7,10,0.8293860440172899,False,0.8084342283561905,0.00011491775512695312
random,7,11,0.7129679671441835,False,0.8084342283561905,0.00011491775512695312
random,7,12,0.803972430260601,False,0.8084342283561905,0.00011491775512695312
random,7,13,0.3251782061392846,True,0.8084342283561905,0.00011491775512695312
random,7,14,0.6892001298332203,True,0.8084342283561905,0.00011491775512695312
random,7,15,0.8866422790256127,False,0.8084342283561905,0.00011491775512695312
random,7,16,0.7910685092197612,False,0.8084342283561905,0.00011491775512695312
random,7,17,0.8773955191505927,False,0.8084342283561905,0.00011491775512695312
random,7,18,0.7087666911296646,False,0.8084342283561905,0.00011491775512695312
random,7,19,0.7113959701925224,True,0.8084342283561905,0.00011491775512695312
random,7,20,0.8903902780794196,False,0.8084342283561905,0.00011491775512695312
random,7,21,0.8755505396585809,False,0.8084342283561905,0.00011491775512695312
random,7,22,0.7257445146056398,True,0.8084342283561905,0.00011491775512695312
random,7,23,0.6994268279846129,False,0.8084342283561905,0.00011491775512695312
random,7,24,0.8226557064300258,True,0.8226557064300258,0.00011491775512695312
random,7,25,0.7955395790739062,False,0.8226557064300258,0.00011491775512695312
random,8,1,0.8762649391280821,False,,4.482269287109375e-05
random,8,2,0.847965716566072,False,,4.482269287109375e-05
random,8,3,0.7948384014646486,False,,4.482269287109375e-05
random,8,4,0.7978527978030644,False,,4.482269287109375e-05
random,8,5,0.6527697097148458,True,0.6527697097148458,4.482269287109375e-05
random,8,6,0.8130400727819845,False,0.6527697097148458,4.482269287109375e-05
random,8,7,0.8800280942141944,False,0.6527697097148458,4.482269287109375e-05
random,8,8,0.7042267958977694,True,0.7042267958977694,4.482269287109375e-05
random,8,9,0.44331516330829845,True,0.7042267958977694,4.482269287109375e-05
random,8,10,0.8654291130521466,False,0.7042267958977694,4.482269287109375e-05
random,8,11,0.7882389211386124,False,0.7042267958977694,4.482269287109375e-05
random,8,12,0.6141898932596966,True,0.7042267958977694,4.482269287109375e-05
random,8,13,0.8863680524706343,False,0.7042267958977694,4.482269287109375e-05
random,8,14,0.8125548143231973,True,0.8125548143231973,4.482269287109375e-05
random,8,15,0.7840194611215247,False,0.8125548143231973,4.482269287109375e-05
random,8,16,0.8696866455585582,False,0.8125548143231973,4.482269287109375e-05
random,8,17,0.8195801221141588,False,0.8125548143231973,4.482269287109375e-05
random,8,18,0.8754915507237455,False,0.8125548143231973,4.482269287109375e-05
random,8,19,0.7843452117542322,False,0.8125548143231973,4.482269287109375e-05
random,8,20,0.8253135621915898,False,0.8125548143231973,4.482269287109375e-05
random,8,21,0.4809410714569315,True,0.8125548143231973,4.482269287109375e-05
random,8,22,0.7966166254047359,False,0.8125548143231973,4.482269287109375e-05
random,8,23,0.8298494918249684,False,0.8125548143231973,4.482269287109375e-05
random,8,24,0.838825227583523,False,0.8125548143231973,4.482269287109375e-05
random,8,25,0.779876517388317,False,0.8125548143231973,4.482269287109375e-05
random,9,1,0.8307078086480819,False,,0.00012373924255371094
random,9,2,0.8635267744210522,False,,0.00012373924255371094
random,9,3,0.752683589717837,False,,0.00012373924255371094
random,9,4,0.7992139514696236,False,,0.00012373924255371094
random,9,5,0.7707587856295199,True,0.7707587856295199,0.00012373924255371094
random,9,6,0.845509604596037,False,0.7707587856295199,0.00012373924255371094
random,9,7,0.8519731808061528,False,0.7707587856295199,0.00012373924255371094
random,9,8,0.8667571702935576,False,0.7707587856295199,0.00012373924255371094
random,9,9,0.8447156015038633,False,0.7707587856295199,0.00012373924255371094
random,9,10,0.8394871501426034,False,0.7707587856295199,0.00012373924255371094
random,9,11,0.8627505317691216,False,0.7707587856295199,0.00012373924255371094
random,9,12,0.7532818621237136,False,0.7707587856295199,0.00012373924255371094
random,9,13,0.7991360684640587,True,0.7991360684640587,0.00012373924255371094
random,9,14,0.780613807937256,True,0.7991360684640587,0.00012373924255371094
random,9,15,0.7979683230932628,False,0.7991360684640587,0.00012373924255371094
random,9,16,0.8132986802965974,False,0.7991360684640587,0.00012373924255371094
random,9,17,0.8550215493445015,False,0.7991360684640587,0.00012373924255371094
random,9,18,0.8390822857228131,True,0.8390822857228131,0.00012373924255371094
random,9,19,0.8355233414063677,False,0.8390822857228131,0.00012373924255371094
random,9,20,0.11021931537919501,True,0.8390822857228131,0.00012373924255371094
random,9,21,0.8530355948044134,False,0.8390822857228131,0.00012373924255371094
random,9,22,0.8618103346727959,False,0.8390822857228131,0.00012373924255371094
random,9,23,0.6314294260755572,False,0.8390822857228131,0.00012373924255371094
random,9,24,0.43822649575470973,True,0.8390822857228131,0.00012373924255371094
random,9,25,0.8786025013371808,False,0.8390822857228131,0.00012373924255371094
random,10,1,0.8196926680834317,False,,4.673004150390625e-05
random,10,2,0.7242134981099185,True,0.7242134981099185,4.673004150390625e-05
random,10,3,0.8640083259199034,False,0.7242134981099185,4.673004150390625e-05
random,10,4,0.8122908074325211,False,0.7242134981099185,4.673004150390625e-05
random,10,5,0.8840020231784881,False,0.7242134981099185,4.673004150390625e-05
random,10,6,0.813166566736317,False,0.7242134981099185,4.673004150390625e-05
random,10,7,0.8162715810511654,True,0.8162715810511654,4.673004150390625e-05
random,10,8,0.8425240844927747,False,0.8162715810511654,4.673004150390625e-05
random,10,9,0.8287187265344349,False,0.8162715810511654,4.673004150390625e-05
random,10,10,0.8554457065988033,False,0.8162715810511654,4.673004150390625e-05
random,10,11,0.6763430727186923,True,0.8162715810511654,4.673004150390625e-05
random,10,12,0.8017936347467304,False,0.8162715810511654,4.673004150390625e-05
random,10,13,0.6319015314508141,True,0.8162715810511654,4.673004150390625e-05
random,10,14,0.8789496765378777,False,0.8162715810511654,4.673004150390625e-05
random,10,15,0.7020792175763579,False,0.8162715810511654,4.673004150390625e-05
random,10,16,0.8614946476707188,False,0.8162715810511654,4.673004150390625e-05
random,10,17,0.763635126626689,False,0.8162715810511654,4.673004150390625e-05
random,10,18,0.8663258611344926,False,0.8162715810511654,4.673004150390625e-05
random,10,19,0.8417016667184233,False,0.8162715810511654,4.673004150390625e-05
random,10,20,0.8533083549350141,False,0.8162715810511654,4.673004150390625e-05
random,10,21,0.8162988308960166,False,0.8162715810511654,4.673004150390625e-05
random,10,22,0.8452831271162226,False,0.8162715810511654,4.673004150390625e-05
random,10,23,0.8353917420192684,False,0.8162715810511654,4.673004150390625e-05
random,10,24,0.8022484897240256,False,0.8162715810511654,4.673004150390625e-05
random,10,25,0.8263854905036159,True,0.8263854905036159,4.673004150390625e-05
random,11,1,0.7634836001027671,True,0.7634836001027671,2.8848648071289062e-05
random,11,2,0.44445381250432564,True,0.7634836001027671,2.8848648071289062e-05
random,11,3,0.4629581928296,True,0.7634836001027671,2.8848648071289062e-05
random,11,4,0.85378896130593,False,0.7634836001027671,2.8848648071289062e-05
random,11,5,0.8029582976782731,False,0.7634836001027671,2.8848648071289062e-05
random,11,6,0.851340976600599,False,0.7634836001027671,2.8848648071289062e-05
random,11,7,0.8559878767136031,False,0.7634836001027671,2.8848648071289062e-05
random,11,8,0.8110371145564589,True,0.8110371145564589,2.8848648071289062e-05
random,11,9,0.8410551552120256,False,0.8110371145564589,2.8848648071289062e-05
random,11,10,0.8120581684635801,False,0.8110371145564589,2.8848648071289062e-05
random,11,11,0.7654787609928272,False,0.8110371145564589,2.8848648071289062e-05
random,11,12,0.7901983732211134,False,0.8110371145564589,2.8848648071289062e-05
random,11,13,0.8398682531735875,False,0.8110371145564589,2.8848648071289062e-05
random,11,14,0.30849725529905453,True,0.8110371145564589,2.8848648071289062e-05
random,11,15,0.8524035533476264,False,0.8110371145564589,2.8848648071289062e-05
random,11,16,0.7526873166187064,False,0.8110371145564589,2.8848648071289062e-05
random,11,17,0.8525637802530273,True,0.8525637802530273,2.8848648071289062e-05
random,11,18,0.6287423453482446,False,0.8525637802530273,2.8848648071289062e-05
random,11,19,0.828019616860221,False,0.8525637802530273,2.8848648071289062e-05
random,11,20,0.5527081238404179,True,0.8525637802530273,2.8848648071289062e-05
random,11,21,0.7666939475730076,True,0.8525637802530273,2.8848648071289062e-05
random,11,22,0.7802670089378223,True,0.8525637802530273,2.8848648071289062e-05
random,11,23,0.7568821876782199,True,0.8525637802530273,2.8848648071289062e-05
random,11,24,0.7273902833671498,True,0.8525637802530273,2.8848648071289062e-05
random,11,25,0.1709506705993286,True,0.8525637802530273,2.8848648071289062e-05
random,12,1,0.8494250100908418,False,,2.5033950805664062e-05
random,12,2,0.7056994500625057,True,0.7056994500625057,2.5033950805664062e-05
random,12,3,0.808638274080286,False,0.7056994500625057,2.5033950805664062e-05
random,12,4,0.6378652232806014,False,0.7056994500625057,2.5033950805664062e-05
random,12,5,0.6152412516539073,True,0.7056994500625057,2.5033950805664062e-05
random,12,6,0.8685797092531942,False,0.7056994500625057,2.5033950805664062e-05
random,12,7,0.698688824545497,True,0.7056994500625057,2.5033950805664062e-05
random,12,8,0.8368526299821033,False,0.7056994500625057,2.5033950805664062e-05
random,12,9,0.8143789486492188,True,0.8143789486492188,2.5033950805664062e-05
random,12,10,0.8080439278939746,False,0.8143789486492188,2.5033950805664062e-05
random,12,11,0.8581105656402912,False,0.8143789486492188,2.5033950805664062e-05
random,12,12,0.5954355467503011,True,0.8143789486492188,2.5033950805664062e-05
random,12,13,0.7343995146160557,True,0.8143789486492188,2.5033950805664062e-05
random,12,14,0.8482837416909247,False,0.8143789486492188,2.5033950805664062e-05
random,12,15,0.8463724528715206,True,0.8463724528715206,2.5033950805664062e-05
random,12,16,0.8637331568119457,False,0.8463724528715206,2.5033950805664062e-05
random,12,17,0.8785262620893075,False,0.8463724528715206,2.5033950805664062e-05
random,12,18,0.7485022989332512,True,0.8463724528715206,2.5033950805664062e-05
random,12,19,0.8315352186338817,False,0.8463724528715206,2.5033950805664062e-05
random,12,20,0.8095534764455511,False,0.8463724528715206,2.5033950805664062e-05
random,12,21,0.8274013265344164,False,0.8463724528715206,2.5033950805664062e-05
random,12,22,0.8597527628083026,False,0.8463724528715206,2.5033950805664062e-05
random,12,23,0.884810187061343,False,0.8463724528715206,2.5033950805664062e-05
random,12,24,0.7177984830340649,True,0.8463724528715206,2.5033950805664062e-05
random,12,25,0.8185772088110466,False,0.8463724528715206,2.5033950805664062e-05
random,13,1,0.8497412402023502,False,,2.6941299438476562e-05
random,13,2,0.5522881613300011,True,0.5522881613300011,2.6941299438476562e-05
random,13,3,0.5143143356966277,False,0.5522881613300011,2.6941299438476562e-05
random,13,4,0.8195121333597798,False,0.5522881613300011,2.6941299438476562e-05
random,13,5,0.7180305761374894,True,0.7180305761374894,2.6941299438476562e-05
random,13,6,0.8185823970998167,False,0.7180305761374894,2.6941299438476562e-05
random,13,7,0.8245169352935149,False,0.7180305761374894,2.6941299438476562e-05
random,13,8,0.8578982672762481,False,0.7180305761374894,2.6941299438476562e-05
random,13,9,0.78475341925643,False,0.7180305761374894,2.6941299438476562e-05
random,13,10,0.843526570788408,False,0.7180305761374894,2.6941299438476562e-05
random,13,11,0.8268750778429627,True,0.8268750778429627,2.6941299438476562e-05
random,13,12,0.8056005793845161,False,0.8268750778429627,2.6941299438476562e-05
random,13,13,0.7828681367063353,False,0.8268750778429627,2.6941299438476562e-05
random,13,14,0.8189634500369192,False,0.8268750778429627,2.6941299438476562e-05
random,13,15,0.8128638091675112,False,0.8268750778429627,2.6941299438476562e-05
random,13,16,0.880395759039713,False,0.8268750778429627,2.6941299438476562e-05
random,13,17,0.8914933929118489,False,0.8268750778429627,2.6941299438476562e-05
random,13,18,0.8126496977534424,False,0.8268750778429627,2.6941299438476562e-05
random,13,19,0.8469360315479544,False,0.8268750778429627,2.6941299438476562e-05
random,13,20,0.7566686796782923,False,0.8268750778429627,2.6941299438476562e-05
random,13,21,0.8557618414280115,False,0.8268750778429627,2.6941299438476562e-05
random,13,22,0.8147562818444848,True,0.8268750778429627,2.6941299438476562e-05
random,13,23,0.8287519459475816,False,0.8268750778429627,2.6941299438476562e-05
random,13,24,0.7183959269252047,True,0.8268750778429627,2.6941299438476562e-05
random,13,25,0.8423467626280523,False,0.8268750778429627,2.6941299438476562e-05
random,14,1,0.8428042170666131,False,,2.384185791015625e-05
random,14,2,0.8409453307084318,False,,2.384185791015625e-05
random,14,3,0.8539368820241259,False,,2.384185791015625e-05
random,14,4,0.8220092696627904,False,,2.384185791015625e-05
random,14,5,0.8653038313864772,False,,2.384185791015625e-05
random,14,6,0.825024209723016,False,,2.384185791015625e-05
random,14,7,0.809598454134005,False,,2.384185791015625e-05
random,14,8,0.8279286064824136,False,,2.384185791015625e-05
random,14,9,0.6267007058276228,False,,2.384185791015625e-05
random,14,10,0.7149165940764158,False,,2.384185791015625e-05
random,14,11,0.8410910628434712,False,,2.384185791015625e-05
random,14,12,0.8500916382167764,False,,2.384185791015625e-05
random,14,13,0.8301363318949766,False,,2.384185791015625e-05
random,14,14,0.7954077049132522,False,,2.384185791015625e-05
random,14,15,0.8450134217047846,True,0.8450134217047846,2.384185791015625e-05
random,14,16,0.8585940208817834,False,0.8450134217047846,2.384185791015625e-05
random,14,17,0.8777906088221218,False,0.8450134217047846,2.384185791015625e-05
random,14,18,0.5525753614386653,False,0.8450134217047846,2.384185791015625e-05
random,14,19,0.8016016873904325,True,0.8450134217047846,2.384185791015625e-05
random,14,20,0.8555149149647358,False,0.8450134217047846,2.384185791015625e-05
random,14,21,0.8801189342641917,False,0.8450134217047846,2.384185791015625e-05
random,14,22,0.8199994908557114,False,0.8450134217047846,2.384185791015625e-05
random,14,23,0.8544653406936108,True,0.8544653406936108,2.384185791015625e-05
random,14,24,0.37918809342774346,True,0.8544653406936108,2.384185791015625e-05
random,14,25,0.4192220651592671,True,0.8544653406936108,2.384185791015625e-05
random,15,1,0.858333052935339,False,,2.47955322265625e-05
random,15,2,0.6669991141785677,True,0.6669991141785677,2.47955322265625e-05
random,15,3,0.8446079166281104,False,0.6669991141785677,2.47955322265625e-05
random,15,4,0.8297857679176887,False,0.6669991141785677,2.47955322265625e-05
random,15,5,0.8056055378498671,False,0.6669991141785677,2.47955322265625e-05
random,15,6,0.8061973455441256,False,0.6669991141785677,2.47955322265625e-05
random,15,7,0.8761335336856393,False,0.6669991141785677,2.47955322265625e-05
random,15,8,0.8402103159630668,False,0.6669991141785677,2.47955322265625e-05
random,15,9,0.8488039859452063,False,0.6669991141785677,2.47955322265625e-05
random,15,10,0.8439988114025392,False,0.6669991141785677,2.47955322265625e-05
random,15,11,0.7914534272853587,False,0.6669991141785677,2.47955322265625e-05
random,15,12,0.7389524763771057,False,0.6669991141785677,2.47955322265625e-05
random,15,13,0.5867768312012569,False,0.6669991141785677,2.47955322265625e-05
random,15,14,0.8364595146400412,False,0.6669991141785677,2.47955322265625e-05
random,15,15,0.7969999117019438,False,0.6669991141785677,2.47955322265625e-05
random,15,16,0.4522281889408844,True,0.6669991141785677,2.47955322265625e-05
random,15,17,0.8948091252421762,False,0.6669991141785677,2.47955322265625e-05
random,15,18,0.8263546440114473,False,0.6669991141785677,2.47955322265625e-05
random,15,19,0.8453586843529005,False,0.6669991141785677,2.47955322265625e-05
random,15,20,0.8314679177927679,False,0.6669991141785677,2.47955322265625e-05
random,15,21,0.8485520715611516,False,0.6669991141785677,2.47955322265625e-05
random,15,22,0.690920824942782,True,0.690920824942782,2.47955322265625e-05
random,15,23,0.6824507933377914,True,0.690920824942782,2.47955322265625e-05
random,15,24,0.8848833582591652,False,0.690920824942782,2.47955322265625e-05
random,15,25,0.7549777274275755,True,0.7549777274275755,2.47955322265625e-05
random,16,1,0.8119017698112356,False,,2.3365020751953125e-05
random,16,2,0.777665144098509,False,,2.3365020751953125e-05
random,16,3,0.7611745681435872,False,,2.3365020751953125e-05
random,16,4,0.8294867953339594,False,,2.3365020751953125e-05
random,16,5,0.828958174039583,True,0.828958174039583,2.3365020751953125e-05
random,16,6,0.7795240476943055,False,0.828958174039583,2.3365020751953125e-05
random,16,7,0.8221756780286583,False,0.828958174039583,2.3365020751953125e-05
random,16,8,0.8400710203010466,False,0.828958174039583,2.3365020751953125e-05
random,16,9,0.7361561444222924,True,0.828958174039583,2.3365020751953125e-05
random,16,10,0.8766297648952615,False,0.828958174039583,2.3365020751953125e-05
random,16,11,0.7892847821673599,True,0.828958174039583,2.3365020751953125e-05
random,16,12,0.8281707734372907,False,0.828958174039583,2.3365020751953125e-05
random,16,13,0.8521865082699214,False,0.828958174039583,2.3365020751953125e-05
random,16,14,0.78888969772128,False,0.828958174039583,2.3365020751953125e-05
random,16,15,0.8664622652220142,False,0.828958174039583,2.3365020751953125e-05
random,16,16,0.7668070939739352,True,0.828958174039583,2.3365020751953125e-05
random,16,17,0.8263926381740656,True,0.828958174039583,2.3365020751953125e-05
random,16,18,0.8865707323142173,False,0.828958174039583,2.3365020751953125e-05
random,16,19,0.8393658167868979,False,0.828958174039583,2.3365020751953125e-05
random,16,20,0.7802936223930058,False,0.828958174039583,2.3365020751953125e-05
random,16,21,0.791210890594305,True,0.828958174039583,2.3365020751953125e-05
random,16,22,0.8894360455889523,False,0.828958174039583,2.3365020751953125e-05
random,16,23,0.5207950245182371,True,0.828958174039583,2.3365020751953125e-05
random,16,24,0.8131449348732215,False,0.828958174039583,2.3365020751953125e-05
random,16,25,0.8323714139712545,True,0.8323714139712545,2.3365020751953125e-05
random,17,1,0.817648960039555,False,,2.5272369384765625e-05
random,17,2,0.7626238743918631,False,,2.5272369384765625e-05
random,17,3,0.8764060926147392,False,,2.5272369384765625e-05
random,17,4,0.5333850646426608,True,0.5333850646426608,2.5272369384765625e-05
random,17,5,0.8357610753073946,True,0.8357610753073946,2.5272369384765625e-05
random,17,6,0.7191815762007241,True,0.8357610753073946,2.5272369384765625e-05
random,17,7,0.38518884142311416,True,0.8357610753073946,2.5272369384765625e-05
random,17,8,0.8664695523802454,False,0.8357610753073946,2.5272369384765625e-05
random,17,9,0.8245186902366819,False,0.8357610753073946,2.5272369384765625e-05
random,17,10,0.7688507484617663,True,0.8357610753073946,2.5272369384765625e-05
random,17,11,0.8887586417472404,False,0.8357610753073946,2.5272369384765625e-05
random,17,12,0.8469544358679358,True,0.8469544358679358,2.5272369384765625e-05
random,17,13,0.8392011136177928,False,0.8469544358679358,2.5272369384765625e-05
random,17,14,0.8762923233329745,False,0.8469544358679358,2.5272369384765625e-05
random,17,15,0.7300959508334415,False,0.8469544358679358,2.5272369384765625e-05
random,17,16,0.69483122586785,True,0.8469544358679358,2.5272369384765625e-05
random,17,17,0.8720913376677045,False,0.8469544358679358,2.5272369384765625e-05
random,17,18,0.8762415860963901,False,0.8469544358679358,2.5272369384765625e-05
random,17,19,0.7830986196950157,False,0.8469544358679358,2.5272369384765625e-05
random,17,20,0.47996799785988636,True,0.8469544358679358,2.5272369384765625e-05
random,17,21,0.5353626291445384,True,0.8469544358679358,2.5272369384765625e-05
random,17,22,0.8685742591952434,False,0.8469544358679358,2.5272369384765625e-05
random,17,23,0.8447192134003897,False,0.8469544358679358,2.5272369384765625e-05
random,17,24,0.7958772472646135,True,0.8469544358679358,2.5272369384765625e-05
random,17,25,0.8795483094489778,False,0.8469544358679358,2.5272369384765625e-05
random,18,1,0.8632032298845124,False,,2.288818359375e-05
random,18,2,0.8244350620811295,True,0.8244350620811295,2.288818359375e-05
random,18,3,0.864134205818247,False,0.8244350620811295,2.288818359375e-05
random,18,4,0.6872310835067759,True,0.8244350620811295,2.288818359375e-05
random,18,5,0.8449878500975743,False,0.8244350620811295,2.288818359375e-05
random,18,6,0.7575753306114766,True,0.8244350620811295,2.288818359375e-05
random,18,7,0.832843078269197,False,0.8244350620811295,2.288818359375e-05
random,18,8,0.7820854685443278,False,0.8244350620811295,2.288818359375e-05
random,18,9,0.7942299993852004,False,0.8244350620811295,2.288818359375e-05
random,18,10,0.873481078526402,False,0.8244350620811295,2.288818359375e-05
random,18,11,0.879644494120077,False,0.8244350620811295,2.288818359375e-05
random,18,12,0.8334039025603236,False,0.8244350620811295,2.288818359375e-05
random,18,13,0.7681161989324474,False,0.8244350620811295,2.288818359375e-05
random,18,14,0.6951019206068577,False,0.8244350620811295,2.288818359375e-05
random,18,15,0.7706380417041147,True,0.8244350620811295,2.288818359375e-05
random,18,16,0.8079980489985752,False,0.8244350620811295,2.288818359375e-05
random,18,17,0.13916733493599764,True,0.8244350620811295,2.288818359375e-05
random,18,18,0.8346287789467355,False,0.8244350620811295,2.288818359375e-05
random,18,19,0.7896948631836144,False,0.8244350620811295,2.288818359375e-05
random,18,20,0.8344340668557004,False,0.8244350620811295,2.288818359375e-05
random,18,21,0.8602906610555955,False,0.8244350620811295,2.288818359375e-05
random,18,22,0.8659225529904154,False,0.8244350620811295,2.288818359375e-05
random,18,23,0.8566095571759389,False,0.8244350620811295,2.288818359375e-05
random,18,24,0.8672764192790309,False,0.8244350620811295,2.288818359375e-05
random,18,25,0.6716712684174702,True,0.8244350620811295,2.288818359375e-05
random,19,1,0.8747578910743254,False,,2.3126602172851562e-05
random,19,2,0.628888151542894,True,0.628888151542894,2.3126602172851562e-05
random,19,3,0.8373714228675967,False,0.628888151542894,2.3126602172851562e-05
random,19,4,0.8281504287583551,False,0.628888151542894,2.3126602172851562e-05
random,19,5,0.874708089783738,False,0.628888151542894,2.3126602172851562e-05
random,19,6,0.8562066819336205,False,0.628888151542894,2.3126602172851562e-05
random,19,7,0.8109750052889966,False,0.628888151542894,2.3126602172851562e-05
random,19,8,0.7926538695920572,True,0.7926538695920572,2.3126602172851562e-05
random,19,9,0.8477456400915895,False,0.7926538695920572,2.3126602172851562e-05
random,19,10,0.8229829583779512,False,0.7926538695920572,2.3126602172851562e-05
random,19,11,0.7215022265581966,False,0.7926538695920572,2.3126602172851562e-05
random,19,12,0.8495179242881779,False,0.7926538695920572,2.3126602172851562e-05
random,19,13,0.8916472373888636,False,0.7926538695920572,2.3126602172851562e-05
random,19,14,0.7498318391800727,False,0.7926538695920572,2.3126602172851562e-05
random,19,15,0.8692659185698929,False,0.7926538695920572,2.3126602172851562e-05
random,19,16,0.6165408480794573,True,0.7926538695920572,2.3126602172851562e-05
random,19,17,0.7449180568618327,True,0.7926538695920572,2.3126602172851562e-05
random,19,18,0.8523419895321861,False,0.7926538695920572,2.3126602172851562e-05
random,19,19,0.7142388628969769,False,0.7926538695920572,2.3126602172851562e-05
random,19,20,0.7009663292620475,False,0.7926538695920572,2.3126602172851562e-05
random,19,21,0.7475605629691549,True,0.7926538695920572,2.3126602172851562e-05
random,19,22,0.5424380873303255,False,0.7926538695920572,2.3126602172851562e-05
random,19,23,0.8404135188456427,False,0.7926538695920572,2.3126602172851562e-05
random,19,24,0.8509663570918908,False,0.7926538695920572,2.3126602172851562e-05
random,19,25,0.8329754690012848,False,0.7926538695920572,2.3126602172851562e-05
random,20,1,0.7741355268807136,False,,2.9325485229492188e-05
random,20,2,0.7990054948280086,False,,2.9325485229492188e-05
random,20,3,0.8377954175367862,True,0.8377954175367862,2.9325485229492188e-05
random,20,4,0.8596907054387124,False,0.8377954175367862,2.9325485229492188e-05
random,20,5,0.4425320182993551,True,0.8377954175367862,2.9325485229492188e-05
random,20,6,0.7443944283919595,False,0.8377954175367862,2.9325485229492188e-05
random,20,7,0.6123430493805958,True,0.8377954175367862,2.9325485229492188e-05
random,20,8,0.831049715199008,False,0.8377954175367862,2.9325485229492188e-05
random,20,9,0.8593695233114367,False,0.8377954175367862,2.9325485229492188e-05
random,20,10,0.8319971424758574,False,0.8377954175367862,2.9325485229492188e-05
random,20,11,0.6993976497030073,True,0.8377954175367862,2.9325485229492188e-05
random,20,12,0.8772154278444524,False,0.8377954175367862,2.9325485229492188e-05
random,20,13,0.8303421560362374,False,0.8377954175367862,2.9325485229492188e-05
random,20,14,0.8002248181117877,False,0.8377954175367862,2.9325485229492188e-05
random,20,15,0.7968999046812696,False,0.8377954175367862,2.9325485229492188e-05
random,20,16,0.8256613711169375,False,0.8377954175367862,2.9325485229492188e-05
random,20,17,0.8060046703770395,False,0.8377954175367862,2.9325485229492188e-05
random,20,18,0.42274644594708977,True,0.8377954175367862,2.9325485229492188e-05
random,20,19,0.7937562146063444,False,0.8377954175367862,2.9325485229492188e-05
random,20,20,0.8127534498838579,False,0.8377954175367862,2.9325485229492188e-05
random,20,21,0.83349100558171,False,0.8377954175367862,2.9325485229492188e-05
random,20,22,0.8176792761044082,False,0.8377954175367862,2.9325485229492188e-05
random,20,23,0.7221783365054214,True,0.8377954175367862,2.9325485229492188e-05
random,20,24,0.5504044658174936,False,0.8377954175367862,2.9325485229492188e-05
random,20,25,0.866145978955427,False,0.8377954175367862,2.9325485229492188e-05
random,21,1,0.857203100219604,False,,2.7179718017578125e-05
random,21,2,0.7842698865939444,True,0.7842698865939444,2.7179718017578125e-05
random,21,3,0.7317764282524039,False,0.7842698865939444,2.7179718017578125e-05
random,21,4,0.8335952729303568,False,0.7842698865939444,2.7179718017578125e-05
random,21,5,0.814972061222782,False,0.7842698865939444,2.7179718017578125e-05
random,21,6,0.8028243602320337,False,0.7842698865939444,2.7179718017578125e-05
random,21,7,0.8129153490918086,False,0.7842698865939444,2.7179718017578125e-05
random,21,8,0.7508539461177028,False,0.7842698865939444,2.7179718017578125e-05
random,21,9,0.8258771464793406,True,0.8258771464793406,2.7179718017578125e-05
random,21,10,0.8340680153858512,False,0.8258771464793406,2.7179718017578125e-05
random,21,11,0.8316032851607901,False,0.8258771464793406,2.7179718017578125e-05
random,21,12,0.8631603679045956,False,0.8258771464793406,2.7179718017578125e-05
random,21,13,0.6359567566112007,True,0.8258771464793406,2.7179718017578125e-05
random,21,14,0.26828616500971947,True,0.8258771464793406,2.7179718017578125e-05
random,21,15,0.8322556546984926,False,0.8258771464793406,2.7179718017578125e-05
random,21,16,0.8680769518994665,False,0.8258771464793406,2.7179718017578125e-05
random,21,17,0.5889412947464672,False,0.8258771464793406,2.7179718017578125e-05
random,21,18,0.7536223384755673,False,0.8258771464793406,2.7179718017578125e-05
random,21,19,0.8578350374575672,False,0.8258771464793406,2.7179718017578125e-05
random,21,20,0.08840398916356618,True,0.8258771464793406,2.7179718017578125e-05
random,21,21,0.882723232164285,False,0.8258771464793406,2.7179718017578125e-05
random,21,22,0.6681955859217112,False,0.8258771464793406,2.7179718017578125e-05
random,21,23,0.8738898857137505,False,0.8258771464793406,2.7179718017578125e-05
random,21,24,0.8104144855175245,False,0.8258771464793406,2.7179718017578125e-05
random,21,25,0.8180126082667712,False,0.8258771464793406,2.7179718017578125e-05
random,22,1,0.6888007891997767,False,,2.574920654296875e-05
random,22,2,0.8698523895750098,False,,2.574920654296875e-05
random,22,3,0.7708112119814295,False,,2.574920654296875e-05
random,22,4,0.809314798334803,False,,2.574920654296875e-05
random,22,5,0.8166632513622666,False,,2.574920654296875e-05
random,22,6,0.7941546822551431,False,,2.574920654296875e-05
random,22,7,0.8799661236455214,False,,2.574920654296875e-05
random,22,8,0.43277812419439105,True,0.43277812419439105,2.574920654296875e-05
random,22,9,0.8642116221990127,False,0.43277812419439105,2.574920654296875e-05
random,22,10,0.8825630844407406,False,0.43277812419439105,2.574920654296875e-05
random,22,11,0.8147438131862462,False,0.43277812419439105,2.574920654296875e-05
random,22,12,0.871925543148213,False,0.43277812419439105,2.574920654296875e-05
random,22,13,0.6300124303238922,False,0.43277812419439105,2.574920654296875e-05
random,22,14,0.7987662494588585,False,0.43277812419439105,2.574920654296875e-05
random,22,15,0.8326955918870079,False,0.43277812419439105,2.574920654296875e-05
random,22,16,0.8146939312265641,False,0.43277812419439105,2.574920654296875e-05
random,22,17,0.8477481308300747,True,0.8477481308300747,2.574920654296875e-05
random,22,18,0.8239469334406456,False,0.8477481308300747,2.574920654296875e-05
random,22,19,0.8392196568724515,False,0.8477481308300747,2.574920654296875e-05
random,22,20,0.8677427240812885,False,0.8477481308300747,2.574920654296875e-05
random,22,21,0.7758116329051158,False,0.8477481308300747,2.574920654296875e-05
random,22,22,0.8565538408439939,False,0.8477481308300747,2.574920654296875e-05
random,22,23,0.833427978442286,False,0.8477481308300747,2.574920654296875e-05
random,22,24,0.7936565934877374,False,0.8477481308300747,2.574920654296875e-05
random,22,25,0.8723524967141284,False,0.8477481308300747,2.574920654296875e-05
random,23,1,0.8256005837218301,False,,2.4318695068359375e-05
random,23,2,0.800421655410218,True,0.800421655410218,2.4318695068359375e-05
random,23,3,0.6841508072445219,True,0.800421655410218,2.4318695068359375e-05
random,23,4,0.8449996942959928,False,0.800421655410218,2.4318695068359375e-05
random,23,5,0.6743921704608007,True,0.800421655410218,2.4318695068359375e-05
random,23,6,0.864972977611579,False,0.800421655410218,2.4318695068359375e-05
random,23,7,0.7898296963258314,False,0.800421655410218,2.4318695068359375e-05
random,23,8,0.8717338175328644,False,0.800421655410218,2.4318695068359375e-05
random,23,9,0.7205660935304962,False,0.800421655410218,2.4318695068359375e-05
random,23,10,0.8497211574231324,True,0.8497211574231324,2.4318695068359375e-05
random,23,11,0.84915755725362,False,0.8497211574231324,2.4318695068359375e-05
random,23,12,0.8150369657482038,False,0.8497211574231324,2.4318695068359375e-05
random,23,13,0.7868151508152746,True,0.8497211574231324,2.4318695068359375e-05
random,23,14,0.8410832928302828,False,0.8497211574231324,2.4318695068359375e-05
random,23,15,0.8270266539411617,False,0.8497211574231324,2.4318695068359375e-05
random,23,16,0.8553388671805948,False,0.8497211574231324,2.4318695068359375e-05
random,23,17,0.7162968951582748,True,0.8497211574231324,2.4318695068359375e-05
random,23,18,0.8797115210939092,False,0.8497211574231324,2.4318695068359375e-05
random,23,19,0.8234896104483359,False,0.8497211574231324,2.4318695068359375e-05
random,23,20,0.7685585834161539,False,0.8497211574231324,2.4318695068359375e-05
random,23,21,0.8257621439333873,False,0.8497211574231324,2.4318695068359375e-05
random,23,22,0.7996394631621568,False,0.8497211574231324,2.4318695068359375e-05
random,23,23,0.8073229578920317,True,0.8497211574231324,2.4318695068359375e-05
random,23,24,0.8510921289052527,False,0.8497211574231324,2.4318695068359375e-05
random,23,25,0.8467656572665848,False,0.8497211574231324,2.4318695068359375e-05
random,24,1,0.8280911481202858,False,,2.6702880859375e-05
random,24,2,0.8719715622475978,False,,2.6702880859375e-05
random,24,3,0.8005727425986364,False,,2.6702880859375e-05
random,24,4,0.8419160852891908,False,,2.6702880859375e-05
random,24,5,0.7588120894345916,False,,2.6702880859375e-05
random,24,6,0.6635308219744668,False,,2.6702880859375e-05
random,24,7,0.7577748746409259,False,,2.6702880859375e-05
random,24,8,0.8716728113960671,False,,2.6702880859375e-05
random,24,9,0.7745988042584933,True,0.7745988042584933,2.6702880859375e-05
random,24,10,0.7104976728880823,True,0.7745988042584933,2.6702880859375e-05
random,24,11,0.8155331440045442,False,0.7745988042584933,2.6702880859375e-05
random,24,12,0.8350275100575505,False,0.7745988042584933,2.6702880859375e-05
random,24,13,0.6002942943302244,True,0.7745988042584933,2.6702880859375e-05
random,24,14,0.8037160312970855,False,0.7745988042584933,2.6702880859375e-05
random,24,15,0.8486113065334813,True,0.8486113065334813,2.6702880859375e-05
random,24,16,0.8685341814426969,True,0.8685341814426969,2.6702880859375e-05
random,24,17,0.7392542935373904,False,0.8685341814426969,2.6702880859375e-05
random,24,18,0.8026008222165875,True,0.8685341814426969,2.6702880859375e-05
random,24,19,0.8478673346100867,False,0.8685341814426969,2.6702880859375e-05
random,24,20,0.7370560773164304,True,0.8685341814426969,2.6702880859375e-05
random,24,21,0.8490611945412573,False,0.8685341814426969,2.6702880859375e-05
random,24,22,0.8465347210733042,False,0.8685341814426969,2.6702880859375e-05
random,24,23,0.8265414054515239,False,0.8685341814426969,2.6702880859375e-05
random,24,24,0.8326358195677804,False,0.8685341814426969,2.6702880859375e-05
random,24,25,0.7792005078752905,False,0.8685341814426969,2.6702880859375e-05
random,25,1,0.1236029824051201,True,0.1236029824051201,2.4080276489257812e-05
random,25,2,0.25530486027177923,True,0.25530486027177923,2.4080276489257812e-05
random,25,3,0.7674723426213927,False,0.25530486027177923,2.4080276489257812e-05
random,25,4,0.8618072121410293,True,0.8618072121410293,2.4080276489257812e-05
random,25,5,0.846216614278638,False,0.8618072121410293,2.4080276489257812e-05
random,25,6,0.8787739897189524,False,0.8618072121410293,2.4080276489257812e-05
random,25,7,0.8015372671884564,False,0.8618072121410293,2.4080276489257812e-05
random,25,8,0.8077247647110155,True,0.8618072121410293,2.4080276489257812e-05
random,25,9,0.8767792494051989,False,0.8618072121410293,2.4080276489257812e-05
random,25,10,0.6124936325211968,True,0.8618072121410293,2.4080276489257812e-05
random,25,11,0.839922331778481,True,0.8618072121410293,2.4080276489257812e-05
random,25,12,0.5904232818699926,False,0.8618072121410293,2.4080276489257812e-05
random,25,13,0.7614320125498653,False,0.8618072121410293,2.4080276489257812e-05
random,25,14,0.7494843931668265,False,0.8618072121410293,2.4080276489257812e-05
random,25,15,0.8467287475517203,False,0.8618072121410293,2.4080276489257812e-05
random,25,16,0.7981651136004443,False,0.8618072121410293,2.4080276489257812e-05
random,25,17,0.705023066478932,False,0.8618072121410293,2.4080276489257812e-05
random,25,18,0.7983493021642881,False,0.8618072121410293,2.4080276489257812e-05
random,25,19,0.817386088796797,False,0.8618072121410293,2.4080276489257812e-05
random,25,20,0.8395935408943639,False,0.8618072121410293,2.4080276489257812e-05
random,25,21,0.6107668233874081,True,0.8618072121410293,2.4080276489257812e-05
random,25,22,0.8326127002714737,False,0.8618072121410293,2.4080276489257812e-05
random,25,23,0.8691473912989702,True,0.8691473912989702,2.4080276489257812e-05
random,25,24,0.7872786141520988,False,0.8691473912989702,2.4080276489257812e-05
random,25,25,0.8357974915931883,False,0.8691473912989702,2.4080276489257812e-05
random,26,1,0.7476831447924825,False,,2.4557113647460938e-05
random,26,2,0.8655045626284398,False,,2.4557113647460938e-05
random,26,3,0.8187748584859941,False,,2.4557113647460938e-05
random,26,4,0.7756919395589105,True,0.7756919395589105,2.4557113647460938e-05
random,26,5,0.7906166983314565,False,0.7756919395589105,2.4557113647460938e-05
random,26,6,0.8414842958160504,True,0.8414842958160504,2.4557113647460938e-05
random,26,7,0.8660504965536833,False,0.8414842958160504,2.4557113647460938e-05
random,26,8,0.8417889648647973,False,0.8414842958160504,2.4557113647460938e-05
random,26,9,0.812178538770045,False,0.8414842958160504,2.4557113647460938e-05
random,26,10,0.8172248258653356,False,0.8414842958160504,2.4557113647460938e-05
random,26,11,0.7863455005101282,False,0.8414842958160504,2.4557113647460938e-05
random,26,12,0.8789370474423254,False,0.8414842958160504,2.4557113647460938e-05
random,26,13,0.8311008234850634,False,0.8414842958160504,2.4557113647460938e-05
random,26,14,0.7780605478796717,False,0.8414842958160504,2.4557113647460938e-05
random,26,15,0.7686928305202961,True,0.8414842958160504,2.4557113647460938e-05
random,26,16,0.8698360366978878,False,0.8414842958160504,2.4557113647460938e-05
random,26,17,0.8568442323666345,True,0.8568442323666345,2.4557113647460938e-05
random,26,18,0.8784161642311362,False,0.8568442323666345,2.4557113647460938e-05
random,26,19,0.883596552263699,False,0.8568442323666345,2.4557113647460938e-05
random,26,20,0.8278996481450079,False,0.8568442323666345,2.4557113647460938e-05
random,26,21,0.5787755850098993,False,0.8568442323666345,2.4557113647460938e-05
random,26,22,0.8282486879470611,False,0.8568442323666345,2.4557113647460938e-05
random,26,23,0.8787242402351798,False,0.8568442323666345,2.4557113647460938e-05
random,26,24,0.45270425099504974,True,0.8568442323666345,2.4557113647460938e-05
random,26,25,0.8628464855378517,False,0.8568442323666345,2.4557113647460938e-05
random,27,1,0.8025801132104625,False,,2.384185791015625e-05
random,27,2,0.8886827280596863,False,,2.384185791015625e-05
random,27,3,0.4412358590973732,True,0.4412358590973732,2.384185791015625e-05
random,27,4,0.7878959844753773,False,0.4412358590973732,2.384185791015625e-05
random,27,5,0.8287344411552293,False,0.4412358590973732,2.384185791015625e-05
random,27,6,0.8605524233922134,False,0.4412358590973732,2.384185791015625e-05
random,27,7,0.8502183347205015,False,0.4412358590973732,2.384185791015625e-05
random,27,8,0.725595619570399,False,0.4412358590973732,2.384185791015625e-05
random,27,9,0.8079548111783647,False,0.4412358590973732,2.384185791015625e-05
random,27,10,0.7342084784526499,False,0.4412358590973732,2.384185791015625e-05
random,27,11,0.8484134667207003,False,0.4412358590973732,2.384185791015625e-05
random,27,12,0.7545621642219843,True,0.7545621642219843,2.384185791015625e-05
random,27,13,0.698532954065345,True,0.7545621642219843,2.384185791015625e-05
random,27,14,0.5021143111199702,True,0.7545621642219843,2.384185791015625e-05
random,27,15,0.8606712179693047,False,0.7545621642219843,2.384185791015625e-05
random,27,16,0.8633859858912044,False,0.7545621642219843,2.384185791015625e-05
random,27,17,0.7758067140894785,False,0.7545621642219843,2.384185791015625e-05
random,27,18,0.7654517773378399,True,0.7654517773378399,2.384185791015625e-05
random,27,19,0.670298669907268,True,0.7654517773378399,2.384185791015625e-05
random,27,20,0.7965117613377832,False,0.7654517773378399,2.384185791015625e-05
random,27,21,0.8182434316661809,False,0.7654517773378399,2.384185791015625e-05
random,27,22,0.7469317009574591,False,0.7654517773378399,2.384185791015625e-05
random,27,23,0.8694322860805301,False,0.7654517773378399,2.384185791015625e-05
random,27,24,0.8031140303599286,True,0.8031140303599286,2.384185791015625e-05
random,27,25,0.8776006451433055,False,0.8031140303599286,2.384185791015625e-05
random,28,1,0.8512274939224571,False,,2.6226043701171875e-05
random,28,2,0.22725460453730553,True,0.22725460453730553,2.6226043701171875e-05
random,28,3,0.8405583610545896,False,0.22725460453730553,2.6226043701171875e-05
random,28,4,0.8489014040137178,False,0.22725460453730553,2.6226043701171875e-05
random,28,5,0.7967365959974243,False,0.22725460453730553,2.6226043701171875e-05
random,28,6,0.7350430189198773,False,0.22725460453730553,2.6226043701171875e-05
random,28,7,0.5389877766275878,False,0.22725460453730553,2.6226043701171875e-05
random,28,8,0.7692166748277037,False,0.22725460453730553,2.6226043701171875e-05
random,28,9,0.7866098592780492,True,0.7866098592780492,2.6226043701171875e-05
random,28,10,0.8901442255168583,False,0.7866098592780492,2.6226043701171875e-05
random,28,11,0.7773730751559073,False,0.7866098592780492,2.6226043701171875e-05
random,28,12,0.6982568401077417,True,0.7866098592780492,2.6226043701171875e-05
random,28,13,0.836699940626193,False,0.7866098592780492,2.6226043701171875e-05
random,28,14,0.8187948533136008,False,0.7866098592780492,2.6226043701171875e-05
random,28,15,0.8398072482820541,False,0.7866098592780492,2.6226043701171875e-05
random,28,16,0.8500131841044234,False,0.7866098592780492,2.6226043701171875e-05
random,28,17,0.782813104169525,True,0.7866098592780492,2.6226043701171875e-05
random,28,18,0.8762418196118076,False,0.7866098592780492,2.6226043701171875e-05
random,28,19,0.8401149445409258,False,0.7866098592780492,2.6226043701171875e-05
random,28,20,0.7946432892820697,False,0.7866098592780492,2.6226043701171875e-05
random,28,21,0.8895969515629212,False,0.7866098592780492,2.6226043701171875e-05
random,28,22,0.856745512581575,False,0.7866098592780492,2.6226043701171875e-05
random,28,23,0.6204607803156504,True,0.7866098592780492,2.6226043701171875e-05
random,28,24,0.825952438697538,False,0.7866098592780492,2.6226043701171875e-05
random,28,25,0.8615734949965228,True,0.8615734949965228,2.6226043701171875e-05
random,29,1,0.7043412072960727,True,0.7043412072960727,2.3365020751953125e-05
random,29,2,0.4853022687588922,False,0.7043412072960727,2.3365020751953125e-05
random,29,3,0.7415374838795714,False,0.7043412072960727,2.3365020751953125e-05
random,29,4,0.8608423288589813,True,0.8608423288589813,2.3365020751953125e-05
random,29,5,0.8233123060400985,False,0.8608423288589813,2.3365020751953125e-05
random,29,6,0.8438835323648978,True,0.8608423288589813,2.3365020751953125e-05
random,29,7,0.804191134515334,True,0.8608423288589813,2.3365020751953125e-05
random,29,8,0.8237890725750682,False,0.8608423288589813,2.3365020751953125e-05
random,29,9,0.8625761239952469,False,0.8608423288589813,2.3365020751953125e-05
random,29,10,0.8153504201397279,False,0.8608423288589813,2.3365020751953125e-05
random,29,11,0.868088289475386,False,0.8608423288589813,2.3365020751953125e-05
random,29,12,0.7373125560779892,True,0.8608423288589813,2.3365020751953125e-05
random,29,13,0.6894572397743568,False,0.8608423288589813,2.3365020751953125e-05
random,29,14,0.8241164969440963,False,0.8608423288589813,2.3365020751953125e-05
random,29,15,0.8785360132653232,True,0.8785360132653232,2.3365020751953125e-05
random,29,16,0.8816249509397591,False,0.8785360132653232,2.3365020751953125e-05
random,29,17,0.5019256885280764,True,0.8785360132653232,2.3365020751953125e-05
random,29,18,0.838043418745903,False,0.8785360132653232,2.3365020751953125e-05
random,29,19,0.8462053174640557,False,0.8785360132653232,2.3365020751953125e-05
random,29,20,0.8198529098545783,False,0.8785360132653232,2.3365020751953125e-05
random,29,21,0.6668926316107588,False,0.8785360132653232,2.3365020751953125e-05
random,29,22,0.8045942481843158,False,0.8785360132653232,2.3365020751953125e-05
random,29,23,0.7599127462448428,False,0.8785360132653232,2.3365020751953125e-05
random,29,24,0.7843355734841284,False,0.8785360132653232,2.3365020751953125e-05
random,29,25,0.5726310719865512,True,0.8785360132653232,2.3365020751953125e-05
random,30,1,0.7323771785366847,False,,2.3126602172851562e-05
random,30,2,0.8842488259114606,False,,2.3126602172851562e-05
random,30,3,0.6383124560360658,True,0.6383124560360658,2.3126602172851562e-05
random,30,4,0.8406801042573981,False,0.6383124560360658,2.3126602172851562e-05
random,30,5,0.8254614645141845,False,0.6383124560360658,2.3126602172851562e-05
random,30,6,0.8599315413693991,False,0.6383124560360658,2.3126602172851562e-05
random,30,7,0.8571277911002928,False,0.6383124560360658,2.3126602172851562e-05
random,30,8,0.7805433781440013,False,0.6383124560360658,2.3126602172851562e-05
random,30,9,0.7458857551952515,False,0.6383124560360658,2.3126602172851562e-05
random,30,10,0.8019621133121198,False,0.6383124560360658,2.3126602172851562e-05
random,30,11,0.753585640415723,True,0.753585640415723,2.3126602172851562e-05
random,30,12,0.7681657850542669,False,0.753585640415723,2.3126602172851562e-05
random,30,13,0.5413129723810471,True,0.753585640415723,2.3126602172851562e-05
random,30,14,0.8532135554423276,True,0.8532135554423276,2.3126602172851562e-05
random,30,15,0.8582342730336933,False,0.8532135554423276,2.3126602172851562e-05
random,30,16,0.8348733246414164,True,0.8532135554423276,2.3126602172851562e-05
random,30,17,0.8373455712794279,False,0.8532135554423276,2.3126602172851562e-05
random,30,18,0.8389745595121796,False,0.8532135554423276,2.3126602172851562e-05
random,30,19,0.7079595023256731,True,0.8532135554423276,2.3126602172851562e-05
random,30,20,0.8331294695170923,False,0.8532135554423276,2.3126602172851562e-05
random,30,21,0.8565518124178096,False,0.8532135554423276,2.3126602172851562e-05
random,30,22,0.8126756548966321,False,0.8532135554423276,2.3126602172851562e-05
random,30,23,0.8402686867343577,False,0.8532135554423276,2.3126602172851562e-05
random,30,24,0.8629998621212549,False,0.8532135554423276,2.3126602172851562e-05
random,30,25,0.8314094953352718,False,0.8532135554423276,2.3126602172851562e-05
random,31,1,0.7879995904791209,False,,2.2411346435546875e-05
random,31,2,0.809977320005256,False,,2.2411346435546875e-05
random,31,3,0.5084676106711409,True,0.5084676106711409,2.2411346435546875e-05
random,31,4,0.8611262934008183,False,0.5084676106711409,2.2411346435546875e-05
random,31,5,0.826262425301009,False,0.5084676106711409,2.2411346435546875e-05
random,31,6,0.6178375364548607,True,0.6178375364548607,2.2411346435546875e-05
random,31,7,0.7803656828807298,True,0.7803656828807298,2.2411346435546875e-05
random,31,8,0.8769093991254306,False,0.7803656828807298,2.2411346435546875e-05
random,31,9,0.8754858431076551,False,0.7803656828807298,2.2411346435546875e-05
random,31,10,0.8173825316046002,True,0.8173825316046002,2.2411346435546875e-05
random,31,11,0.8294361144462846,False,0.8173825316046002,2.2411346435546875e-05
random,31,12,0.6797801920653221,True,0.8173825316046002,2.2411346435546875e-05
random,31,13,0.8617718794798135,False,0.8173825316046002,2.2411346435546875e-05
random,31,14,0.8263805426064305,False,0.8173825316046002,2.2411346435546875e-05
random,31,15,0.5843401020066803,True,0.8173825316046002,2.2411346435546875e-05
random,31,16,0.8317928273209234,True,0.8317928273209234,2.2411346435546875e-05
random,31,17,0.7422930396026532,True,0.8317928273209234,2.2411346435546875e-05
random,31,18,0.6524686364178719,False,0.8317928273209234,2.2411346435546875e-05
random,31,19,0.8540849191052283,False,0.8317928273209234,2.2411346435546875e-05
random,31,20,0.8797846660392715,False,0.8317928273209234,2.2411346435546875e-05
random,31,21,0.8781005973092195,False,0.8317928273209234,2.2411346435546875e-05
random,31,22,0.8621685486332307,False,0.8317928273209234,2.2411346435546875e-05
random,31,23,0.8507263726843108,False,0.8317928273209234,2.2411346435546875e-05
random,31,24,0.8725023617098986,False,0.8317928273209234,2.2411346435546875e-05
random,31,25,0.8827429812343761,False,0.8317928273209234,2.2411346435546875e-05
random,32,1,0.7869368449729767,True,0.7869368449729767,2.5510787963867188e-05
random,32,2,0.8748433405346825,False,0.7869368449729767,2.5510787963867188e-05
random,32,3,0.8303976136061546,False,0.7869368449729767,2.5510787963867188e-05
random,32,4,0.8365378790960192,False,0.7869368449729767,2.5510787963867188e-05
random,32,5,0.8743114186529464,False,0.7869368449729767,2.5510787963867188e-05
random,32,6,0.8250419151577948,False,0.7869368449729767,2.5510787963867188e-05
random,32,7,0.5420711025355964,True,0.7869368449729767,2.5510787963867188e-05
random,32,8,0.6793582715496203,False,0.7869368449729767,2.5510787963867188e-05
random,32,9,0.8186323669372857,False,0.7869368449729767,2.5510787963867188e-05
random,32,10,0.4467469424886198,True,0.7869368449729767,2.5510787963867188e-05
random,32,11,0.7935577624254928,False,0.7869368449729767,2.5510787963867188e-05
random,32,12,0.8293834908183095,False,0.7869368449729767,2.5510787963867188e-05
random,32,13,0.7974647645687707,False,0.7869368449729767,2.5510787963867188e-05
random,32,14,0.8652135955253527,False,0.7869368449729767,2.5510787963867188e-05
random,32,15,0.8170781464407955,False,0.7869368449729767,2.5510787963867188e-05
random,32,16,0.8288430808727109,False,0.7869368449729767,2.5510787963867188e-05
random,32,17,0.8775198447873256,False,0.7869368449729767,2.5510787963867188e-05
random,32,18,0.8259192503723524,False,0.7869368449729767,2.5510787963867188e-05
random,32,19,0.8600028941164871,False,0.7869368449729767,2.5510787963867188e-05
random,32,20,0.8560575450821059,False,0.7869368449729767,2.5510787963867188e-05
random,32,21,0.8706668257207922,False,0.7869368449729767,2.5510787963867188e-05
random,32,22,0.7900429523834815,False,0.7869368449729767,2.5510787963867188e-05
random,32,23,0.8311418617561045,True,0.8311418617561045,2.5510787963867188e-05
random,32,24,0.7457999693207789,False,0.8311418617561045,2.5510787963867188e-05
random,32,25,0.6602066158958866,False,0.8311418617561045,2.5510787963867188e-05
random,33,1,0.8769196378399163,False,,2.47955322265625e-05
random,33,2,0.8280905179847666,False,,2.47955322265625e-05
random,33,3,0.8281631286224038,False,,2.47955322265625e-05
random,33,4,0.746038134199834,False,,2.47955322265625e-05
random,33,5,0.5397525756050795,True,0.5397525756050795,2.47955322265625e-05
random,33,6,0.7668507386898551,False,0.5397525756050795,2.47955322265625e-05
random,33,7,0.8542036654755528,False,0.5397525756050795,2.47955322265625e-05
random,33,8,0.7972458405375884,True,0.7972458405375884,2.47955322265625e-05
random,33,9,0.795296642000033,False,0.7972458405375884,2.47955322265625e-05
random,33,10,0.7419331889335825,True,0.7972458405375884,2.47955322265625e-05
random,33,11,0.8299045237780717,False,0.7972458405375884,2.47955322265625e-05
random,33,12,0.8474108931268578,False,0.7972458405375884,2.47955322265625e-05
random,33,13,0.8722298926390604,False,0.7972458405375884,2.47955322265625e-05
random,33,14,0.8833882142044907,False,0.7972458405375884,2.47955322265625e-05
random,33,15,0.8635643500472803,True,0.8635643500472803,2.47955322265625e-05
random,33,16,0.8750577661241848,False,0.8635643500472803,2.47955322265625e-05
random,33,17,0.3343038142754907,True,0.8635643500472803,2.47955322265625e-05
random,33,18,0.8130097225824869,True,0.8635643500472803,2.47955322265625e-05
random,33,19,0.7236949048788127,True,0.8635643500472803,2.47955322265625e-05
random,33,20,0.8572551002328008,False,0.8635643500472803,2.47955322265625e-05
random,33,21,0.8573201714674459,False,0.8635643500472803,2.47955322265625e-05
random,33,22,0.8094790343785301,False,0.8635643500472803,2.47955322265625e-05
random,33,23,0.886547371626278,False,0.8635643500472803,2.47955322265625e-05
random,33,24,0.8144020318414107,False,0.8635643500472803,2.47955322265625e-05
random,33,25,0.5475181699108606,True,0.8635643500472803,2.47955322265625e-05
random,34,1,0.7341106098332213,True,0.7341106098332213,2.4318695068359375e-05
random,34,2,0.868241641714888,False,0.7341106098332213,2.4318695068359375e-05
random,34,3,0.8388700328535896,False,0.7341106098332213,2.4318695068359375e-05
random,34,4,0.8287071308238809,False,0.7341106098332213,2.4318695068359375e-05
random,34,5,0.8341157759530078,False,0.7341106098332213,2.4318695068359375e-05
random,34,6,0.7645688736557965,False,0.7341106098332213,2.4318695068359375e-05
random,34,7,0.8447710901781088,False,0.7341106098332213,2.4318695068359375e-05
random,34,8,0.865211031559404,False,0.7341106098332213,2.4318695068359375e-05
random,34,9,0.7643796086861921,False,0.7341106098332213,2.4318695068359375e-05
random,34,10,0.7416666071103082,False,0.7341106098332213,2.4318695068359375e-05
random,34,11,0.8580932705208201,False,0.7341106098332213,2.4318695068359375e-05
random,34,12,0.8245149640805703,False,0.7341106098332213,2.4318695068359375e-05
random,34,13,0.7972887522597881,False,0.7341106098332213,2.4318695068359375e-05
random,34,14,0.7241230625315694,False,0.7341106098332213,2.4318695068359375e-05
random,34,15,0.807981503018382,False,0.7341106098332213,2.4318695068359375e-05
random,34,16,0.7116949452939878,False,0.7341106098332213,2.4318695068359375e-05
random,34,17,0.8569786927245254,False,0.7341106098332213,2.4318695068359375e-05
random,34,18,0.8357796847512364,False,0.7341106098332213,2.4318695068359375e-05
random,34,19,0.8057613281870359,False,0.7341106098332213,2.4318695068359375e-05
random,34,20,0.8189681520284038,False,0.7341106098332213,2.4318695068359375e-05
random,34,21,0.5495551560131094,True,0.7341106098332213,2.4318695068359375e-05
random,34,22,0.8317058021780881,False,0.7341106098332213,2.4318695068359375e-05
random,34,23,0.6029511377810709,True,0.7341106098332213,2.4318695068359375e-05
random,34,24,0.8370917882309211,False,0.7341106098332213,2.4318695068359375e-05
random,34,25,0.8750527684110796,True,0.8750527684110796,2.4318695068359375e-05
random,35,1,0.8493943504652057,False,,2.574920654296875e-05
random,35,2,0.655891887713242,False,,2.574920654296875e-05
random,35,3,0.8930753830241701,False,,2.574920654296875e-05
random,35,4,0.7986749854848916,False,,2.574920654296875e-05
random,35,5,0.6852928546817331,False,,2.574920654296875e-05
random,35,6,0.19351049942339288,True,0.19351049942339288,2.574920654296875e-05
random,35,7,0.7735608177902749,False,0.19351049942339288,2.574920654296875e-05
random,35,8,0.7338348320407763,True,0.7338348320407763,2.574920654296875e-05
random,35,9,0.8392620924016194,False,0.7338348320407763,2.574920654296875e-05
random,35,10,0.7412843094022717,False,0.7338348320407763,2.574920654296875e-05
random,35,11,0.8215718906803375,False,0.7338348320407763,2.574920654296875e-05
random,35,12,0.6769884389806328,True,0.7338348320407763,2.574920654296875e-05
random,35,13,0.7939902787747268,False,0.7338348320407763,2.574920654296875e-05
random,35,14,0.6174694704702317,True,0.7338348320407763,2.574920654296875e-05
random,35,15,0.8233761488255361,True,0.8233761488255361,2.574920654296875e-05
random,35,16,0.7895061078622965,True,0.8233761488255361,2.574920654296875e-05
random,35,17,0.8099793400495412,False,0.8233761488255361,2.574920654296875e-05
random,35,18,0.7363360701502822,True,0.8233761488255361,2.574920654296875e-05
random,35,19,0.8079953177743981,False,0.8233761488255361,2.574920654296875e-05
random,35,20,0.7815411640446921,False,0.8233761488255361,2.574920654296875e-05
random,35,21,0.8756671865424694,False,0.8233761488255361,2.574920654296875e-05
random,35,22,0.8334140068089472,False,0.8233761488255361,2.574920654296875e-05
random,35,23,0.5383416304685514,True,0.8233761488255361,2.574920654296875e-05
random,35,24,0.817282177557181,False,0.8233761488255361,2.574920654296875e-05
random,35,25,0.8230140590177879,False,0.8233761488255361,2.574920654296875e-05
random,36,1,0.771551910551352,True,0.771551910551352,2.4080276489257812e-05
random,36,2,0.8739259110421599,False,0.771551910551352,2.4080276489257812e-05
random,36,3,0.8673101128175218,False,0.771551910551352,2.4080276489257812e-05
random,36,4,0.6915012026752733,True,0.771551910551352,2.4080276489257812e-05
random,36,5,0.8531339918305135,False,0.771551910551352,2.4080276489257812e-05
random,36,6,0.7109444016619386,True,0.771551910551352,2.4080276489257812e-05
random,36,7,0.8712934866353811,True,0.8712934866353811,2.4080276489257812e-05
random,36,8,0.6251406933996483,False,0.8712934866353811,2.4080276489257812e-05
random,36,9,0.8325694763466993,False,0.8712934866353811,2.4080276489257812e-05
random,36,10,0.6906316287889255,False,0.8712934866353811,2.4080276489257812e-05
random,36,11,0.8699800828989928,False,0.8712934866353811,2.4080276489257812e-05
random,36,12,0.6940397253106539,False,0.8712934866353811,2.4080276489257812e-05
random,36,13,0.8248839698658168,False,0.8712934866353811,2.4080276489257812e-05
random,36,14,0.7330430512564748,False,0.8712934866353811,2.4080276489257812e-05
random,36,15,0.840419053458292,True,0.8712934866353811,2.4080276489257812e-05
random,36,16,0.8042529240259463,False,0.8712934866353811,2.4080276489257812e-05
random,36,17,0.8389325846084724,False,0.8712934866353811,2.4080276489257812e-05
random,36,18,0.8769592526672503,False,0.8712934866353811,2.4080276489257812e-05
random,36,19,0.7865342853136017,False,0.8712934866353811,2.4080276489257812e-05
random,36,20,0.3181492658646449,True,0.8712934866353811,2.4080276489257812e-05
random,36,21,0.22466184291509317,True,0.8712934866353811,2.4080276489257812e-05
random,36,22,0.8385902668973771,False,0.8712934866353811,2.4080276489257812e-05
random,36,23,0.7988352236884482,False,0.8712934866353811,2.4080276489257812e-05
random,36,24,0.35480569510374255,True,0.8712934866353811,2.4080276489257812e-05
random,36,25,0.841562768545457,False,0.8712934866353811,2.4080276489257812e-05
random,37,1,0.8050929421673897,False,,2.4080276489257812e-05
random,37,2,0.8430106015058038,False,,2.4080276489257812e-05
random,37,3,0.7387151257282777,False,,2.4080276489257812e-05
random,37,4,0.8255846413704279,True,0.8255846413704279,2.4080276489257812e-05
random,37,5,0.6238472237222707,True,0.8255846413704279,2.4080276489257812e-05
random,37,6,0.7211700378173027,True,0.8255846413704279,2.4080276489257812e-05
random,37,7,0.6208063009822856,True,0.8255846413704279,2.4080276489257812e-05
random,37,8,0.8670573981765115,False,0.8255846413704279,2.4080276489257812e-05
random,37,9,0.5928182090399079,False,0.8255846413704279,2.4080276489257812e-05
random,37,10,0.705247302746303,True,0.8255846413704279,2.4080276489257812e-05
random,37,11,0.8726012527625061,False,0.8255846413704279,2.4080276489257812e-05
random,37,12,0.5257862994769315,True,0.8255846413704279,2.4080276489257812e-05
random,37,13,0.8789350039150208,False,0.8255846413704279,2.4080276489257812e-05
random,37,14,0.7585830984523194,True,0.8255846413704279,2.4080276489257812e-05
random,37,15,0.7470204411825001,False,0.8255846413704279,2.4080276489257812e-05
random,37,16,0.8874040335308301,False,0.8255846413704279,2.4080276489257812e-05
random,37,17,0.8849990798791447,False,0.8255846413704279,2.4080276489257812e-05
random,37,18,0.47214841867043894,True,0.8255846413704279,2.4080276489257812e-05
random,37,19,0.7891318513387197,False,0.8255846413704279,2.4080276489257812e-05
random,37,20,0.8669755268571491,True,0.8669755268571491,2.4080276489257812e-05
random,37,21,0.8339635783351433,False,0.8669755268571491,2.4080276489257812e-05
random,37,22,0.876571555582911,False,0.8669755268571491,2.4080276489257812e-05
random,37,23,0.7694114688441974,False,0.8669755268571491,2.4080276489257812e-05
random,37,24,0.69585575303946,False,0.8669755268571491,2.4080276489257812e-05
random,37,25,0.7126975630746071,True,0.8669755268571491,2.4080276489257812e-05
random,38,1,0.8296591167994346,False,,2.3603439331054688e-05
random,38,2,0.8084644321926217,False,,2.3603439331054688e-05
random,38,3,0.8369942203761616,False,,2.3603439331054688e-05
random,38,4,0.6846046694400872,False,,2.3603439331054688e-05
random,38,5,0.8532375140154778,False,,2.3603439331054688e-05
random,38,6,0.8502199283720985,False,,2.3603439331054688e-05
random,38,7,0.8568752204828474,True,0.8568752204828474,2.3603439331054688e-05
random,38,8,0.845843055736328,False,0.8568752204828474,2.3603439331054688e-05
random,38,9,0.7848919646884491,True,0.8568752204828474,2.3603439331054688e-05
random,38,10,0.8339856005663973,False,0.8568752204828474,2.3603439331054688e-05
random,38,11,0.7925838480700296,False,0.8568752204828474,2.3603439331054688e-05
random,38,12,0.6133825158971997,True,0.8568752204828474,2.3603439331054688e-05
random,38,13,0.828817161989724,False,0.8568752204828474,2.3603439331054688e-05
random,38,14,0.8086020208794932,False,0.8568752204828474,2.3603439331054688e-05
random,38,15,0.8672460544964566,False,0.8568752204828474,2.3603439331054688e-05
random,38,16,0.7760500503589285,False,0.8568752204828474,2.3603439331054688e-05
random,38,17,0.4059389395718292,True,0.8568752204828474,2.3603439331054688e-05
random,38,18,0.6310987022983149,True,0.8568752204828474,2.3603439331054688e-05
random,38,19,0.8351297105803033,False,0.8568752204828474,2.3603439331054688e-05
random,38,20,0.5768956831892414,True,0.8568752204828474,2.3603439331054688e-05
random,38,21,0.8419249871628004,False,0.8568752204828474,2.3603439331054688e-05
random,38,22,0.849347964978236,False,0.8568752204828474,2.3603439331054688e-05
random,38,23,0.6669333457504506,True,0.8568752204828474,2.3603439331054688e-05
random,38,24,0.7268624818967904,False,0.8568752204828474,2.3603439331054688e-05
random,38,25,0.6795478330301556,True,0.8568752204828474,2.3603439331054688e-05
random,39,1,0.8336905568499791,False,,2.6464462280273438e-05
random,39,2,0.857519466359481,False,,2.6464462280273438e-05
random,39,3,0.6595092941870566,True,0.6595092941870566,2.6464462280273438e-05
random,39,4,0.8733251982922599,False,0.6595092941870566,2.6464462280273438e-05
random,39,5,0.6553325308965262,True,0.6595092941870566,2.6464462280273438e-05
random,39,6,0.8792903411264921,False,0.6595092941870566,2.6464462280273438e-05
random,39,7,0.8169387405304928,False,0.6595092941870566,2.6464462280273438e-05
random,39,8,0.7415939796326496,True,0.7415939796326496,2.6464462280273438e-05
random,39,9,0.862368983575554,False,0.7415939796326496,2.6464462280273438e-05
random,39,10,0.78918330252878,False,0.7415939796326496,2.6464462280273438e-05
random,39,11,0.8338934218070181,False,0.7415939796326496,2.6464462280273438e-05
random,39,12,0.7265289254960836,False,0.7415939796326496,2.6464462280273438e-05
random,39,13,0.8257052170591065,False,0.7415939796326496,2.6464462280273438e-05
random,39,14,0.8715063747083996,True,0.8715063747083996,2.6464462280273438e-05
random,39,15,0.7494936979744231,False,0.8715063747083996,2.6464462280273438e-05
random,39,16,0.7462187898956991,False,0.8715063747083996,2.6464462280273438e-05
random,39,17,0.8034485918669146,False,0.8715063747083996,2.6464462280273438e-05
random,39,18,0.8422000401469388,False,0.8715063747083996,2.6464462280273438e-05
random,39,19,0.8810641148068542,False,0.8715063747083996,2.6464462280273438e-05
random,39,20,0.5983550531194914,False,0.8715063747083996,2.6464462280273438e-05
random,39,21,0.8391341178097194,False,0.8715063747083996,2.6464462280273438e-05
random,39,22,0.703661828342201,True,0.8715063747083996,2.6464462280273438e-05
random,39,23,0.8853057114122941,False,0.8715063747083996,2.6464462280273438e-05
random,39,24,0.8716981018129784,False,0.8715063747083996,2.6464462280273438e-05
random,39,25,0.866807595144091,False,0.8715063747083996,2.6464462280273438e-05
grid,0,1,0.40044552711121406,True,0.40044552711121406,0.0002071857452392578
grid,0,2,0.8644891987719807,False,0.40044552711121406,0.0002071857452392578
grid,0,3,0.8150002351058835,False,0.40044552711121406,0.0002071857452392578
grid,0,4,0.6558969880975829,True,0.6558969880975829,0.0002071857452392578
grid,0,5,0.7787510327774881,True,0.7787510327774881,0.0002071857452392578
grid,0,6,0.7947359888453608,True,0.7947359888453608,0.0002071857452392578
grid,0,7,0.2328895566540137,True,0.7947359888453608,0.0002071857452392578
grid,0,8,0.6824998073361148,False,0.7947359888453608,0.0002071857452392578
grid,0,9,0.8112925830484462,False,0.7947359888453608,0.0002071857452392578
grid,0,10,0.7613218631095914,False,0.7947359888453608,0.0002071857452392578
grid,0,11,0.6376677104166588,True,0.7947359888453608,0.0002071857452392578
grid,0,12,0.0383120031973369,True,0.7947359888453608,0.0002071857452392578
grid,0,13,0.6819707702365867,False,0.7947359888453608,0.0002071857452392578
grid,0,14,0.6609506089296316,False,0.7947359888453608,0.0002071857452392578
grid,0,15,0.37779467819658014,True,0.7947359888453608,0.0002071857452392578
grid,0,16,0.6877640479352383,False,0.7947359888453608,0.0002071857452392578
grid,0,17,0.8873518437535826,False,0.7947359888453608,0.0002071857452392578
grid,0,18,0.4879811906449337,True,0.7947359888453608,0.0002071857452392578
grid,0,19,0.07379670673046333,True,0.7947359888453608,0.0002071857452392578
grid,0,20,0.8289415063592873,False,0.7947359888453608,0.0002071857452392578
grid,0,21,0.8965330064986857,False,0.7947359888453608,0.0002071857452392578
grid,0,22,0.4935968854750766,False,0.7947359888453608,0.0002071857452392578
grid,0,23,0.08058171091468866,True,0.7947359888453608,0.0002071857452392578
grid,0,24,0.7975134266587158,False,0.7947359888453608,0.0002071857452392578
grid,0,25,0.8254534178018293,False,0.7947359888453608,0.0002071857452392578
grid,1,1,0.6770773851447954,True,0.6770773851447954,0.00012350082397460938
grid,1,2,0.6877640479352383,False,0.6770773851447954,0.00012350082397460938
grid,1,3,0.0383120031973369,True,0.6770773851447954,0.00012350082397460938
grid,1,4,0.2328895566540137,True,0.6770773851447954,0.00012350082397460938
grid,1,5,0.7787510327774881,True,0.7787510327774881,0.00012350082397460938
grid,1,6,0.8150002351058835,False,0.7787510327774881,0.00012350082397460938
grid,1,7,0.08058171091468866,True,0.7787510327774881,0.00012350082397460938
grid,1,8,0.40044552711121406,True,0.7787510327774881,0.00012350082397460938
grid,1,9,0.8644891987719807,False,0.7787510327774881,0.00012350082397460938
grid,1,10,0.07379670673046333,True,0.7787510327774881,0.00012350082397460938
grid,1,11,0.7975134266587158,False,0.7787510327774881,0.00012350082397460938
grid,1,12,0.8873518437535826,False,0.7787510327774881,0.00012350082397460938
grid,1,13,0.4935968854750766,False,0.7787510327774881,0.00012350082397460938
grid,1,14,0.6558969880975829,True,0.7787510327774881,0.00012350082397460938
grid,1,15,0.8965330064986857,False,0.7787510327774881,0.00012350082397460938
grid,1,16,0.8112925830484462,False,0.7787510327774881,0.00012350082397460938
grid,1,17,0.6824998073361148,False,0.7787510327774881,0.00012350082397460938
grid,1,18,0.6609506089296316,False,0.7787510327774881,0.00012350082397460938
grid,1,19,0.8289415063592873,False,0.7787510327774881,0.00012350082397460938
grid,1,20,0.8254534178018293,False,0.7787510327774881,0.00012350082397460938
grid,1,21,0.7947359888453608,True,0.7947359888453608,0.00012350082397460938
grid,1,22,0.4879811906449337,True,0.7947359888453608,0.00012350082397460938
grid,1,23,0.6819707702365867,False,0.7947359888453608,0.00012350082397460938
grid,1,24,0.7613218631095914,False,0.7947359888453608,0.00012350082397460938
grid,1,25,0.37779467819658014,True,0.7947359888453608,0.00012350082397460938
grid,2,1,0.8644891987719807,False,,8.177757263183594e-05
grid,2,2,0.07379670673046333,True,0.07379670673046333,8.177757263183594e-05
grid,2,3,0.8873518437535826,False,0.07379670673046333,8.177757263183594e-05
grid,2,4,0.6558969880975829,True,0.6558969880975829,8.177757263183594e-05
grid,2,5,0.6819707702365867,False,0.6558969880975829,8.177757263183594e-05
grid,2,6,0.2328895566540137,True,0.6558969880975829,8.177757263183594e-05
grid,2,7,0.8254534178018293,False,0.6558969880975829,8.177757263183594e-05
grid,2,8,0.6824998073361148,False,0.6558969880975829,8.177757263183594e-05
grid,2,9,0.40044552711121406,True,0.6558969880975829,8.177757263183594e-05
grid,2,10,0.6770773851447954,True,0.6770773851447954,8.177757263183594e-05
grid,2,11,0.0383120031973369,True,0.6770773851447954,8.177757263183594e-05
grid,2,12,0.08058171091468866,True,0.6770773851447954,8.177757263183594e-05
grid,2,13,0.6877640479352383,False,0.6770773851447954,8.177757263183594e-05
grid,2,14,0.7787510327774881,True,0.7787510327774881,8.177757263183594e-05
grid,2,15,0.8289415063592873,False,0.7787510327774881,8.177757263183594e-05
grid,2,16,0.7975134266587158,False,0.7787510327774881,8.177757263183594e-05
grid,2,17,0.6609506089296316,False,0.7787510327774881,8.177757263183594e-05
grid,2,18,0.8150002351058835,False,0.7787510327774881,8.177757263183594e-05
grid,2,19,0.8752718155922726,False,0.7787510327774881,8.177757263183594e-05
grid,2,20,0.6376677104166588,True,0.7787510327774881,8.177757263183594e-05
grid,2,21,0.4879811906449337,True,0.7787510327774881,8.177757263183594e-05
grid,2,22,0.8112925830484462,False,0.7787510327774881,8.177757263183594e-05
grid,2,23,0.8965330064986857,False,0.7787510327774881,8.177757263183594e-05
grid,2,24,0.4935968854750766,False,0.7787510327774881,8.177757263183594e-05
grid,2,25,0.37779467819658014,True,0.7787510327774881,8.177757263183594e-05
grid,3,1,0.4935968854750766,False,,7.557868957519531e-05
grid,3,2,0.6558969880975829,True,0.6558969880975829,7.557868957519531e-05
grid,3,3,0.8644891987719807,False,0.6558969880975829,7.557868957519531e-05
grid,3,4,0.6770773851447954,True,0.6770773851447954,7.557868957519531e-05
grid,3,5,0.0383120031973369,True,0.6770773851447954,7.557868957519531e-05
grid,3,6,0.6824998073361148,False,0.6770773851447954,7.557868957519531e-05
grid,3,7,0.7947359888453608,True,0.7947359888453608,7.557868957519531e-05
grid,3,8,0.37779467819658014,True,0.7947359888453608,7.557868957519531e-05
grid,3,9,0.08058171091468866,True,0.7947359888453608,7.557868957519531e-05
grid,3,10,0.2328895566540137,True,0.7947359888453608,7.557868957519531e-05
grid,3,11,0.8254534178018293,False,0.7947359888453608,7.557868957519531e-05
grid,3,12,0.8289415063592873,False,0.7947359888453608,7.557868957519531e-05
grid,3,13,0.6877640479352383,False,0.7947359888453608,7.557868957519531e-05
grid,3,14,0.8752718155922726,False,0.7947359888453608,7.557868957519531e-05
grid,3,15,0.40044552711121406,True,0.7947359888453608,7.557868957519531e-05
grid,3,16,0.7787510327774881,True,0.7947359888453608,7.557868957519531e-05
grid,3,17,0.6376677104166588,True,0.7947359888453608,7.557868957519531e-05
grid,3,18,0.8873518437535826,False,0.7947359888453608,7.557868957519531e-05
grid,3,19,0.6819707702365867,False,0.7947359888453608,7.557868957519531e-05
grid,3,20,0.8112925830484462,False,0.7947359888453608,7.557868957519531e-05
grid,3,21,0.8150002351058835,False,0.7947359888453608,7.557868957519531e-05
grid,3,22,0.07379670673046333,True,0.7947359888453608,7.557868957519531e-05
grid,3,23,0.7975134266587158,False,0.7947359888453608,7.557868957519531e-05
grid,3,24,0.8965330064986857,False,0.7947359888453608,7.557868957519531e-05
grid,3,25,0.7613218631095914,False,0.7947359888453608,7.557868957519531e-05
grid,4,1,0.2328895566540137,True,0.2328895566540137,8.440017700195312e-05
grid,4,2,0.8644891987719807,False,0.2328895566540137,8.440017700195312e-05
grid,4,3,0.6376677104166588,True,0.6376677104166588,8.440017700195312e-05
grid,4,4,0.08058171091468866,True,0.6376677104166588,8.440017700195312e-05
grid,4,5,0.6824998073361148,False,0.6376677104166588,8.440017700195312e-05
grid,4,6,0.4879811906449337,True,0.6376677104166588,8.440017700195312e-05
grid,4,7,0.8873518437535826,False,0.6376677104166588,8.440017700195312e-05
grid,4,8,0.8965330064986857,False,0.6376677104166588,8.440017700195312e-05
grid,4,9,0.6877640479352383,False,0.6376677104166588,8.440017700195312e-05
grid,4,10,0.8150002351058835,False,0.6376677104166588,8.440017700195312e-05
grid,4,11,0.7947359888453608,True,0.7947359888453608,8.440017700195312e-05
grid,4,12,0.7787510327774881,True,0.7947359888453608,8.440017700195312e-05
grid,4,13,0.6558969880975829,True,0.7947359888453608,8.440017700195312e-05
grid,4,14,0.37779467819658014,True,0.7947359888453608,8.440017700195312e-05
grid,4,15,0.6609506089296316,False,0.7947359888453608,8.440017700195312e-05
grid,4,16,0.40044552711121406,True,0.7947359888453608,8.440017700195312e-05
grid,4,17,0.4935968854750766,False,0.7947359888453608,8.440017700195312e-05
grid,4,18,0.7975134266587158,False,0.7947359888453608,8.440017700195312e-05
grid,4,19,0.0383120031973369,True,0.7947359888453608,8.440017700195312e-05
grid,4,20,0.07379670673046333,True,0.7947359888453608,8.440017700195312e-05
grid,4,21,0.8112925830484462,False,0.7947359888453608,8.440017700195312e-05
grid,4,22,0.8254534178018293,False,0.7947359888453608,8.440017700195312e-05
grid,4,23,0.6819707702365867,False,0.7947359888453608,8.440017700195312e-05
grid,4,24,0.6770773851447954,True,0.7947359888453608,8.440017700195312e-05
grid,4,25,0.7613218631095914,False,0.7947359888453608,8.440017700195312e-05
grid,5,1,0.8112925830484462,False,,8.630752563476562e-05
grid,5,2,0.7947359888453608,True,0.7947359888453608,8.630752563476562e-05
grid,5,3,0.8254534178018293,False,0.7947359888453608,8.630752563476562e-05
grid,5,4,0.6824998073361148,False,0.7947359888453608,8.630752563476562e-05
grid,5,5,0.6376677104166588,True,0.7947359888453608,8.630752563476562e-05
grid,5,6,0.6609506089296316,False,0.7947359888453608,8.630752563476562e-05
grid,5,7,0.4879811906449337,True,0.7947359888453608,8.630752563476562e-05
grid,5,8,0.8644891987719807,False,0.7947359888453608,8.630752563476562e-05
grid,5,9,0.7787510327774881,True,0.7947359888453608,8.630752563476562e-05
grid,5,10,0.7975134266587158,False,0.7947359888453608,8.630752563476562e-05
grid,5,11,0.08058171091468866,True,0.7947359888453608,8.630752563476562e-05
grid,5,12,0.8873518437535826,False,0.7947359888453608,8.630752563476562e-05
grid,5,13,0.37779467819658014,True,0.7947359888453608,8.630752563476562e-05
grid,5,14,0.40044552711121406,True,0.7947359888453608,8.630752563476562e-05
grid,5,15,0.2328895566540137,True,0.7947359888453608,8.630752563476562e-05
grid,5,16,0.8289415063592873,False,0.7947359888453608,8.630752563476562e-05
grid,5,17,0.8150002351058835,False,0.7947359888453608,8.630752563476562e-05
grid,5,18,0.0383120031973369,True,0.7947359888453608,8.630752563476562e-05
grid,5,19,0.4935968854750766,False,0.7947359888453608,8.630752563476562e-05
grid,5,20,0.8965330064986857,False,0.7947359888453608,8.630752563476562e-05
grid,5,21,0.6819707702365867,False,0.7947359888453608,8.630752563476562e-05
grid,5,22,0.6558969880975829,True,0.7947359888453608,8.630752563476562e-05
grid,5,23,0.6877640479352383,False,0.7947359888453608,8.630752563476562e-05
grid,5,24,0.6770773851447954,True,0.7947359888453608,8.630752563476562e-05
grid,5,25,0.7613218631095914,False,0.7947359888453608,8.630752563476562e-05
grid,6,1,0.8254534178018293,False,,8.106231689453125e-05
grid,6,2,0.2328895566540137,True,0.2328895566540137,8.106231689453125e-05
grid,6,3,0.08058171091468866,True,0.2328895566540137,8.106231689453125e-05
grid,6,4,0.8112925830484462,False,0.2328895566540137,8.106231689453125e-05
grid,6,5,0.7975134266587158,False,0.2328895566540137,8.106231689453125e-05
grid,6,6,0.7613218631095914,False,0.2328895566540137,8.106231689453125e-05
grid,6,7,0.4935968854750766,False,0.2328895566540137,8.106231689453125e-05
grid,6,8,0.7947359888453608,True,0.7947359888453608,8.106231689453125e-05
grid,6,9,0.40044552711121406,True,0.7947359888453608,8.106231689453125e-05
grid,6,10,0.7787510327774881,True,0.7947359888453608,8.106231689453125e-05
grid,6,11,0.6824998073361148,False,0.7947359888453608,8.106231689453125e-05
grid,6,12,0.37779467819658014,True,0.7947359888453608,8.106231689453125e-05
grid,6,13,0.8644891987719807,False,0.7947359888453608,8.106231689453125e-05
grid,6,14,0.4879811906449337,True,0.7947359888453608,8.106231689453125e-05
grid,6,15,0.6770773851447954,True,0.7947359888453608,8.106231689453125e-05
grid,6,16,0.6376677104166588,True,0.7947359888453608,8.106231689453125e-05
grid,6,17,0.8289415063592873,False,0.7947359888453608,8.106231689453125e-05
grid,6,18,0.6558969880975829,True,0.7947359888453608,8.106231689453125e-05
grid,6,19,0.8873518437535826,False,0.7947359888453608,8.106231689453125e-05
grid,6,20,0.8965330064986857,False,0.7947359888453608,8.106231689453125e-05
grid,6,21,0.6609506089296316,False,0.7947359888453608,8.106231689453125e-05
grid,6,22,0.8752718155922726,False,0.7947359888453608,8.106231689453125e-05
grid,6,23,0.6877640479352383,False,0.7947359888453608,8.106231689453125e-05
grid,6,24,0.8150002351058835,False,0.7947359888453608,8.106231689453125e-05
grid,6,25,0.07379670673046333,True,0.7947359888453608,8.106231689453125e-05
grid,7,1,0.2328895566540137,True,0.2328895566540137,0.0002701282501220703
grid,7,2,0.6558969880975829,True,0.6558969880975829,0.0002701282501220703
grid,7,3,0.7975134266587158,False,0.6558969880975829,0.0002701282501220703
grid,7,4,0.08058171091468866,True,0.6558969880975829,0.0002701282501220703
grid,7,5,0.6770773851447954,True,0.6770773851447954,0.0002701282501220703
grid,7,6,0.7787510327774881,True,0.7787510327774881,0.0002701282501220703
grid,7,7,0.8965330064986857,False,0.7787510327774881,0.0002701282501220703
grid,7,8,0.8289415063592873,False,0.7787510327774881,0.0002701282501220703
grid,7,9,0.4879811906449337,True,0.7787510327774881,0.0002701282501220703
grid,7,10,0.8873518437535826,False,0.7787510327774881,0.0002701282501220703
grid,7,11,0.6819707702365867,False,0.7787510327774881,0.0002701282501220703
grid,7,12,0.6376677104166588,True,0.7787510327774881,0.0002701282501220703
grid,7,13,0.0383120031973369,True,0.7787510327774881,0.0002701282501220703
grid,7,14,0.6609506089296316,False,0.7787510327774881,0.0002701282501220703
grid,7,15,0.37779467819658014,True,0.7787510327774881,0.0002701282501220703
grid,7,16,0.8752718155922726,False,0.7787510327774881,0.0002701282501220703
grid,7,17,0.4935968854750766,False,0.7787510327774881,0.0002701282501220703
grid,7,18,0.40044552711121406,True,0.7787510327774881,0.0002701282501220703
grid,7,19,0.8112925830484462,False,0.7787510327774881,0.0002701282501220703
grid,7,20,0.8644891987719807,False,0.7787510327774881,0.0002701282501220703
grid,7,21,0.8254534178018293,False,0.7787510327774881,0.0002701282501220703
grid,7,22,0.6877640479352383,False,0.7787510327774881,0.0002701282501220703
grid,7,23,0.7613218631095914,False,0.7787510327774881,0.0002701282501220703
grid,7,24,0.8150002351058835,False,0.7787510327774881,0.0002701282501220703
grid,7,25,0.7947359888453608,True,0.7947359888453608,0.0002701282501220703
grid,8,1,0.6558969880975829,True,0.6558969880975829,0.00025200843811035156
grid,8,2,0.7787510327774881,True,0.7787510327774881,0.00025200843811035156
grid,8,3,0.8150002351058835,False,0.7787510327774881,0.00025200843811035156
grid,8,4,0.6770773851447954,True,0.7787510327774881,0.00025200843811035156
grid,8,5,0.7975134266587158,False,0.7787510327774881,0.00025200843811035156
grid,8,6,0.0383120031973369,True,0.7787510327774881,0.00025200843811035156
grid,8,7,0.07379670673046333,True,0.7787510327774881,0.00025200843811035156
grid,8,8,0.8644891987719807,False,0.7787510327774881,0.00025200843811035156
grid,8,9,0.8873518437535826,False,0.7787510327774881,0.00025200843811035156
grid,8,10,0.8112925830484462,False,0.7787510327774881,0.00025200843811035156
grid,8,11,0.8752718155922726,False,0.7787510327774881,0.00025200843811035156
grid,8,12,0.8254534178018293,False,0.7787510327774881,0.00025200843811035156
grid,8,13,0.8965330064986857,False,0.7787510327774881,0.00025200843811035156
grid,8,14,0.7947359888453608,True,0.7947359888453608,0.00025200843811035156
grid,8,15,0.6819707702365867,False,0.7947359888453608,0.00025200843811035156
grid,8,16,0.2328895566540137,True,0.7947359888453608,0.00025200843811035156
grid,8,17,0.6877640479352383,False,0.7947359888453608,0.00025200843811035156
grid,8,18,0.08058171091468866,True,0.7947359888453608,0.00025200843811035156
grid,8,19,0.37779467819658014,True,0.7947359888453608,0.00025200843811035156
grid,8,20,0.4935968854750766,False,0.7947359888453608,0.00025200843811035156
grid,8,21,0.6609506089296316,False,0.7947359888453608,0.00025200843811035156
grid,8,22,0.6824998073361148,False,0.7947359888453608,0.00025200843811035156
grid,8,23,0.4879811906449337,True,0.7947359888453608,0.00025200843811035156
grid,8,24,0.40044552711121406,True,0.7947359888453608,0.00025200843811035156
grid,8,25,0.6376677104166588,True,0.7947359888453608,0.00025200843811035156
grid,9,1,0.4879811906449337,True,0.4879811906449337,0.000186920166015625
grid,9,2,0.2328895566540137,True,0.4879811906449337,0.000186920166015625
grid,9,3,0.6819707702365867,False,0.4879811906449337,0.000186920166015625
grid,9,4,0.8289415063592873,False,0.4879811906449337,0.000186920166015625
grid,9,5,0.0383120031973369,True,0.4879811906449337,0.000186920166015625
grid,9,6,0.7613218631095914,False,0.4879811906449337,0.000186920166015625
grid,9,7,0.4935968854750766,False,0.4879811906449337,0.000186920166015625
grid,9,8,0.8644891987719807,False,0.4879811906449337,0.000186920166015625
grid,9,9,0.6558969880975829,True,0.6558969880975829,0.000186920166015625
grid,9,10,0.7947359888453608,True,0.7947359888453608,0.000186920166015625
grid,9,11,0.37779467819658014,True,0.7947359888453608,0.000186920166015625
grid,9,12,0.6877640479352383,False,0.7947359888453608,0.000186920166015625
grid,9,13,0.8150002351058835,False,0.7947359888453608,0.000186920166015625
grid,9,14,0.7975134266587158,False,0.7947359888453608,0.000186920166015625
grid,9,15,0.40044552711121406,True,0.7947359888453608,0.000186920166015625
grid,9,16,0.8965330064986857,False,0.7947359888453608,0.000186920166015625
grid,9,17,0.7787510327774881,True,0.7947359888453608,0.000186920166015625
grid,9,18,0.6609506089296316,False,0.7947359888453608,0.000186920166015625
grid,9,19,0.8873518437535826,False,0.7947359888453608,0.000186920166015625
grid,9,20,0.8254534178018293,False,0.7947359888453608,0.000186920166015625
grid,9,21,0.8112925830484462,False,0.7947359888453608,0.000186920166015625
grid,9,22,0.6376677104166588,True,0.7947359888453608,0.000186920166015625
grid,9,23,0.6824998073361148,False,0.7947359888453608,0.000186920166015625
grid,9,24,0.6770773851447954,True,0.7947359888453608,0.000186920166015625
grid,9,25,0.07379670673046333,True,0.7947359888453608,0.000186920166015625
grid,10,1,0.8289415063592873,False,,0.00020432472229003906
grid,10,2,0.6558969880975829,True,0.6558969880975829,0.00020432472229003906
grid,10,3,0.37779467819658014,True,0.6558969880975829,0.00020432472229003906
grid,10,4,0.08058171091468866,True,0.6558969880975829,0.00020432472229003906
grid,10,5,0.8752718155922726,False,0.6558969880975829,0.00020432472229003906
grid,10,6,0.7613218631095914,False,0.6558969880975829,0.00020432472229003906
grid,10,7,0.7787510327774881,True,0.7787510327774881,0.00020432472229003906
grid,10,8,0.6770773851447954,True,0.7787510327774881,0.00020432472229003906
grid,10,9,0.0383120031973369,True,0.7787510327774881,0.00020432472229003906
grid,10,10,0.2328895566540137,True,0.7787510327774881,0.00020432472229003906
grid,10,11,0.40044552711121406,True,0.7787510327774881,0.00020432472229003906
grid,10,12,0.7975134266587158,False,0.7787510327774881,0.00020432472229003906
grid,10,13,0.4879811906449337,True,0.7787510327774881,0.00020432472229003906
grid,10,14,0.6376677104166588,True,0.7787510327774881,0.00020432472229003906
grid,10,15,0.8644891987719807,False,0.7787510327774881,0.00020432472229003906
grid,10,16,0.6819707702365867,False,0.7787510327774881,0.00020432472229003906
grid,10,17,0.6824998073361148,False,0.7787510327774881,0.00020432472229003906
grid,10,18,0.8965330064986857,False,0.7787510327774881,0.00020432472229003906
grid,10,19,0.6609506089296316,False,0.7787510327774881,0.00020432472229003906
grid,10,20,0.07379670673046333,True,0.7787510327774881,0.00020432472229003906
grid,10,21,0.8150002351058835,False,0.7787510327774881,0.00020432472229003906
grid,10,22,0.8112925830484462,False,0.7787510327774881,0.00020432472229003906
grid,10,23,0.7947359888453608,True,0.7947359888453608,0.00020432472229003906
grid,10,24,0.6877640479352383,False,0.7947359888453608,0.00020432472229003906
grid,10,25,0.8873518437535826,False,0.7947359888453608,0.00020432472229003906
grid,11,1,0.0383120031973369,True,0.0383120031973369,0.00011897087097167969
grid,11,2,0.6609506089296316,False,0.0383120031973369,0.00011897087097167969
grid,11,3,0.7787510327774881,True,0.7787510327774881,0.00011897087097167969
grid,11,4,0.08058171091468866,True,0.7787510327774881,0.00011897087097167969
grid,11,5,0.8112925830484462,False,0.7787510327774881,0.00011897087097167969
grid,11,6,0.40044552711121406,True,0.7787510327774881,0.00011897087097167969
grid,11,7,0.8254534178018293,False,0.7787510327774881,0.00011897087097167969
grid,11,8,0.4879811906449337,True,0.7787510327774881,0.00011897087097167969
grid,11,9,0.6770773851447954,True,0.7787510327774881,0.00011897087097167969
grid,11,10,0.07379670673046333,True,0.7787510327774881,0.00011897087097167969
grid,11,11,0.6824998073361148,False,0.7787510327774881,0.00011897087097167969
grid,11,12,0.8752718155922726,False,0.7787510327774881,0.00011897087097167969
grid,11,13,0.7613218631095914,False,0.7787510327774881,0.00011897087097167969
grid,11,14,0.7975134266587158,False,0.7787510327774881,0.00011897087097167969
grid,11,15,0.8965330064986857,False,0.7787510327774881,0.00011897087097167969
grid,11,16,0.2328895566540137,True,0.7787510327774881,0.00011897087097167969
grid,11,17,0.8644891987719807,False,0.7787510327774881,0.00011897087097167969
grid,11,18,0.6376677104166588,True,0.7787510327774881,0.00011897087097167969
grid,11,19,0.8873518437535826,False,0.7787510327774881,0.00011897087097167969
grid,11,20,0.6877640479352383,False,0.7787510327774881,0.00011897087097167969
grid,11,21,0.6558969880975829,True,0.7787510327774881,0.00011897087097167969
grid,11,22,0.6819707702365867,False,0.7787510327774881,0.00011897087097167969
grid,11,23,0.7947359888453608,True,0.7947359888453608,0.00011897087097167969
grid,11,24,0.8150002351058835,False,0.7947359888453608,0.00011897087097167969
grid,11,25,0.4935968854750766,False,0.7947359888453608,0.00011897087097167969
grid,12,1,0.4879811906449337,True,0.4879811906449337,8.20159912109375e-05
grid,12,2,0.07379670673046333,True,0.4879811906449337,8.20159912109375e-05
grid,12,3,0.4935968854750766,False,0.4879811906449337,8.20159912109375e-05
grid,12,4,0.8752718155922726,False,0.4879811906449337,8.20159912109375e-05
grid,12,5,0.0383120031973369,True,0.4879811906449337,8.20159912109375e-05
grid,12,6,0.7613218631095914,False,0.4879811906449337,8.20159912109375e-05
grid,12,7,0.6819707702365867,False,0.4879811906449337,8.20159912109375e-05
grid,12,8,0.6824998073361148,False,0.4879811906449337,8.20159912109375e-05
grid,12,9,0.40044552711121406,True,0.4879811906449337,8.20159912109375e-05
grid,12,10,0.8150002351058835,False,0.4879811906449337,8.20159912109375e-05
grid,12,11,0.8289415063592873,False,0.4879811906449337,8.20159912109375e-05
grid,12,12,0.7947359888453608,True,0.7947359888453608,8.20159912109375e-05
grid,12,13,0.8873518437535826,False,0.7947359888453608,8.20159912109375e-05
grid,12,14,0.6770773851447954,True,0.7947359888453608,8.20159912109375e-05
grid,12,15,0.37779467819658014,True,0.7947359888453608,8.20159912109375e-05
grid,12,16,0.8644891987719807,False,0.7947359888453608,8.20159912109375e-05
grid,12,17,0.8254534178018293,False,0.7947359888453608,8.20159912109375e-05
grid,12,18,0.08058171091468866,True,0.7947359888453608,8.20159912109375e-05
grid,12,19,0.8112925830484462,False,0.7947359888453608,8.20159912109375e-05
grid,12,20,0.6877640479352383,False,0.7947359888453608,8.20159912109375e-05
grid,12,21,0.6376677104166588,True,0.7947359888453608,8.20159912109375e-05
grid,12,22,0.2328895566540137,True,0.7947359888453608,8.20159912109375e-05
grid,12,23,0.7787510327774881,True,0.7947359888453608,8.20159912109375e-05
grid,12,24,0.8965330064986857,False,0.7947359888453608,8.20159912109375e-05
grid,12,25,0.6558969880975829,True,0.7947359888453608,8.20159912109375e-05
grid,13,1,0.8644891987719807,False,,0.00011658668518066406
grid,13,2,0.08058171091468866,True,0.08058171091468866,0.00011658668518066406
grid,13,3,0.40044552711121406,True,0.40044552711121406,0.00011658668518066406
grid,13,4,0.8873518437535826,False,0.40044552711121406,0.00011658668518066406
grid,13,5,0.0383120031973369,True,0.40044552711121406,0.00011658668518066406
grid,13,6,0.6819707702365867,False,0.40044552711121406,0.00011658668518066406
grid,13,7,0.8112925830484462,False,0.40044552711121406,0.00011658668518066406
grid,13,8,0.4935968854750766,False,0.40044552711121406,0.00011658668518066406
grid,13,9,0.8289415063592873,False,0.40044552711121406,0.00011658668518066406
grid,13,10,0.6770773851447954,True,0.6770773851447954,0.00011658668518066406
grid,13,11,0.6376677104166588,True,0.6770773851447954,0.00011658668518066406
grid,13,12,0.7947359888453608,True,0.7947359888453608,0.00011658668518066406
grid,13,13,0.6877640479352383,False,0.7947359888453608,0.00011658668518066406
grid,13,14,0.8752718155922726,False,0.7947359888453608,0.00011658668518066406
grid,13,15,0.4879811906449337,True,0.7947359888453608,0.00011658668518066406
grid,13,16,0.6824998073361148,False,0.7947359888453608,0.00011658668518066406
grid,13,17,0.07379670673046333,True,0.7947359888453608,0.00011658668518066406
grid,13,18,0.8150002351058835,False,0.7947359888453608,0.00011658668518066406
grid,13,19,0.8254534178018293,False,0.7947359888453608,0.00011658668518066406
grid,13,20,0.7975134266587158,False,0.7947359888453608,0.00011658668518066406
grid,13,21,0.6609506089296316,False,0.7947359888453608,0.00011658668518066406
grid,13,22,0.2328895566540137,True,0.7947359888453608,0.00011658668518066406
grid,13,23,0.37779467819658014,True,0.7947359888453608,0.00011658668518066406
grid,13,24,0.8965330064986857,False,0.7947359888453608,0.00011658668518066406
grid,13,25,0.6558969880975829,True,0.7947359888453608,0.00011658668518066406
grid,14,1,0.8112925830484462,False,,7.963180541992188e-05
grid,14,2,0.7613218631095914,False,,7.963180541992188e-05
grid,14,3,0.4879811906449337,True,0.4879811906449337,7.963180541992188e-05
grid,14,4,0.0383120031973369,True,0.4879811906449337,7.963180541992188e-05
grid,14,5,0.2328895566540137,True,0.4879811906449337,7.963180541992188e-05
grid,14,6,0.8644891987719807,False,0.4879811906449337,7.963180541992188e-05
grid,14,7,0.7947359888453608,True,0.7947359888453608,7.963180541992188e-05
grid,14,8,0.8254534178018293,False,0.7947359888453608,7.963180541992188e-05
grid,14,9,0.6376677104166588,True,0.7947359888453608,7.963180541992188e-05
grid,14,10,0.6770773851447954,True,0.7947359888453608,7.963180541992188e-05
grid,14,11,0.6824998073361148,False,0.7947359888453608,7.963180541992188e-05
grid,14,12,0.8873518437535826,False,0.7947359888453608,7.963180541992188e-05
grid,14,13,0.7975134266587158,False,0.7947359888453608,7.963180541992188e-05
grid,14,14,0.8965330064986857,False,0.7947359888453608,7.963180541992188e-05
grid,14,15,0.6819707702365867,False,0.7947359888453608,7.963180541992188e-05
grid,14,16,0.07379670673046333,True,0.7947359888453608,7.963180541992188e-05
grid,14,17,0.08058171091468866,True,0.7947359888453608,7.963180541992188e-05
grid,14,18,0.6558969880975829,True,0.7947359888453608,7.963180541992188e-05
grid,14,19,0.7787510327774881,True,0.7947359888453608,7.963180541992188e-05
grid,14,20,0.6877640479352383,False,0.7947359888453608,7.963180541992188e-05
grid,14,21,0.37779467819658014,True,0.7947359888453608,7.963180541992188e-05
grid,14,22,0.8150002351058835,False,0.7947359888453608,7.963180541992188e-05
grid,14,23,0.8289415063592873,False,0.7947359888453608,7.963180541992188e-05
grid,14,24,0.6609506089296316,False,0.7947359888453608,7.963180541992188e-05
grid,14,25,0.8752718155922726,False,0.7947359888453608,7.963180541992188e-05
grid,15,1,0.8644891987719807,False,,8.511543273925781e-05
grid,15,2,0.2328895566540137,True,0.2328895566540137,8.511543273925781e-05
grid,15,3,0.8289415063592873,False,0.2328895566540137,8.511543273925781e-05
grid,15,4,0.07379670673046333,True,0.2328895566540137,8.511543273925781e-05
grid,15,5,0.37779467819658014,True,0.37779467819658014,8.511543273925781e-05
grid,15,6,0.8112925830484462,False,0.37779467819658014,8.511543273925781e-05
grid,15,7,0.8150002351058835,False,0.37779467819658014,8.511543273925781e-05
grid,15,8,0.4879811906449337,True,0.4879811906449337,8.511543273925781e-05
grid,15,9,0.6558969880975829,True,0.6558969880975829,8.511543273925781e-05
grid,15,10,0.6376677104166588,True,0.6558969880975829,8.511543273925781e-05
grid,15,11,0.7613218631095914,False,0.6558969880975829,8.511543273925781e-05
grid,15,12,0.0383120031973369,True,0.6558969880975829,8.511543273925781e-05
grid,15,13,0.8965330064986857,False,0.6558969880975829,8.511543273925781e-05
grid,15,14,0.8873518437535826,False,0.6558969880975829,8.511543273925781e-05
grid,15,15,0.6770773851447954,True,0.6770773851447954,8.511543273925781e-05
grid,15,16,0.6877640479352383,False,0.6770773851447954,8.511543273925781e-05
grid,15,17,0.7947359888453608,True,0.7947359888453608,8.511543273925781e-05
grid,15,18,0.7787510327774881,True,0.7947359888453608,8.511543273925781e-05
grid,15,19,0.4935968854750766,False,0.7947359888453608,8.511543273925781e-05
grid,15,20,0.6819707702365867,False,0.7947359888453608,8.511543273925781e-05
grid,15,21,0.08058171091468866,True,0.7947359888453608,8.511543273925781e-05
grid,15,22,0.6824998073361148,False,0.7947359888453608,8.511543273925781e-05
grid,15,23,0.8254534178018293,False,0.7947359888453608,8.511543273925781e-05
grid,15,24,0.8752718155922726,False,0.7947359888453608,8.511543273925781e-05
grid,15,25,0.40044552711121406,True,0.7947359888453608,8.511543273925781e-05
grid,16,1,0.4935968854750766,False,,0.00011205673217773438
grid,16,2,0.6376677104166588,True,0.6376677104166588,0.00011205673217773438
grid,16,3,0.7613218631095914,False,0.6376677104166588,0.00011205673217773438
grid,16,4,0.08058171091468866,True,0.6376677104166588,0.00011205673217773438
grid,16,5,0.7947359888453608,True,0.7947359888453608,0.00011205673217773438
grid,16,6,0.7975134266587158,False,0.7947359888453608,0.00011205673217773438
grid,16,7,0.8873518437535826,False,0.7947359888453608,0.00011205673217773438
grid,16,8,0.4879811906449337,True,0.7947359888453608,0.00011205673217773438
grid,16,9,0.6824998073361148,False,0.7947359888453608,0.00011205673217773438
grid,16,10,0.07379670673046333,True,0.7947359888453608,0.00011205673217773438
grid,16,11,0.8289415063592873,False,0.7947359888453608,0.00011205673217773438
grid,16,12,0.7787510327774881,True,0.7947359888453608,0.00011205673217773438
grid,16,13,0.6609506089296316,False,0.7947359888453608,0.00011205673217773438
grid,16,14,0.8752718155922726,False,0.7947359888453608,0.00011205673217773438
grid,16,15,0.6877640479352383,False,0.7947359888453608,0.00011205673217773438
grid,16,16,0.6558969880975829,True,0.7947359888453608,0.00011205673217773438
grid,16,17,0.8644891987719807,False,0.7947359888453608,0.00011205673217773438
grid,16,18,0.8254534178018293,False,0.7947359888453608,0.00011205673217773438
grid,16,19,0.6819707702365867,False,0.7947359888453608,0.00011205673217773438
grid,16,20,0.37779467819658014,True,0.7947359888453608,0.00011205673217773438
grid,16,21,0.8112925830484462,False,0.7947359888453608,0.00011205673217773438
grid,16,22,0.8150002351058835,False,0.7947359888453608,0.00011205673217773438
grid,16,23,0.8965330064986857,False,0.7947359888453608,0.00011205673217773438
grid,16,24,0.0383120031973369,True,0.7947359888453608,0.00011205673217773438
grid,16,25,0.6770773851447954,True,0.7947359888453608,0.00011205673217773438
grid,17,1,0.7975134266587158,False,,6.961822509765625e-05
grid,17,2,0.2328895566540137,True,0.2328895566540137,6.961822509765625e-05
grid,17,3,0.8254534178018293,False,0.2328895566540137,6.961822509765625e-05
grid,17,4,0.8752718155922726,False,0.2328895566540137,6.961822509765625e-05
grid,17,5,0.6558969880975829,True,0.6558969880975829,6.961822509765625e-05
grid,17,6,0.8289415063592873,False,0.6558969880975829,6.961822509765625e-05
grid,17,7,0.6770773851447954,True,0.6770773851447954,6.961822509765625e-05
grid,17,8,0.8873518437535826,False,0.6770773851447954,6.961822509765625e-05
grid,17,9,0.7613218631095914,False,0.6770773851447954,6.961822509765625e-05
grid,17,10,0.6376677104166588,True,0.6770773851447954,6.961822509765625e-05
grid,17,11,0.4879811906449337,True,0.6770773851447954,6.961822509765625e-05
grid,17,12,0.6824998073361148,False,0.6770773851447954,6.961822509765625e-05
grid,17,13,0.6819707702365867,False,0.6770773851447954,6.961822509765625e-05
grid,17,14,0.7947359888453608,True,0.7947359888453608,6.961822509765625e-05
grid,17,15,0.8150002351058835,False,0.7947359888453608,6.961822509765625e-05
grid,17,16,0.8112925830484462,False,0.7947359888453608,6.961822509765625e-05
grid,17,17,0.40044552711121406,True,0.7947359888453608,6.961822509765625e-05
grid,17,18,0.8644891987719807,False,0.7947359888453608,6.961822509765625e-05
grid,17,19,0.08058171091468866,True,0.7947359888453608,6.961822509765625e-05
grid,17,20,0.37779467819658014,True,0.7947359888453608,6.961822509765625e-05
grid,17,21,0.6609506089296316,False,0.7947359888453608,6.961822509765625e-05
grid,17,22,0.8965330064986857,False,0.7947359888453608,6.961822509765625e-05
grid,17,23,0.6877640479352383,False,0.7947359888453608,6.961822509765625e-05
grid,17,24,0.07379670673046333,True,0.7947359888453608,6.961822509765625e-05
grid,17,25,0.0383120031973369,True,0.7947359888453608,6.961822509765625e-05
grid,18,1,0.8254534178018293,False,,7.05718994140625e-05
grid,18,2,0.6609506089296316,False,,7.05718994140625e-05
grid,18,3,0.6819707702365867,False,,7.05718994140625e-05
grid,18,4,0.4879811906449337,True,0.4879811906449337,7.05718994140625e-05
grid,18,5,0.6770773851447954,True,0.6770773851447954,7.05718994140625e-05
grid,18,6,0.7975134266587158,False,0.6770773851447954,7.05718994140625e-05
grid,18,7,0.6376677104166588,True,0.6770773851447954,7.05718994140625e-05
grid,18,8,0.8289415063592873,False,0.6770773851447954,7.05718994140625e-05
grid,18,9,0.07379670673046333,True,0.6770773851447954,7.05718994140625e-05
grid,18,10,0.7787510327774881,True,0.7787510327774881,7.05718994140625e-05
grid,18,11,0.0383120031973369,True,0.7787510327774881,7.05718994140625e-05
grid,18,12,0.8965330064986857,False,0.7787510327774881,7.05718994140625e-05
grid,18,13,0.37779467819658014,True,0.7787510327774881,7.05718994140625e-05
grid,18,14,0.7613218631095914,False,0.7787510327774881,7.05718994140625e-05
grid,18,15,0.2328895566540137,True,0.7787510327774881,7.05718994140625e-05
grid,18,16,0.6558969880975829,True,0.7787510327774881,7.05718994140625e-05
grid,18,17,0.7947359888453608,True,0.7947359888453608,7.05718994140625e-05
grid,18,18,0.8644891987719807,False,0.7947359888453608,7.05718994140625e-05
grid,18,19,0.08058171091468866,True,0.7947359888453608,7.05718994140625e-05
grid,18,20,0.40044552711121406,True,0.7947359888453608,7.05718994140625e-05
grid,18,21,0.6824998073361148,False,0.7947359888453608,7.05718994140625e-05
grid,18,22,0.8150002351058835,False,0.7947359888453608,7.05718994140625e-05
grid,18,23,0.4935968854750766,False,0.7947359888453608,7.05718994140625e-05
grid,18,24,0.8752718155922726,False,0.7947359888453608,7.05718994140625e-05
grid,18,25,0.8873518437535826,False,0.7947359888453608,7.05718994140625e-05
grid,19,1,0.6376677104166588,True,0.6376677104166588,9.632110595703125e-05
grid,19,2,0.40044552711121406,True,0.6376677104166588,9.632110595703125e-05
grid,19,3,0.4879811906449337,True,0.6376677104166588,9.632110595703125e-05
grid,19,4,0.8254534178018293,False,0.6376677104166588,9.632110595703125e-05
grid,19,5,0.4935968854750766,False,0.6376677104166588,9.632110595703125e-05
grid,19,6,0.6770773851447954,True,0.6770773851447954,9.632110595703125e-05
grid,19,7,0.8752718155922726,False,0.6770773851447954,9.632110595703125e-05
grid,19,8,0.7787510327774881,True,0.7787510327774881,9.632110595703125e-05
grid,19,9,0.07379670673046333,True,0.7787510327774881,9.632110595703125e-05
grid,19,10,0.6558969880975829,True,0.7787510327774881,9.632110595703125e-05
grid,19,11,0.8289415063592873,False,0.7787510327774881,9.632110595703125e-05
grid,19,12,0.08058171091468866,True,0.7787510327774881,9.632110595703125e-05
grid,19,13,0.6824998073361148,False,0.7787510327774881,9.632110595703125e-05
grid,19,14,0.8150002351058835,False,0.7787510327774881,9.632110595703125e-05
grid,19,15,0.7947359888453608,True,0.7947359888453608,9.632110595703125e-05
grid,19,16,0.6819707702365867,False,0.7947359888453608,9.632110595703125e-05
grid,19,17,0.0383120031973369,True,0.7947359888453608,9.632110595703125e-05
grid,19,18,0.2328895566540137,True,0.7947359888453608,9.632110595703125e-05
grid,19,19,0.8644891987719807,False,0.7947359888453608,9.632110595703125e-05
grid,19,20,0.7975134266587158,False,0.7947359888453608,9.632110595703125e-05
grid,19,21,0.6877640479352383,False,0.7947359888453608,9.632110595703125e-05
grid,19,22,0.8112925830484462,False,0.7947359888453608,9.632110595703125e-05
grid,19,23,0.8873518437535826,False,0.7947359888453608,9.632110595703125e-05
grid,19,24,0.37779467819658014,True,0.7947359888453608,9.632110595703125e-05
grid,19,25,0.7613218631095914,False,0.7947359888453608,9.632110595703125e-05
grid,20,1,0.8112925830484462,False,,0.00010538101196289062
grid,20,2,0.7947359888453608,True,0.7947359888453608,0.00010538101196289062
grid,20,3,0.4935968854750766,False,0.7947359888453608,0.00010538101196289062
grid,20,4,0.6770773851447954,True,0.7947359888453608,0.00010538101196289062
grid,20,5,0.8644891987719807,False,0.7947359888453608,0.00010538101196289062
grid,20,6,0.0383120031973369,True,0.7947359888453608,0.00010538101196289062
grid,20,7,0.37779467819658014,True,0.7947359888453608,0.00010538101196289062
grid,20,8,0.40044552711121406,True,0.7947359888453608,0.00010538101196289062
grid,20,9,0.6824998073361148,False,0.7947359888453608,0.00010538101196289062
grid,20,10,0.6558969880975829,True,0.7947359888453608,0.00010538101196289062
grid,20,11,0.6609506089296316,False,0.7947359888453608,0.00010538101196289062
grid,20,12,0.8289415063592873,False,0.7947359888453608,0.00010538101196289062
grid,20,13,0.8254534178018293,False,0.7947359888453608,0.00010538101196289062
grid,20,14,0.7613218631095914,False,0.7947359888453608,0.00010538101196289062
grid,20,15,0.08058171091468866,True,0.7947359888453608,0.00010538101196289062
grid,20,16,0.8873518437535826,False,0.7947359888453608,0.00010538101196289062
grid,20,17,0.7787510327774881,True,0.7947359888453608,0.00010538101196289062
grid,20,18,0.6819707702365867,False,0.7947359888453608,0.00010538101196289062
grid,20,19,0.8965330064986857,False,0.7947359888453608,0.00010538101196289062
grid,20,20,0.8752718155922726,False,0.7947359888453608,0.00010538101196289062
grid,20,21,0.6877640479352383,False,0.7947359888453608,0.00010538101196289062
grid,20,22,0.6376677104166588,True,0.7947359888453608,0.00010538101196289062
grid,20,23,0.07379670673046333,True,0.7947359888453608,0.00010538101196289062
grid,20,24,0.7975134266587158,False,0.7947359888453608,0.00010538101196289062
grid,20,25,0.2328895566540137,True,0.7947359888453608,0.00010538101196289062
grid,21,1,0.7787510327774881,True,0.7787510327774881,7.128715515136719e-05
grid,21,2,0.4879811906449337,True,0.7787510327774881,7.128715515136719e-05
grid,21,3,0.6824998073361148,False,0.7787510327774881,7.128715515136719e-05
grid,21,4,0.37779467819658014,True,0.7787510327774881,7.128715515136719e-05
grid,21,5,0.8965330064986857,False,0.7787510327774881,7.128715515136719e-05
grid,21,6,0.6819707702365867,False,0.7787510327774881,7.128715515136719e-05
grid,21,7,0.8644891987719807,False,0.7787510327774881,7.128715515136719e-05
grid,21,8,0.0383120031973369,True,0.7787510327774881,7.128715515136719e-05
grid,21,9,0.7613218631095914,False,0.7787510327774881,7.128715515136719e-05
grid,21,10,0.40044552711121406,True,0.7787510327774881,7.128715515136719e-05
grid,21,11,0.4935968854750766,False,0.7787510327774881,7.128715515136719e-05
grid,21,12,0.08058171091468866,True,0.7787510327774881,7.128715515136719e-05
grid,21,13,0.8752718155922726,False,0.7787510327774881,7.128715515136719e-05
grid,21,14,0.7947359888453608,True,0.7947359888453608,7.128715515136719e-05
grid,21,15,0.07379670673046333,True,0.7947359888453608,7.128715515136719e-05
grid,21,16,0.6877640479352383,False,0.7947359888453608,7.128715515136719e-05
grid,21,17,0.6770773851447954,True,0.7947359888453608,7.128715515136719e-05
grid,21,18,0.8873518437535826,False,0.7947359888453608,7.128715515136719e-05
grid,21,19,0.7975134266587158,False,0.7947359888453608,7.128715515136719e-05
grid,21,20,0.2328895566540137,True,0.7947359888453608,7.128715515136719e-05
grid,21,21,0.6609506089296316,False,0.7947359888453608,7.128715515136719e-05
grid,21,22,0.6558969880975829,True,0.7947359888453608,7.128715515136719e-05
grid,21,23,0.6376677104166588,True,0.7947359888453608,7.128715515136719e-05
grid,21,24,0.8112925830484462,False,0.7947359888453608,7.128715515136719e-05
grid,21,25,0.8289415063592873,False,0.7947359888453608,7.128715515136719e-05
grid,22,1,0.0383120031973369,True,0.0383120031973369,7.271766662597656e-05
grid,22,2,0.8289415063592873,False,0.0383120031973369,7.271766662597656e-05
grid,22,3,0.6609506089296316,False,0.0383120031973369,7.271766662597656e-05
grid,22,4,0.6558969880975829,True,0.6558969880975829,7.271766662597656e-05
grid,22,5,0.08058171091468866,True,0.6558969880975829,7.271766662597656e-05
grid,22,6,0.6824998073361148,False,0.6558969880975829,7.271766662597656e-05
grid,22,7,0.8873518437535826,False,0.6558969880975829,7.271766662597656e-05
grid,22,8,0.7975134266587158,False,0.6558969880975829,7.271766662597656e-05
grid,22,9,0.6770773851447954,True,0.6770773851447954,7.271766662597656e-05
grid,22,10,0.4879811906449337,True,0.6770773851447954,7.271766662597656e-05
grid,22,11,0.6819707702365867,False,0.6770773851447954,7.271766662597656e-05
grid,22,12,0.4935968854750766,False,0.6770773851447954,7.271766662597656e-05
grid,22,13,0.8112925830484462,False,0.6770773851447954,7.271766662597656e-05
grid,22,14,0.37779467819658014,True,0.6770773851447954,7.271766662597656e-05
grid,22,15,0.07379670673046333,True,0.6770773851447954,7.271766662597656e-05
grid,22,16,0.7613218631095914,False,0.6770773851447954,7.271766662597656e-05
grid,22,17,0.8150002351058835,False,0.6770773851447954,7.271766662597656e-05
grid,22,18,0.7947359888453608,True,0.7947359888453608,7.271766662597656e-05
grid,22,19,0.8965330064986857,False,0.7947359888453608,7.271766662597656e-05
grid,22,20,0.40044552711121406,True,0.7947359888453608,7.271766662597656e-05
grid,22,21,0.6376677104166588,True,0.7947359888453608,7.271766662597656e-05
grid,22,22,0.6877640479352383,False,0.7947359888453608,7.271766662597656e-05
grid,22,23,0.2328895566540137,True,0.7947359888453608,7.271766662597656e-05
grid,22,24,0.8752718155922726,False,0.7947359888453608,7.271766662597656e-05
grid,22,25,0.8644891987719807,False,0.7947359888453608,7.271766662597656e-05
grid,23,1,0.8965330064986857,False,,8.058547973632812e-05
grid,23,2,0.8873518437535826,False,,8.058547973632812e-05
grid,23,3,0.8112925830484462,False,,8.058547973632812e-05
grid,23,4,0.8254534178018293,False,,8.058547973632812e-05
grid,23,5,0.6819707702365867,False,,8.058547973632812e-05
grid,23,6,0.7975134266587158,False,,8.058547973632812e-05
grid,23,7,0.8150002351058835,False,,8.058547973632812e-05
grid,23,8,0.4935968854750766,False,,8.058547973632812e-05
grid,23,9,0.8644891987719807,False,,8.058547973632812e-05
grid,23,10,0.8752718155922726,False,,8.058547973632812e-05
grid,23,11,0.6376677104166588,True,0.6376677104166588,8.058547973632812e-05
grid,23,12,0.6824998073361148,False,0.6376677104166588,8.058547973632812e-05
grid,23,13,0.37779467819658014,True,0.6376677104166588,8.058547973632812e-05
grid,23,14,0.7613218631095914,False,0.6376677104166588,8.058547973632812e-05
grid,23,15,0.6877640479352383,False,0.6376677104166588,8.058547973632812e-05
grid,23,16,0.7787510327774881,True,0.7787510327774881,8.058547973632812e-05
grid,23,17,0.40044552711121406,True,0.7787510327774881,8.058547973632812e-05
grid,23,18,0.6558969880975829,True,0.7787510327774881,8.058547973632812e-05
grid,23,19,0.2328895566540137,True,0.7787510327774881,8.058547973632812e-05
grid,23,20,0.0383120031973369,True,0.7787510327774881,8.058547973632812e-05
grid,23,21,0.6770773851447954,True,0.7787510327774881,8.058547973632812e-05
grid,23,22,0.4879811906449337,True,0.7787510327774881,8.058547973632812e-05
grid,23,23,0.7947359888453608,True,0.7947359888453608,8.058547973632812e-05
grid,23,24,0.07379670673046333,True,0.7947359888453608,8.058547973632812e-05
grid,23,25,0.08058171091468866,True,0.7947359888453608,8.058547973632812e-05
grid,24,1,0.2328895566540137,True,0.2328895566540137,7.963180541992188e-05
grid,24,2,0.6824998073361148,False,0.2328895566540137,7.963180541992188e-05
grid,24,3,0.8965330064986857,False,0.2328895566540137,7.963180541992188e-05
grid,24,4,0.6609506089296316,False,0.2328895566540137,7.963180541992188e-05
grid,24,5,0.6819707702365867,False,0.2328895566540137,7.963180541992188e-05
grid,24,6,0.37779467819658014,True,0.37779467819658014,7.963180541992188e-05
grid,24,7,0.6376677104166588,True,0.6376677104166588,7.963180541992188e-05
grid,24,8,0.8112925830484462,False,0.6376677104166588,7.963180541992188e-05
grid,24,9,0.7787510327774881,True,0.7787510327774881,7.963180541992188e-05
grid,24,10,0.08058171091468866,True,0.7787510327774881,7.963180541992188e-05
grid,24,11,0.8254534178018293,False,0.7787510327774881,7.963180541992188e-05
grid,24,12,0.8289415063592873,False,0.7787510327774881,7.963180541992188e-05
grid,24,13,0.8873518437535826,False,0.7787510327774881,7.963180541992188e-05
grid,24,14,0.4879811906449337,True,0.7787510327774881,7.963180541992188e-05
grid,24,15,0.6770773851447954,True,0.7787510327774881,7.963180541992188e-05
grid,24,16,0.7613218631095914,False,0.7787510327774881,7.963180541992188e-05
grid,24,17,0.6877640479352383,False,0.7787510327774881,7.963180541992188e-05
grid,24,18,0.8752718155922726,False,0.7787510327774881,7.963180541992188e-05
grid,24,19,0.8644891987719807,False,0.7787510327774881,7.963180541992188e-05
grid,24,20,0.6558969880975829,True,0.7787510327774881,7.963180541992188e-05
grid,24,21,0.4935968854750766,False,0.7787510327774881,7.963180541992188e-05
grid,24,22,0.7975134266587158,False,0.7787510327774881,7.963180541992188e-05
grid,24,23,0.07379670673046333,True,0.7787510327774881,7.963180541992188e-05
grid,24,24,0.7947359888453608,True,0.7947359888453608,7.963180541992188e-05
grid,24,25,0.8150002351058835,False,0.7947359888453608,7.963180541992188e-05
grid,25,1,0.7947359888453608,True,0.7947359888453608,8.177757263183594e-05
grid,25,2,0.2328895566540137,True,0.7947359888453608,8.177757263183594e-05
grid,25,3,0.6824998073361148,False,0.7947359888453608,8.177757263183594e-05
grid,25,4,0.4879811906449337,True,0.7947359888453608,8.177757263183594e-05
grid,25,5,0.6609506089296316,False,0.7947359888453608,8.177757263183594e-05
grid,25,6,0.0383120031973369,True,0.7947359888453608,8.177757263183594e-05
grid,25,7,0.07379670673046333,True,0.7947359888453608,8.177757263183594e-05
grid,25,8,0.4935968854750766,False,0.7947359888453608,8.177757263183594e-05
grid,25,9,0.8752718155922726,False,0.7947359888453608,8.177757263183594e-05
grid,25,10,0.6558969880975829,True,0.7947359888453608,8.177757263183594e-05
grid,25,11,0.6376677104166588,True,0.7947359888453608,8.177757263183594e-05
grid,25,12,0.8254534178018293,False,0.7947359888453608,8.177757263183594e-05
grid,25,13,0.8112925830484462,False,0.7947359888453608,8.177757263183594e-05
grid,25,14,0.7787510327774881,True,0.7947359888453608,8.177757263183594e-05
grid,25,15,0.8965330064986857,False,0.7947359888453608,8.177757263183594e-05
grid,25,16,0.08058171091468866,True,0.7947359888453608,8.177757263183594e-05
grid,25,17,0.6877640479352383,False,0.7947359888453608,8.177757263183594e-05
grid,25,18,0.8289415063592873,False,0.7947359888453608,8.177757263183594e-05
grid,25,19,0.7613218631095914,False,0.7947359888453608,8.177757263183594e-05
grid,25,20,0.7975134266587158,False,0.7947359888453608,8.177757263183594e-05
grid,25,21,0.8150002351058835,False,0.7947359888453608,8.177757263183594e-05
grid,25,22,0.40044552711121406,True,0.7947359888453608,8.177757263183594e-05
grid,25,23,0.6819707702365867,False,0.7947359888453608,8.177757263183594e-05
grid,25,24,0.6770773851447954,True,0.7947359888453608,8.177757263183594e-05
grid,25,25,0.37779467819658014,True,0.7947359888453608,8.177757263183594e-05
grid,26,1,0.07379670673046333,True,0.07379670673046333,7.486343383789062e-05
grid,26,2,0.7613218631095914,False,0.07379670673046333,7.486343383789062e-05
grid,26,3,0.7947359888453608,True,0.7947359888453608,7.486343383789062e-05
grid,26,4,0.8965330064986857,False,0.7947359888453608,7.486343383789062e-05
grid,26,5,0.6609506089296316,False,0.7947359888453608,7.486343383789062e-05
grid,26,6,0.08058171091468866,True,0.7947359888453608,7.486343383789062e-05
grid,26,7,0.8254534178018293,False,0.7947359888453608,7.486343383789062e-05
grid,26,8,0.8150002351058835,False,0.7947359888453608,7.486343383789062e-05
grid,26,9,0.6558969880975829,True,0.7947359888453608,7.486343383789062e-05
grid,26,10,0.7787510327774881,True,0.7947359888453608,7.486343383789062e-05
grid,26,11,0.4935968854750766,False,0.7947359888453608,7.486343383789062e-05
grid,26,12,0.0383120031973369,True,0.7947359888453608,7.486343383789062e-05
grid,26,13,0.37779467819658014,True,0.7947359888453608,7.486343383789062e-05
grid,26,14,0.6819707702365867,False,0.7947359888453608,7.486343383789062e-05
grid,26,15,0.8752718155922726,False,0.7947359888453608,7.486343383789062e-05
grid,26,16,0.6824998073361148,False,0.7947359888453608,7.486343383789062e-05
grid,26,17,0.2328895566540137,True,0.7947359888453608,7.486343383789062e-05
grid,26,18,0.6770773851447954,True,0.7947359888453608,7.486343383789062e-05
grid,26,19,0.8112925830484462,False,0.7947359888453608,7.486343383789062e-05
grid,26,20,0.40044552711121406,True,0.7947359888453608,7.486343383789062e-05
grid,26,21,0.6376677104166588,True,0.7947359888453608,7.486343383789062e-05
grid,26,22,0.4879811906449337,True,0.7947359888453608,7.486343383789062e-05
grid,26,23,0.8644891987719807,False,0.7947359888453608,7.486343383789062e-05
grid,26,24,0.6877640479352383,False,0.7947359888453608,7.486343383789062e-05
grid,26,25,0.8289415063592873,False,0.7947359888453608,7.486343383789062e-05
grid,27,1,0.37779467819658014,True,0.37779467819658014,8.392333984375e-05
grid,27,2,0.4935968854750766,False,0.37779467819658014,8.392333984375e-05
grid,27,3,0.08058171091468866,True,0.37779467819658014,8.392333984375e-05
grid,27,4,0.6770773851447954,True,0.6770773851447954,8.392333984375e-05
grid,27,5,0.8150002351058835,False,0.6770773851447954,8.392333984375e-05
grid,27,6,0.6609506089296316,False,0.6770773851447954,8.392333984375e-05
grid,27,7,0.6819707702365867,False,0.6770773851447954,8.392333984375e-05
grid,27,8,0.40044552711121406,True,0.6770773851447954,8.392333984375e-05
grid,27,9,0.7787510327774881,True,0.7787510327774881,8.392333984375e-05
grid,27,10,0.7975134266587158,False,0.7787510327774881,8.392333984375e-05
grid,27,11,0.8873518437535826,False,0.7787510327774881,8.392333984375e-05
grid,27,12,0.8644891987719807,False,0.7787510327774881,8.392333984375e-05
grid,27,13,0.8965330064986857,False,0.7787510327774881,8.392333984375e-05
grid,27,14,0.4879811906449337,True,0.7787510327774881,8.392333984375e-05
grid,27,15,0.6376677104166588,True,0.7787510327774881,8.392333984375e-05
grid,27,16,0.7613218631095914,False,0.7787510327774881,8.392333984375e-05
grid,27,17,0.8752718155922726,False,0.7787510327774881,8.392333984375e-05
grid,27,18,0.6558969880975829,True,0.7787510327774881,8.392333984375e-05
grid,27,19,0.6824998073361148,False,0.7787510327774881,8.392333984375e-05
grid,27,20,0.6877640479352383,False,0.7787510327774881,8.392333984375e-05
grid,27,21,0.7947359888453608,True,0.7947359888453608,8.392333984375e-05
grid,27,22,0.07379670673046333,True,0.7947359888453608,8.392333984375e-05
grid,27,23,0.8112925830484462,False,0.7947359888453608,8.392333984375e-05
grid,27,24,0.0383120031973369,True,0.7947359888453608,8.392333984375e-05
grid,27,25,0.2328895566540137,True,0.7947359888453608,8.392333984375e-05
grid,28,1,0.6819707702365867,False,,8.344650268554688e-05
grid,28,2,0.8873518437535826,False,,8.344650268554688e-05
grid,28,3,0.8254534178018293,False,,8.344650268554688e-05
grid,28,4,0.7613218631095914,False,,8.344650268554688e-05
grid,28,5,0.8752718155922726,False,,8.344650268554688e-05
grid,28,6,0.4935968854750766,False,,8.344650268554688e-05
grid,28,7,0.6558969880975829,True,0.6558969880975829,8.344650268554688e-05
grid,28,8,0.7787510327774881,True,0.7787510327774881,8.344650268554688e-05
grid,28,9,0.6877640479352383,False,0.7787510327774881,8.344650268554688e-05
grid,28,10,0.6609506089296316,False,0.7787510327774881,8.344650268554688e-05
grid,28,11,0.07379670673046333,True,0.7787510327774881,8.344650268554688e-05
grid,28,12,0.8644891987719807,False,0.7787510327774881,8.344650268554688e-05
grid,28,13,0.37779467819658014,True,0.7787510327774881,8.344650268554688e-05
grid,28,14,0.8965330064986857,False,0.7787510327774881,8.344650268554688e-05
grid,28,15,0.0383120031973369,True,0.7787510327774881,8.344650268554688e-05
grid,28,16,0.6824998073361148,False,0.7787510327774881,8.344650268554688e-05
grid,28,17,0.8150002351058835,False,0.7787510327774881,8.344650268554688e-05
grid,28,18,0.40044552711121406,True,0.7787510327774881,8.344650268554688e-05
grid,28,19,0.7947359888453608,True,0.7947359888453608,8.344650268554688e-05
grid,28,20,0.7975134266587158,False,0.7947359888453608,8.344650268554688e-05
grid,28,21,0.8289415063592873,False,0.7947359888453608,8.344650268554688e-05
grid,28,22,0.6376677104166588,True,0.7947359888453608,8.344650268554688e-05
grid,28,23,0.4879811906449337,True,0.7947359888453608,8.344650268554688e-05
grid,28,24,0.6770773851447954,True,0.7947359888453608,8.344650268554688e-05
grid,28,25,0.8112925830484462,False,0.7947359888453608,8.344650268554688e-05
grid,29,1,0.8644891987719807,False,,7.653236389160156e-05
grid,29,2,0.6877640479352383,False,,7.653236389160156e-05
grid,29,3,0.8965330064986857,False,,7.653236389160156e-05
grid,29,4,0.6609506089296316,False,,7.653236389160156e-05
grid,29,5,0.8112925830484462,False,,7.653236389160156e-05
grid,29,6,0.40044552711121406,True,0.40044552711121406,7.653236389160156e-05
grid,29,7,0.8150002351058835,False,0.40044552711121406,7.653236389160156e-05
grid,29,8,0.6819707702365867,False,0.40044552711121406,7.653236389160156e-05
grid,29,9,0.6376677104166588,True,0.6376677104166588,7.653236389160156e-05
grid,29,10,0.07379670673046333,True,0.6376677104166588,7.653236389160156e-05
grid,29,11,0.7613218631095914,False,0.6376677104166588,7.653236389160156e-05
grid,29,12,0.7787510327774881,True,0.7787510327774881,7.653236389160156e-05
grid,29,13,0.08058171091468866,True,0.7787510327774881,7.653236389160156e-05
grid,29,14,0.4935968854750766,False,0.7787510327774881,7.653236389160156e-05
grid,29,15,0.6770773851447954,True,0.7787510327774881,7.653236389160156e-05
grid,29,16,0.8752718155922726,False,0.7787510327774881,7.653236389160156e-05
grid,29,17,0.8873518437535826,False,0.7787510327774881,7.653236389160156e-05
grid,29,18,0.0383120031973369,True,0.7787510327774881,7.653236389160156e-05
grid,29,19,0.4879811906449337,True,0.7787510327774881,7.653236389160156e-05
grid,29,20,0.2328895566540137,True,0.7787510327774881,7.653236389160156e-05
grid,29,21,0.7975134266587158,False,0.7787510327774881,7.653236389160156e-05
grid,29,22,0.8254534178018293,False,0.7787510327774881,7.653236389160156e-05
grid,29,23,0.6824998073361148,False,0.7787510327774881,7.653236389160156e-05
grid,29,24,0.6558969880975829,True,0.7787510327774881,7.653236389160156e-05
grid,29,25,0.8289415063592873,False,0.7787510327774881,7.653236389160156e-05
grid,30,1,0.7787510327774881,True,0.7787510327774881,7.557868957519531e-05
grid,30,2,0.4935968854750766,False,0.7787510327774881,7.557868957519531e-05
grid,30,3,0.6558969880975829,True,0.7787510327774881,7.557868957519531e-05
grid,30,4,0.6819707702365867,False,0.7787510327774881,7.557868957519531e-05
grid,30,5,0.0383120031973369,True,0.7787510327774881,7.557868957519531e-05
grid,30,6,0.6609506089296316,False,0.7787510327774881,7.557868957519531e-05
grid,30,7,0.2328895566540137,True,0.7787510327774881,7.557868957519531e-05
grid,30,8,0.6376677104166588,True,0.7787510327774881,7.557868957519531e-05
grid,30,9,0.4879811906449337,True,0.7787510327774881,7.557868957519531e-05
grid,30,10,0.8752718155922726,False,0.7787510327774881,7.557868957519531e-05
grid,30,11,0.40044552711121406,True,0.7787510327774881,7.557868957519531e-05
grid,30,12,0.6824998073361148,False,0.7787510327774881,7.557868957519531e-05
grid,30,13,0.8254534178018293,False,0.7787510327774881,7.557868957519531e-05
grid,30,14,0.8150002351058835,False,0.7787510327774881,7.557868957519531e-05
grid,30,15,0.8644891987719807,False,0.7787510327774881,7.557868957519531e-05
grid,30,16,0.08058171091468866,True,0.7787510327774881,7.557868957519531e-05
grid,30,17,0.8112925830484462,False,0.7787510327774881,7.557868957519531e-05
grid,30,18,0.7975134266587158,False,0.7787510327774881,7.557868957519531e-05
grid,30,19,0.8873518437535826,False,0.7787510327774881,7.557868957519531e-05
grid,30,20,0.8289415063592873,False,0.7787510327774881,7.557868957519531e-05
grid,30,21,0.7613218631095914,False,0.7787510327774881,7.557868957519531e-05
grid,30,22,0.6770773851447954,True,0.7787510327774881,7.557868957519531e-05
grid,30,23,0.37779467819658014,True,0.7787510327774881,7.557868957519531e-05
grid,30,24,0.07379670673046333,True,0.7787510327774881,7.557868957519531e-05
grid,30,25,0.6877640479352383,False,0.7787510327774881,7.557868957519531e-05
grid,31,1,0.8873518437535826,False,,6.937980651855469e-05
grid,31,2,0.8150002351058835,False,,6.937980651855469e-05
grid,31,3,0.8254534178018293,False,,6.937980651855469e-05
grid,31,4,0.8752718155922726,False,,6.937980651855469e-05
grid,31,5,0.2328895566540137,True,0.2328895566540137,6.937980651855469e-05
grid,31,6,0.6819707702365867,False,0.2328895566540137,6.937980651855469e-05
grid,31,7,0.0383120031973369,True,0.2328895566540137,6.937980651855469e-05
grid,31,8,0.6376677104166588,True,0.6376677104166588,6.937980651855469e-05
grid,31,9,0.8644891987719807,False,0.6376677104166588,6.937980651855469e-05
grid,31,10,0.7613218631095914,False,0.6376677104166588,6.937980651855469e-05
grid,31,11,0.8289415063592873,False,0.6376677104166588,6.937980651855469e-05
grid,31,12,0.8112925830484462,False,0.6376677104166588,6.937980651855469e-05
grid,31,13,0.8965330064986857,False,0.6376677104166588,6.937980651855469e-05
grid,31,14,0.7947359888453608,True,0.7947359888453608,6.937980651855469e-05
grid,31,15,0.4935968854750766,False,0.7947359888453608,6.937980651855469e-05
grid,31,16,0.07379670673046333,True,0.7947359888453608,6.937980651855469e-05
grid,31,17,0.6877640479352383,False,0.7947359888453608,6.937980651855469e-05
grid,31,18,0.40044552711121406,True,0.7947359888453608,6.937980651855469e-05
grid,31,19,0.4879811906449337,True,0.7947359888453608,6.937980651855469e-05
grid,31,20,0.7975134266587158,False,0.7947359888453608,6.937980651855469e-05
grid,31,21,0.37779467819658014,True,0.7947359888453608,6.937980651855469e-05
grid,31,22,0.6770773851447954,True,0.7947359888453608,6.937980651855469e-05
grid,31,23,0.6558969880975829,True,0.7947359888453608,6.937980651855469e-05
grid,31,24,0.08058171091468866,True,0.7947359888453608,6.937980651855469e-05
grid,31,25,0.6609506089296316,False,0.7947359888453608,6.937980651855469e-05
grid,32,1,0.4879811906449337,True,0.4879811906449337,6.890296936035156e-05
grid,32,2,0.2328895566540137,True,0.4879811906449337,6.890296936035156e-05
grid,32,3,0.6824998073361148,False,0.4879811906449337,6.890296936035156e-05
grid,32,4,0.6877640479352383,False,0.4879811906449337,6.890296936035156e-05
grid,32,5,0.8752718155922726,False,0.4879811906449337,6.890296936035156e-05
grid,32,6,0.6376677104166588,True,0.6376677104166588,6.890296936035156e-05
grid,32,7,0.4935968854750766,False,0.6376677104166588,6.890296936035156e-05
grid,32,8,0.40044552711121406,True,0.6376677104166588,6.890296936035156e-05
grid,32,9,0.7787510327774881,True,0.7787510327774881,6.890296936035156e-05
grid,32,10,0.7975134266587158,False,0.7787510327774881,6.890296936035156e-05
grid,32,11,0.8873518437535826,False,0.7787510327774881,6.890296936035156e-05
grid,32,12,0.8644891987719807,False,0.7787510327774881,6.890296936035156e-05
grid,32,13,0.08058171091468866,True,0.7787510327774881,6.890296936035156e-05
grid,32,14,0.8289415063592873,False,0.7787510327774881,6.890296936035156e-05
grid,32,15,0.6558969880975829,True,0.7787510327774881,6.890296936035156e-05
grid,32,16,0.6609506089296316,False,0.7787510327774881,6.890296936035156e-05
grid,32,17,0.8150002351058835,False,0.7787510327774881,6.890296936035156e-05
grid,32,18,0.6819707702365867,False,0.7787510327774881,6.890296936035156e-05
grid,32,19,0.7613218631095914,False,0.7787510327774881,6.890296936035156e-05
grid,32,20,0.0383120031973369,True,0.7787510327774881,6.890296936035156e-05
grid,32,21,0.8254534178018293,False,0.7787510327774881,6.890296936035156e-05
grid,32,22,0.37779467819658014,True,0.7787510327774881,6.890296936035156e-05
grid,32,23,0.8112925830484462,False,0.7787510327774881,6.890296936035156e-05
grid,32,24,0.7947359888453608,True,0.7947359888453608,6.890296936035156e-05
grid,32,25,0.8965330064986857,False,0.7947359888453608,6.890296936035156e-05
grid,33,1,0.8965330064986857,False,,7.677078247070312e-05
grid,33,2,0.7787510327774881,True,0.7787510327774881,7.677078247070312e-05
grid,33,3,0.6877640479352383,False,0.7787510327774881,7.677078247070312e-05
grid,33,4,0.6609506089296316,False,0.7787510327774881,7.677078247070312e-05
grid,33,5,0.7613218631095914,False,0.7787510327774881,7.677078247070312e-05
grid,33,6,0.8644891987719807,False,0.7787510327774881,7.677078247070312e-05
grid,33,7,0.6824998073361148,False,0.7787510327774881,7.677078247070312e-05
grid,33,8,0.8752718155922726,False,0.7787510327774881,7.677078247070312e-05
grid,33,9,0.4879811906449337,True,0.7787510327774881,7.677078247070312e-05
grid,33,10,0.4935968854750766,False,0.7787510327774881,7.677078247070312e-05
grid,33,11,0.6770773851447954,True,0.7787510327774881,7.677078247070312e-05
grid,33,12,0.37779467819658014,True,0.7787510327774881,7.677078247070312e-05
grid,33,13,0.7947359888453608,True,0.7947359888453608,7.677078247070312e-05
grid,33,14,0.07379670673046333,True,0.7947359888453608,7.677078247070312e-05
grid,33,15,0.8150002351058835,False,0.7947359888453608,7.677078247070312e-05
grid,33,16,0.40044552711121406,True,0.7947359888453608,7.677078247070312e-05
grid,33,17,0.7975134266587158,False,0.7947359888453608,7.677078247070312e-05
grid,33,18,0.8254534178018293,False,0.7947359888453608,7.677078247070312e-05
grid,33,19,0.8873518437535826,False,0.7947359888453608,7.677078247070312e-05
grid,33,20,0.6819707702365867,False,0.7947359888453608,7.677078247070312e-05
grid,33,21,0.08058171091468866,True,0.7947359888453608,7.677078247070312e-05
grid,33,22,0.8289415063592873,False,0.7947359888453608,7.677078247070312e-05
grid,33,23,0.2328895566540137,True,0.7947359888453608,7.677078247070312e-05
grid,33,24,0.8112925830484462,False,0.7947359888453608,7.677078247070312e-05
grid,33,25,0.6558969880975829,True,0.7947359888453608,7.677078247070312e-05
grid,34,1,0.6877640479352383,False,,7.462501525878906e-05
grid,34,2,0.8752718155922726,False,,7.462501525878906e-05
grid,34,3,0.8873518437535826,False,,7.462501525878906e-05
grid,34,4,0.7947359888453608,True,0.7947359888453608,7.462501525878906e-05
grid,34,5,0.6770773851447954,True,0.7947359888453608,7.462501525878906e-05
grid,34,6,0.8644891987719807,False,0.7947359888453608,7.462501525878906e-05
grid,34,7,0.8289415063592873,False,0.7947359888453608,7.462501525878906e-05
grid,34,8,0.2328895566540137,True,0.7947359888453608,7.462501525878906e-05
grid,34,9,0.0383120031973369,True,0.7947359888453608,7.462501525878906e-05
grid,34,10,0.40044552711121406,True,0.7947359888453608,7.462501525878906e-05
grid,34,11,0.7975134266587158,False,0.7947359888453608,7.462501525878906e-05
grid,34,12,0.37779467819658014,True,0.7947359888453608,7.462501525878906e-05
grid,34,13,0.07379670673046333,True,0.7947359888453608,7.462501525878906e-05
grid,34,14,0.4935968854750766,False,0.7947359888453608,7.462501525878906e-05
grid,34,15,0.4879811906449337,True,0.7947359888453608,7.462501525878906e-05
grid,34,16,0.7613218631095914,False,0.7947359888453608,7.462501525878906e-05
grid,34,17,0.6609506089296316,False,0.7947359888453608,7.462501525878906e-05
grid,34,18,0.8965330064986857,False,0.7947359888453608,7.462501525878906e-05
grid,34,19,0.8254534178018293,False,0.7947359888453608,7.462501525878906e-05
grid,34,20,0.6558969880975829,True,0.7947359888453608,7.462501525878906e-05
grid,34,21,0.6819707702365867,False,0.7947359888453608,7.462501525878906e-05
grid,34,22,0.8112925830484462,False,0.7947359888453608,7.462501525878906e-05
grid,34,23,0.8150002351058835,False,0.7947359888453608,7.462501525878906e-05
grid,34,24,0.6376677104166588,True,0.7947359888453608,7.462501525878906e-05
grid,34,25,0.6824998073361148,False,0.7947359888453608,7.462501525878906e-05
grid,35,1,0.8644891987719807,False,,6.628036499023438e-05
grid,35,2,0.08058171091468866,True,0.08058171091468866,6.628036499023438e-05
grid,35,3,0.8254534178018293,False,0.08058171091468866,6.628036499023438e-05
grid,35,4,0.6824998073361148,False,0.08058171091468866,6.628036499023438e-05
grid,35,5,0.8965330064986857,False,0.08058171091468866,6.628036499023438e-05
grid,35,6,0.6558969880975829,True,0.6558969880975829,6.628036499023438e-05
grid,35,7,0.7613218631095914,False,0.6558969880975829,6.628036499023438e-05
grid,35,8,0.7975134266587158,False,0.6558969880975829,6.628036499023438e-05
grid,35,9,0.7947359888453608,True,0.7947359888453608,6.628036499023438e-05
grid,35,10,0.4935968854750766,False,0.7947359888453608,6.628036499023438e-05
grid,35,11,0.07379670673046333,True,0.7947359888453608,6.628036499023438e-05
grid,35,12,0.6376677104166588,True,0.7947359888453608,6.628036499023438e-05
grid,35,13,0.2328895566540137,True,0.7947359888453608,6.628036499023438e-05
grid,35,14,0.7787510327774881,True,0.7947359888453608,6.628036499023438e-05
grid,35,15,0.6877640479352383,False,0.7947359888453608,6.628036499023438e-05
grid,35,16,0.6770773851447954,True,0.7947359888453608,6.628036499023438e-05
grid,35,17,0.6819707702365867,False,0.7947359888453608,6.628036499023438e-05
grid,35,18,0.40044552711121406,True,0.7947359888453608,6.628036499023438e-05
grid,35,19,0.8112925830484462,False,0.7947359888453608,6.628036499023438e-05
grid,35,20,0.8150002351058835,False,0.7947359888453608,6.628036499023438e-05
grid,35,21,0.0383120031973369,True,0.7947359888453608,6.628036499023438e-05
grid,35,22,0.8873518437535826,False,0.7947359888453608,6.628036499023438e-05
grid,35,23,0.37779467819658014,True,0.7947359888453608,6.628036499023438e-05
grid,35,24,0.6609506089296316,False,0.7947359888453608,6.628036499023438e-05
grid,35,25,0.8289415063592873,False,0.7947359888453608,6.628036499023438e-05
grid,36,1,0.7947359888453608,True,0.7947359888453608,7.200241088867188e-05
grid,36,2,0.08058171091468866,True,0.7947359888453608,7.200241088867188e-05
grid,36,3,0.7975134266587158,False,0.7947359888453608,7.200241088867188e-05
grid,36,4,0.0383120031973369,True,0.7947359888453608,7.200241088867188e-05
grid,36,5,0.8965330064986857,False,0.7947359888453608,7.200241088867188e-05
grid,36,6,0.8644891987719807,False,0.7947359888453608,7.200241088867188e-05
grid,36,7,0.8112925830484462,False,0.7947359888453608,7.200241088867188e-05
grid,36,8,0.6609506089296316,False,0.7947359888453608,7.200241088867188e-05
grid,36,9,0.40044552711121406,True,0.7947359888453608,7.200241088867188e-05
grid,36,10,0.6877640479352383,False,0.7947359888453608,7.200241088867188e-05
grid,36,11,0.37779467819658014,True,0.7947359888453608,7.200241088867188e-05
grid,36,12,0.8752718155922726,False,0.7947359888453608,7.200241088867188e-05
grid,36,13,0.8289415063592873,False,0.7947359888453608,7.200241088867188e-05
grid,36,14,0.8873518437535826,False,0.7947359888453608,7.200241088867188e-05
grid,36,15,0.6558969880975829,True,0.7947359888453608,7.200241088867188e-05
grid,36,16,0.07379670673046333,True,0.7947359888453608,7.200241088867188e-05
grid,36,17,0.6770773851447954,True,0.7947359888453608,7.200241088867188e-05
grid,36,18,0.6819707702365867,False,0.7947359888453608,7.200241088867188e-05
grid,36,19,0.6824998073361148,False,0.7947359888453608,7.200241088867188e-05
grid,36,20,0.7787510327774881,True,0.7947359888453608,7.200241088867188e-05
grid,36,21,0.4879811906449337,True,0.7947359888453608,7.200241088867188e-05
grid,36,22,0.7613218631095914,False,0.7947359888453608,7.200241088867188e-05
grid,36,23,0.8150002351058835,False,0.7947359888453608,7.200241088867188e-05
grid,36,24,0.8254534178018293,False,0.7947359888453608,7.200241088867188e-05
grid,36,25,0.4935968854750766,False,0.7947359888453608,7.200241088867188e-05
grid,37,1,0.8752718155922726,False,,7.2479248046875e-05
grid,37,2,0.8112925830484462,False,,7.2479248046875e-05
grid,37,3,0.40044552711121406,True,0.40044552711121406,7.2479248046875e-05
grid,37,4,0.8289415063592873,False,0.40044552711121406,7.2479248046875e-05
grid,37,5,0.7787510327774881,True,0.7787510327774881,7.2479248046875e-05
grid,37,6,0.7975134266587158,False,0.7787510327774881,7.2479248046875e-05
grid,37,7,0.37779467819658014,True,0.7787510327774881,7.2479248046875e-05
grid,37,8,0.08058171091468866,True,0.7787510327774881,7.2479248046875e-05
grid,37,9,0.8254534178018293,False,0.7787510327774881,7.2479248046875e-05
grid,37,10,0.8150002351058835,False,0.7787510327774881,7.2479248046875e-05
grid,37,11,0.6819707702365867,False,0.7787510327774881,7.2479248046875e-05
grid,37,12,0.6877640479352383,False,0.7787510327774881,7.2479248046875e-05
grid,37,13,0.0383120031973369,True,0.7787510327774881,7.2479248046875e-05
grid,37,14,0.2328895566540137,True,0.7787510327774881,7.2479248046875e-05
grid,37,15,0.6609506089296316,False,0.7787510327774881,7.2479248046875e-05
grid,37,16,0.6824998073361148,False,0.7787510327774881,7.2479248046875e-05
grid,37,17,0.07379670673046333,True,0.7787510327774881,7.2479248046875e-05
grid,37,18,0.7613218631095914,False,0.7787510327774881,7.2479248046875e-05
grid,37,19,0.6770773851447954,True,0.7787510327774881,7.2479248046875e-05
grid,37,20,0.4935968854750766,False,0.7787510327774881,7.2479248046875e-05
grid,37,21,0.8873518437535826,False,0.7787510327774881,7.2479248046875e-05
grid,37,22,0.8965330064986857,False,0.7787510327774881,7.2479248046875e-05
grid,37,23,0.4879811906449337,True,0.7787510327774881,7.2479248046875e-05
grid,37,24,0.6376677104166588,True,0.7787510327774881,7.2479248046875e-05
grid,37,25,0.7947359888453608,True,0.7947359888453608,7.2479248046875e-05
grid,38,1,0.8873518437535826,False,,6.937980651855469e-05
grid,38,2,0.7613218631095914,False,,6.937980651855469e-05
grid,38,3,0.0383120031973369,True,0.0383120031973369,6.937980651855469e-05
grid,38,4,0.7787510327774881,True,0.7787510327774881,6.937980651855469e-05
grid,38,5,0.8644891987719807,False,0.7787510327774881,6.937980651855469e-05
grid,38,6,0.6609506089296316,False,0.7787510327774881,6.937980651855469e-05
grid,38,7,0.8112925830484462,False,0.7787510327774881,6.937980651855469e-05
grid,38,8,0.8150002351058835,False,0.7787510327774881,6.937980651855469e-05
grid,38,9,0.08058171091468866,True,0.7787510327774881,6.937980651855469e-05
grid,38,10,0.4879811906449337,True,0.7787510327774881,6.937980651855469e-05
grid,38,11,0.8289415063592873,False,0.7787510327774881,6.937980651855469e-05
grid,38,12,0.6770773851447954,True,0.7787510327774881,6.937980651855469e-05
grid,38,13,0.6824998073361148,False,0.7787510327774881,6.937980651855469e-05
grid,38,14,0.8752718155922726,False,0.7787510327774881,6.937980651855469e-05
grid,38,15,0.6877640479352383,False,0.7787510327774881,6.937980651855469e-05
grid,38,16,0.4935968854750766,False,0.7787510327774881,6.937980651855469e-05
grid,38,17,0.7947359888453608,True,0.7947359888453608,6.937980651855469e-05
grid,38,18,0.07379670673046333,True,0.7947359888453608,6.937980651855469e-05
grid,38,19,0.40044552711121406,True,0.7947359888453608,6.937980651855469e-05
grid,38,20,0.6558969880975829,True,0.7947359888453608,6.937980651855469e-05
grid,38,21,0.37779467819658014,True,0.7947359888453608,6.937980651855469e-05
grid,38,22,0.6376677104166588,True,0.7947359888453608,6.937980651855469e-05
grid,38,23,0.8965330064986857,False,0.7947359888453608,6.937980651855469e-05
grid,38,24,0.7975134266587158,False,0.7947359888453608,6.937980651855469e-05
grid,38,25,0.6819707702365867,False,0.7947359888453608,6.937980651855469e-05
grid,39,1,0.08058171091468866,True,0.08058171091468866,9.632110595703125e-05
grid,39,2,0.7975134266587158,False,0.08058171091468866,9.632110595703125e-05
grid,39,3,0.8644891987719807,False,0.08058171091468866,9.632110595703125e-05
grid,39,4,0.6609506089296316,False,0.08058171091468866,9.632110595703125e-05
grid,39,5,0.37779467819658014,True,0.37779467819658014,9.632110595703125e-05
grid,39,6,0.6770773851447954,True,0.6770773851447954,9.632110595703125e-05
grid,39,7,0.4935968854750766,False,0.6770773851447954,9.632110595703125e-05
grid,39,8,0.8254534178018293,False,0.6770773851447954,9.632110595703125e-05
grid,39,9,0.2328895566540137,True,0.6770773851447954,9.632110595703125e-05
grid,39,10,0.8752718155922726,False,0.6770773851447954,9.632110595703125e-05
grid,39,11,0.4879811906449337,True,0.6770773851447954,9.632110595703125e-05
grid,39,12,0.8112925830484462,False,0.6770773851447954,9.632110595703125e-05
grid,39,13,0.7613218631095914,False,0.6770773851447954,9.632110595703125e-05
grid,39,14,0.8965330064986857,False,0.6770773851447954,9.632110595703125e-05
grid,39,15,0.8873518437535826,False,0.6770773851447954,9.632110595703125e-05
grid,39,16,0.6877640479352383,False,0.6770773851447954,9.632110595703125e-05
grid,39,17,0.6819707702365867,False,0.6770773851447954,9.632110595703125e-05
grid,39,18,0.07379670673046333,True,0.6770773851447954,9.632110595703125e-05
grid,39,19,0.40044552711121406,True,0.6770773851447954,9.632110595703125e-05
grid,39,20,0.6824998073361148,False,0.6770773851447954,9.632110595703125e-05
grid,39,21,0.6376677104166588,True,0.6770773851447954,9.632110595703125e-05
grid,39,22,0.7947359888453608,True,0.7947359888453608,9.632110595703125e-05
grid,39,23,0.8289415063592873,False,0.7947359888453608,9.632110595703125e-05
grid,39,24,0.6558969880975829,True,0.7947359888453608,9.632110595703125e-05
grid,39,25,0.7787510327774881,True,0.7947359888453608,9.632110595703125e-05
lhs,0,1,0.840966006042285,False,,0.0003209114074707031
lhs,0,2,0.7080272036877291,False,,0.0003209114074707031
lhs,0,3,0.7161742549033636,True,0.7161742549033636,0.0003209114074707031
lhs,0,4,0.813940635590225,False,0.7161742549033636,0.0003209114074707031
lhs,0,5,0.8340556968599094,False,0.7161742549033636,0.0003209114074707031
lhs,0,6,0.8463988933566916,True,0.8463988933566916,0.0003209114074707031
lhs,0,7,0.8262321732748561,True,0.8463988933566916,0.0003209114074707031
lhs,0,8,0.6861529363806308,False,0.8463988933566916,0.0003209114074707031
lhs,0,9,0.8174854344995891,False,0.8463988933566916,0.0003209114074707031
lhs,0,10,0.8555514800496671,False,0.8463988933566916,0.0003209114074707031
lhs,0,11,0.8480039382133329,False,0.8463988933566916,0.0003209114074707031
lhs,0,12,0.8691128647872433,False,0.8463988933566916,0.0003209114074707031
lhs,0,13,0.8843217386646037,False,0.8463988933566916,0.0003209114074707031
lhs,0,14,0.5844803847472133,False,0.8463988933566916,0.0003209114074707031
lhs,0,15,0.5813568556481852,True,0.8463988933566916,0.0003209114074707031
lhs,0,16,0.8323990660445989,True,0.8463988933566916,0.0003209114074707031
lhs,0,17,0.6318120922299411,False,0.8463988933566916,0.0003209114074707031
lhs,0,18,0.7952289885613303,False,0.8463988933566916,0.0003209114074707031
lhs,0,19,0.8484575112851316,False,0.8463988933566916,0.0003209114074707031
lhs,0,20,0.8942081058791487,False,0.8463988933566916,0.0003209114074707031
lhs,0,21,0.8559305608946527,False,0.8463988933566916,0.0003209114074707031
lhs,0,22,0.43219124577948176,True,0.8463988933566916,0.0003209114074707031
lhs,0,23,0.8466885559249466,False,0.8463988933566916,0.0003209114074707031
lhs,0,24,0.8528283760929548,False,0.8463988933566916,0.0003209114074707031
lhs,0,25,0.8700567415459024,False,0.8463988933566916,0.0003209114074707031
lhs,1,1,0.8172570082622431,False,,0.00017571449279785156
lhs,1,2,0.7164726782622836,True,0.7164726782622836,0.00017571449279785156
lhs,1,3,0.6682672624002456,True,0.7164726782622836,0.00017571449279785156
lhs,1,4,0.8759125891659334,False,0.7164726782622836,0.00017571449279785156
lhs,1,5,0.8538432908405021,False,0.7164726782622836,0.00017571449279785156
lhs,1,6,0.8389043014239683,False,0.7164726782622836,0.00017571449279785156
lhs,1,7,0.7866994012645939,False,0.7164726782622836,0.00017571449279785156
lhs,1,8,0.8144756664653167,False,0.7164726782622836,0.00017571449279785156
lhs,1,9,0.7207496878976105,True,0.7207496878976105,0.00017571449279785156
lhs,1,10,0.7696357546012135,True,0.7696357546012135,0.00017571449279785156
lhs,1,11,0.7630112736419153,False,0.7696357546012135,0.00017571449279785156
lhs,1,12,0.8663122989104383,False,0.7696357546012135,0.00017571449279785156
lhs,1,13,0.8026784661299406,True,0.8026784661299406,0.00017571449279785156
lhs,1,14,0.8489535192010305,False,0.8026784661299406,0.00017571449279785156
lhs,1,15,0.8267459468915345,False,0.8026784661299406,0.00017571449279785156
lhs,1,16,0.654494685124598,False,0.8026784661299406,0.00017571449279785156
lhs,1,17,0.6972063628891997,True,0.8026784661299406,0.00017571449279785156
lhs,1,18,0.8492564807636966,False,0.8026784661299406,0.00017571449279785156
lhs,1,19,0.8533649026124845,False,0.8026784661299406,0.00017571449279785156
lhs,1,20,0.807443702765587,False,0.8026784661299406,0.00017571449279785156
lhs,1,21,0.5598281449263297,True,0.8026784661299406,0.00017571449279785156
lhs,1,22,0.8733514497595822,False,0.8026784661299406,0.00017571449279785156
lhs,1,23,0.8901392905751871,False,0.8026784661299406,0.00017571449279785156
lhs,1,24,0.5817777405958487,True,0.8026784661299406,0.00017571449279785156
lhs,1,25,0.876551819059382,False,0.8026784661299406,0.00017571449279785156
lhs,2,1,0.743027480792033,False,,0.0005736351013183594
lhs,2,2,0.864191765193999,False,,0.0005736351013183594
lhs,2,3,0.8913355959179806,False,,0.0005736351013183594
lhs,2,4,0.8570768057557622,False,,0.0005736351013183594
lhs,2,5,0.7794323684076565,False,,0.0005736351013183594
lhs,2,6,0.31112280562580874,True,0.31112280562580874,0.0005736351013183594
lhs,2,7,0.8341987611737289,True,0.8341987611737289,0.0005736351013183594
lhs,2,8,0.8413410734711084,False,0.8341987611737289,0.0005736351013183594
lhs,2,9,0.7172751747081205,False,0.8341987611737289,0.0005736351013183594
lhs,2,10,0.8085650394807756,False,0.8341987611737289,0.0005736351013183594
lhs,2,11,0.7316177376680173,True,0.8341987611737289,0.0005736351013183594
lhs,2,12,0.8519474635990882,False,0.8341987611737289,0.0005736351013183594
lhs,2,13,0.8375997899231339,False,0.8341987611737289,0.0005736351013183594
lhs,2,14,0.7810560509767522,False,0.8341987611737289,0.0005736351013183594
lhs,2,15,0.8333243088003759,False,0.8341987611737289,0.0005736351013183594
lhs,2,16,0.8393256903215958,True,0.8393256903215958,0.0005736351013183594
lhs,2,17,0.8644087473539278,False,0.8393256903215958,0.0005736351013183594
lhs,2,18,0.8037187473748912,False,0.8393256903215958,0.0005736351013183594
lhs,2,19,0.8211492700236316,False,0.8393256903215958,0.0005736351013183594
lhs,2,20,0.8595009250643172,True,0.8595009250643172,0.0005736351013183594
lhs,2,21,0.8300014559271653,False,0.8595009250643172,0.0005736351013183594
lhs,2,22,0.46937246026713736,True,0.8595009250643172,0.0005736351013183594
lhs,2,23,0.8569985113576987,False,0.8595009250643172,0.0005736351013183594
lhs,2,24,0.7690583887808774,False,0.8595009250643172,0.0005736351013183594
lhs,2,25,0.8650356945482608,False,0.8595009250643172,0.0005736351013183594
lhs,3,1,0.757132197826349,True,0.757132197826349,0.0004374980926513672
lhs,3,2,0.8542541289361146,False,0.757132197826349,0.0004374980926513672
lhs,3,3,0.8295357952728505,False,0.757132197826349,0.0004374980926513672
lhs,3,4,0.859736819730589,False,0.757132197826349,0.0004374980926513672
lhs,3,5,0.8664476891831107,False,0.757132197826349,0.0004374980926513672
lhs,3,6,0.8108770912677037,False,0.757132197826349,0.0004374980926513672
lhs,3,7,0.7635019651199261,False,0.757132197826349,0.0004374980926513672
lhs,3,8,0.6547962819168828,False,0.757132197826349,0.0004374980926513672
lhs,3,9,0.767936292136316,False,0.757132197826349,0.0004374980926513672
lhs,3,10,0.2108140591925537,True,0.757132197826349,0.0004374980926513672
lhs,3,11,0.7600398501725942,True,0.7600398501725942,0.0004374980926513672
lhs,3,12,0.7382067906576044,False,0.7600398501725942,0.0004374980926513672
lhs,3,13,0.8493117658388727,False,0.7600398501725942,0.0004374980926513672
lhs,3,14,0.8568835276378648,True,0.8568835276378648,0.0004374980926513672
lhs,3,15,0.869171090351844,False,0.8568835276378648,0.0004374980926513672
lhs,3,16,0.880088100976147,False,0.8568835276378648,0.0004374980926513672
lhs,3,17,0.8068627227703468,False,0.8568835276378648,0.0004374980926513672
lhs,3,18,0.8387222764332402,False,0.8568835276378648,0.0004374980926513672
lhs,3,19,0.3727582914718823,True,0.8568835276378648,0.0004374980926513672
lhs,3,20,0.5839995684912795,True,0.8568835276378648,0.0004374980926513672
lhs,3,21,0.8737305192205552,False,0.8568835276378648,0.0004374980926513672
lhs,3,22,0.8469299201004848,False,0.8568835276378648,0.0004374980926513672
lhs,3,23,0.6800345536410902,True,0.8568835276378648,0.0004374980926513672
lhs,3,24,0.7963587386083631,True,0.8568835276378648,0.0004374980926513672
lhs,3,25,0.8001709877213774,False,0.8568835276378648,0.0004374980926513672
lhs,4,1,0.8639836477920531,False,,0.0003883838653564453
lhs,4,2,0.8381215827812278,False,,0.0003883838653564453
lhs,4,3,0.8823288262041156,False,,0.0003883838653564453
lhs,4,4,0.8386820558729485,False,,0.0003883838653564453
lhs,4,5,0.7838174472639696,False,,0.0003883838653564453
lhs,4,6,0.8322854396935405,True,0.8322854396935405,0.0003883838653564453
lhs,4,7,0.8482172935571934,False,0.8322854396935405,0.0003883838653564453
lhs,4,8,0.8161718891117616,False,0.8322854396935405,0.0003883838653564453
lhs,4,9,0.8558239153615368,False,0.8322854396935405,0.0003883838653564453
lhs,4,10,0.852920409134492,False,0.8322854396935405,0.0003883838653564453
lhs,4,11,0.6519565481633702,True,0.8322854396935405,0.0003883838653564453
lhs,4,12,0.6725547965494298,True,0.8322854396935405,0.0003883838653564453
lhs,4,13,0.7570019499897581,False,0.8322854396935405,0.0003883838653564453
lhs,4,14,0.7929714170650766,False,0.8322854396935405,0.0003883838653564453
lhs,4,15,0.7198146435516427,False,0.8322854396935405,0.0003883838653564453
lhs,4,16,0.8264192355311857,False,0.8322854396935405,0.0003883838653564453
lhs,4,17,0.7343557939301791,True,0.8322854396935405,0.0003883838653564453
lhs,4,18,0.4867491155810943,False,0.8322854396935405,0.0003883838653564453
lhs,4,19,0.7496149397171337,False,0.8322854396935405,0.0003883838653564453
lhs,4,20,0.8705887724605478,False,0.8322854396935405,0.0003883838653564453
lhs,4,21,0.7354982452384989,False,0.8322854396935405,0.0003883838653564453
lhs,4,22,0.8569464782485336,False,0.8322854396935405,0.0003883838653564453
lhs,4,23,0.6490974710407486,True,0.8322854396935405,0.0003883838653564453
lhs,4,24,0.8640787498687968,False,0.8322854396935405,0.0003883838653564453
lhs,4,25,0.8028485415930794,True,0.8322854396935405,0.0003883838653564453
lhs,5,1,0.8090346575638209,False,,0.00030231475830078125
lhs,5,2,0.8315173788664248,True,0.8315173788664248,0.00030231475830078125
lhs,5,3,0.6208048754809015,True,0.8315173788664248,0.00030231475830078125
lhs,5,4,0.8378068027822551,False,0.8315173788664248,0.00030231475830078125
lhs,5,5,0.862828867979768,False,0.8315173788664248,0.00030231475830078125
lhs,5,6,0.7831076224652583,True,0.8315173788664248,0.00030231475830078125
lhs,5,7,0.8727196719889453,False,0.8315173788664248,0.00030231475830078125
lhs,5,8,0.6288566396782622,True,0.8315173788664248,0.00030231475830078125
lhs,5,9,0.81767736422473,False,0.8315173788664248,0.00030231475830078125
lhs,5,10,0.8563564177486676,False,0.8315173788664248,0.00030231475830078125
lhs,5,11,0.48865860272416567,True,0.8315173788664248,0.00030231475830078125
lhs,5,12,0.8117891233751148,False,0.8315173788664248,0.00030231475830078125
lhs,5,13,0.5599692549051177,False,0.8315173788664248,0.00030231475830078125
lhs,5,14,0.6525060036751461,False,0.8315173788664248,0.00030231475830078125
lhs,5,15,0.7821554045504601,False,0.8315173788664248,0.00030231475830078125
lhs,5,16,0.8769267362505514,False,0.8315173788664248,0.00030231475830078125
lhs,5,17,0.7166707948967049,False,0.8315173788664248,0.00030231475830078125
lhs,5,18,0.7973471851208914,False,0.8315173788664248,0.00030231475830078125
lhs,5,19,0.7924975289142411,False,0.8315173788664248,0.00030231475830078125
lhs,5,20,0.8323439819539635,False,0.8315173788664248,0.00030231475830078125
lhs,5,21,0.8483032672765177,False,0.8315173788664248,0.00030231475830078125
lhs,5,22,0.821156618141892,True,0.8315173788664248,0.00030231475830078125
lhs,5,23,0.8374966795426276,False,0.8315173788664248,0.00030231475830078125
lhs,5,24,0.8509727213813799,False,0.8315173788664248,0.00030231475830078125
lhs,5,25,0.8264405738572883,False,0.8315173788664248,0.00030231475830078125
lhs,6,1,0.84644786570779,False,,0.0001952648162841797
lhs,6,2,0.7352437561647738,False,,0.0001952648162841797
lhs,6,3,0.8603027866893366,False,,0.0001952648162841797
lhs,6,4,0.8905334255603772,False,,0.0001952648162841797
lhs,6,5,0.84206838167073,False,,0.0001952648162841797
lhs,6,6,0.8719384455042378,False,,0.0001952648162841797
lhs,6,7,0.8111974149899696,False,,0.0001952648162841797
lhs,6,8,0.8793042179458139,False,,0.0001952648162841797
lhs,6,9,0.7987172461846345,False,,0.0001952648162841797
lhs,6,10,0.842865513653888,False,,0.0001952648162841797
lhs,6,11,0.7787939593214707,False,,0.0001952648162841797
lhs,6,12,0.7533867050047132,True,0.7533867050047132,0.0001952648162841797
lhs,6,13,0.8581937285234584,False,0.7533867050047132,0.0001952648162841797
lhs,6,14,0.8187848346233567,False,0.7533867050047132,0.0001952648162841797
lhs,6,15,0.860510311968601,False,0.7533867050047132,0.0001952648162841797
lhs,6,16,0.12171589334145619,True,0.7533867050047132,0.0001952648162841797
lhs,6,17,0.8645957910276625,False,0.7533867050047132,0.0001952648162841797
lhs,6,18,0.8305688174227919,True,0.8305688174227919,0.0001952648162841797
lhs,6,19,0.7133575708536801,False,0.8305688174227919,0.0001952648162841797
lhs,6,20,0.8374839216665445,False,0.8305688174227919,0.0001952648162841797
lhs,6,21,0.7534538484667092,False,0.8305688174227919,0.0001952648162841797
lhs,6,22,0.46781176703445293,True,0.8305688174227919,0.0001952648162841797
lhs,6,23,0.8449686623213732,False,0.8305688174227919,0.0001952648162841797
lhs,6,24,0.3742062094213041,True,0.8305688174227919,0.0001952648162841797
lhs,6,25,0.827992133311967,False,0.8305688174227919,0.0001952648162841797
lhs,7,1,0.8538766511364028,False,,0.0001914501190185547
lhs,7,2,0.8509364267391314,False,,0.0001914501190185547
lhs,7,3,0.6613547900278584,False,,0.0001914501190185547
lhs,7,4,0.8571100953605107,False,,0.0001914501190185547
lhs,7,5,0.5325599461505979,True,0.5325599461505979,0.0001914501190185547
lhs,7,6,0.8629623461524659,False,0.5325599461505979,0.0001914501190185547
lhs,7,7,0.845468713718446,False,0.5325599461505979,0.0001914501190185547
lhs,7,8,0.8124519035931089,False,0.5325599461505979,0.0001914501190185547
lhs,7,9,0.6084848214486566,True,0.6084848214486566,0.0001914501190185547
lhs,7,10,0.8533093742003193,True,0.8533093742003193,0.0001914501190185547
lhs,7,11,0.8532619098007808,False,0.8533093742003193,0.0001914501190185547
lhs,7,12,0.8329463416851609,False,0.8533093742003193,0.0001914501190185547
lhs,7,13,0.8801173085642204,False,0.8533093742003193,0.0001914501190185547
lhs,7,14,0.3569272976965543,True,0.8533093742003193,0.0001914501190185547
lhs,7,15,0.8145733794638098,False,0.8533093742003193,0.0001914501190185547
lhs,7,16,0.8074767834588773,False,0.8533093742003193,0.0001914501190185547
lhs,7,17,0.47955004518992117,True,0.8533093742003193,0.0001914501190185547
lhs,7,18,0.8664919720347554,False,0.8533093742003193,0.0001914501190185547
lhs,7,19,0.8565798501328684,False,0.8533093742003193,0.0001914501190185547
lhs,7,20,0.8035219366779769,True,0.8533093742003193,0.0001914501190185547
lhs,7,21,0.7902404188970382,False,0.8533093742003193,0.0001914501190185547
lhs,7,22,0.7896070352562905,False,0.8533093742003193,0.0001914501190185547
lhs,7,23,0.7601901736409727,False,0.8533093742003193,0.0001914501190185547
lhs,7,24,0.8688085690506628,False,0.8533093742003193,0.0001914501190185547
lhs,7,25,0.8594142094672432,False,0.8533093742003193,0.0001914501190185547
lhs,8,1,0.6839559952811489,False,,0.00016498565673828125
lhs,8,2,0.7215349023511627,False,,0.00016498565673828125
lhs,8,3,0.8099623759672444,True,0.8099623759672444,0.00016498565673828125
lhs,8,4,0.7208986723208612,False,0.8099623759672444,0.00016498565673828125
lhs,8,5,0.8485678274751353,False,0.8099623759672444,0.00016498565673828125
lhs,8,6,0.7763393934110908,False,0.8099623759672444,0.00016498565673828125
lhs,8,7,0.8522672057273175,False,0.8099623759672444,0.00016498565673828125
lhs,8,8,0.4701107790731396,True,0.8099623759672444,0.00016498565673828125
lhs,8,9,0.8514537763360354,False,0.8099623759672444,0.00016498565673828125
lhs,8,10,0.8772656432204857,False,0.8099623759672444,0.00016498565673828125
lhs,8,11,0.6068342735091056,True,0.8099623759672444,0.00016498565673828125
lhs,8,12,0.8190450362700356,True,0.8190450362700356,0.00016498565673828125
lhs,8,13,0.8336175384412579,False,0.8190450362700356,0.00016498565673828125
lhs,8,14,0.8794551912724197,False,0.8190450362700356,0.00016498565673828125
lhs,8,15,0.8236716057085255,False,0.8190450362700356,0.00016498565673828125
lhs,8,16,0.8617844105313608,False,0.8190450362700356,0.00016498565673828125
lhs,8,17,0.5679161148370262,True,0.8190450362700356,0.00016498565673828125
lhs,8,18,0.5916101304933387,True,0.8190450362700356,0.00016498565673828125
lhs,8,19,0.8282587880684192,False,0.8190450362700356,0.00016498565673828125
lhs,8,20,0.8240105978654998,False,0.8190450362700356,0.00016498565673828125
lhs,8,21,0.8276445499033108,False,0.8190450362700356,0.00016498565673828125
lhs,8,22,0.8652229014079876,False,0.8190450362700356,0.00016498565673828125
lhs,8,23,0.8368522801695463,False,0.8190450362700356,0.00016498565673828125
lhs,8,24,0.8487146065669748,False,0.8190450362700356,0.00016498565673828125
lhs,8,25,0.8379369356759943,False,0.8190450362700356,0.00016498565673828125
lhs,9,1,0.8328189595722243,False,,0.00013327598571777344
lhs,9,2,0.6313500124736793,True,0.6313500124736793,0.00013327598571777344
lhs,9,3,0.8623771568076032,False,0.6313500124736793,0.00013327598571777344
lhs,9,4,0.7363874331739615,False,0.6313500124736793,0.00013327598571777344
lhs,9,5,0.8527113681638372,False,0.6313500124736793,0.00013327598571777344
lhs,9,6,0.8691271373064662,False,0.6313500124736793,0.00013327598571777344
lhs,9,7,0.8400269848235916,False,0.6313500124736793,0.00013327598571777344
lhs,9,8,0.7723417419769257,True,0.7723417419769257,0.00013327598571777344
lhs,9,9,0.8292626613082479,False,0.7723417419769257,0.00013327598571777344
lhs,9,10,0.8180195591970348,True,0.8180195591970348,0.00013327598571777344
lhs,9,11,0.5089911313475898,True,0.8180195591970348,0.00013327598571777344
lhs,9,12,0.832385651457719,False,0.8180195591970348,0.00013327598571777344
lhs,9,13,0.8146715223836694,True,0.8180195591970348,0.00013327598571777344
lhs,9,14,0.7228177052809078,False,0.8180195591970348,0.00013327598571777344
lhs,9,15,0.5322881976217807,True,0.8180195591970348,0.00013327598571777344
lhs,9,16,0.8622557882741327,False,0.8180195591970348,0.00013327598571777344
lhs,9,17,0.8078868790508611,False,0.8180195591970348,0.00013327598571777344
lhs,9,18,0.8317159261007422,False,0.8180195591970348,0.00013327598571777344
lhs,9,19,0.7040149710190295,True,0.8180195591970348,0.00013327598571777344
lhs,9,20,0.8103674291952327,True,0.8180195591970348,0.00013327598571777344
lhs,9,21,0.7886141877689008,True,0.8180195591970348,0.00013327598571777344
lhs,9,22,0.8297549460288763,False,0.8180195591970348,0.00013327598571777344
lhs,9,23,0.6229729495380153,True,0.8180195591970348,0.00013327598571777344
lhs,9,24,0.8365063005551268,False,0.8180195591970348,0.00013327598571777344
lhs,9,25,0.8609355677322411,False,0.8180195591970348,0.00013327598571777344
lhs,10,1,0.878314272935736,False,,0.0001266002655029297
lhs,10,2,0.5648235037718766,True,0.5648235037718766,0.0001266002655029297
lhs,10,3,0.8378315333026971,False,0.5648235037718766,0.0001266002655029297
lhs,10,4,0.8237028191577989,False,0.5648235037718766,0.0001266002655029297
lhs,10,5,0.8563630947080209,False,0.5648235037718766,0.0001266002655029297
lhs,10,6,0.8132089616801134,False,0.5648235037718766,0.0001266002655029297
lhs,10,7,0.7998692191140016,False,0.5648235037718766,0.0001266002655029297
lhs,10,8,0.883314444753695,False,0.5648235037718766,0.0001266002655029297
lhs,10,9,0.7669208677059336,True,0.7669208677059336,0.0001266002655029297
lhs,10,10,0.8893635223199137,False,0.7669208677059336,0.0001266002655029297
lhs,10,11,0.721400894218243,True,0.7669208677059336,0.0001266002655029297
lhs,10,12,0.8312931254463393,False,0.7669208677059336,0.0001266002655029297
lhs,10,13,0.7684137969246038,False,0.7669208677059336,0.0001266002655029297
lhs,10,14,0.7185655990351452,True,0.7669208677059336,0.0001266002655029297
lhs,10,15,0.5371823225549078,True,0.7669208677059336,0.0001266002655029297
lhs,10,16,0.6504922085725947,True,0.7669208677059336,0.0001266002655029297
lhs,10,17,0.6016880015782792,False,0.7669208677059336,0.0001266002655029297
lhs,10,18,0.7500652638846778,False,0.7669208677059336,0.0001266002655029297
lhs,10,19,0.7379508999048892,True,0.7669208677059336,0.0001266002655029297
lhs,10,20,0.8539731260687772,False,0.7669208677059336,0.0001266002655029297
lhs,10,21,0.7909844698621874,True,0.7909844698621874,0.0001266002655029297
lhs,10,22,0.8766330259440873,False,0.7909844698621874,0.0001266002655029297
lhs,10,23,0.849050354930861,False,0.7909844698621874,0.0001266002655029297
lhs,10,24,0.8628407971495693,False,0.7909844698621874,0.0001266002655029297
lhs,10,25,0.7851379169669037,False,0.7909844698621874,0.0001266002655029297
lhs,11,1,0.7947035309154097,False,,0.00012111663818359375
lhs,11,2,0.8188827082121642,False,,0.00012111663818359375
lhs,11,3,0.7959274849469293,False,,0.00012111663818359375
lhs,11,4,0.8591293168013947,False,,0.00012111663818359375
lhs,11,5,0.8404922611369157,False,,0.00012111663818359375
lhs,11,6,0.8247019406084305,False,,0.00012111663818359375
lhs,11,7,0.8824430324192205,False,,0.00012111663818359375
lhs,11,8,0.8622990291612292,False,,0.00012111663818359375
lhs,11,9,0.7240527858012578,False,,0.00012111663818359375
lhs,11,10,0.8820051444183584,False,,0.00012111663818359375
lhs,11,11,0.7892332571156168,True,0.7892332571156168,0.00012111663818359375
lhs,11,12,0.6057494087704418,True,0.7892332571156168,0.00012111663818359375
lhs,11,13,0.7796993262059646,True,0.7892332571156168,0.00012111663818359375
lhs,11,14,0.7364095483174411,False,0.7892332571156168,0.00012111663818359375
lhs,11,15,0.8117890512655923,False,0.7892332571156168,0.00012111663818359375
lhs,11,16,0.8317570906322668,False,0.7892332571156168,0.00012111663818359375
lhs,11,17,0.5121763275083344,True,0.7892332571156168,0.00012111663818359375
lhs,11,18,0.7869016589889322,False,0.7892332571156168,0.00012111663818359375
lhs,11,19,0.8308185862755565,True,0.8308185862755565,0.00012111663818359375
lhs,11,20,0.8360806575481505,False,0.8308185862755565,0.00012111663818359375
lhs,11,21,0.5602329706360727,False,0.8308185862755565,0.00012111663818359375
lhs,11,22,0.8694435185458851,False,0.8308185862755565,0.00012111663818359375
lhs,11,23,0.7725994739219074,False,0.8308185862755565,0.00012111663818359375
lhs,11,24,0.8729481401758743,True,0.8729481401758743,0.00012111663818359375
lhs,11,25,0.788200503546469,True,0.8729481401758743,0.00012111663818359375
lhs,12,1,0.8762634594751808,False,,0.0001220703125
lhs,12,2,0.8425236577558918,False,,0.0001220703125
lhs,12,3,0.5928890472480578,True,0.5928890472480578,0.0001220703125
lhs,12,4,0.8765478076417275,False,0.5928890472480578,0.0001220703125
lhs,12,5,0.7608179999994484,False,0.5928890472480578,0.0001220703125
lhs,12,6,0.6642651981948652,True,0.6642651981948652,0.0001220703125
lhs,12,7,0.29363014378295116,True,0.6642651981948652,0.0001220703125
lhs,12,8,0.8371471536717108,True,0.8371471536717108,0.0001220703125
lhs,12,9,0.8297990324493103,False,0.8371471536717108,0.0001220703125
lhs,12,10,0.8699533067311056,False,0.8371471536717108,0.0001220703125
lhs,12,11,0.819058616182827,True,0.8371471536717108,0.0001220703125
lhs,12,12,0.8275310603732629,False,0.8371471536717108,0.0001220703125
lhs,12,13,0.8386588519285866,False,0.8371471536717108,0.0001220703125
lhs,12,14,0.7331341200779414,True,0.8371471536717108,0.0001220703125
lhs,12,15,0.8010692509292865,False,0.8371471536717108,0.0001220703125
lhs,12,16,0.7500312737046383,True,0.8371471536717108,0.0001220703125
lhs,12,17,0.7422754292926549,False,0.8371471536717108,0.0001220703125
lhs,12,18,0.8763378932592635,False,0.8371471536717108,0.0001220703125
lhs,12,19,0.8276981571212264,False,0.8371471536717108,0.0001220703125
lhs,12,20,0.7102960486895706,True,0.8371471536717108,0.0001220703125
lhs,12,21,0.7962698202784395,False,0.8371471536717108,0.0001220703125
lhs,12,22,0.8357797777512022,False,0.8371471536717108,0.0001220703125
lhs,12,23,0.8678397008100428,False,0.8371471536717108,0.0001220703125
lhs,12,24,0.8814422845671286,False,0.8371471536717108,0.0001220703125
lhs,12,25,0.7986013818571095,False,0.8371471536717108,0.0001220703125
lhs,13,1,0.7685616186736387,False,,0.000118255615234375
lhs,13,2,0.8304326275512985,False,,0.000118255615234375
lhs,13,3,0.5898501760519514,True,0.5898501760519514,0.000118255615234375
lhs,13,4,0.613142765071866,True,0.613142765071866,0.000118255615234375
lhs,13,5,0.7558560327379333,True,0.7558560327379333,0.000118255615234375
lhs,13,6,0.8182791763086965,False,0.7558560327379333,0.000118255615234375
lhs,13,7,0.7727855730576298,False,0.7558560327379333,0.000118255615234375
lhs,13,8,0.3069344073725998,True,0.7558560327379333,0.000118255615234375
lhs,13,9,0.8417703921646444,False,0.7558560327379333,0.000118255615234375
lhs,13,10,0.8434799986642174,False,0.7558560327379333,0.000118255615234375
lhs,13,11,0.8172638623179539,True,0.8172638623179539,0.000118255615234375
lhs,13,12,0.8251194092344681,False,0.8172638623179539,0.000118255615234375
lhs,13,13,0.8598273477649898,False,0.8172638623179539,0.000118255615234375
lhs,13,14,0.7345667607574476,True,0.8172638623179539,0.000118255615234375
lhs,13,15,0.7959929249939834,False,0.8172638623179539,0.000118255615234375
lhs,13,16,0.8732938777296734,False,0.8172638623179539,0.000118255615234375
lhs,13,17,0.8730275915683534,False,0.8172638623179539,0.000118255615234375
lhs,13,18,0.8479155269581008,False,0.8172638623179539,0.000118255615234375
lhs,13,19,0.8368888084102114,False,0.8172638623179539,0.000118255615234375
lhs,13,20,0.8529335812479982,False,0.8172638623179539,0.000118255615234375
lhs,13,21,0.8600952525744519,False,0.8172638623179539,0.000118255615234375
lhs,13,22,0.27695107857827495,True,0.8172638623179539,0.000118255615234375
lhs,13,23,0.8810854807798865,False,0.8172638623179539,0.000118255615234375
lhs,13,24,0.8758609221601578,False,0.8172638623179539,0.000118255615234375
lhs,13,25,0.7686261172538787,False,0.8172638623179539,0.000118255615234375
lhs,14,1,0.8500939343417384,False,,0.00016880035400390625
lhs,14,2,0.7134564298049734,True,0.7134564298049734,0.00016880035400390625
lhs,14,3,0.841992506094135,True,0.841992506094135,0.00016880035400390625
lhs,14,4,0.8912190864766044,False,0.841992506094135,0.00016880035400390625
lhs,14,5,0.805750925307856,False,0.841992506094135,0.00016880035400390625
lhs,14,6,0.6223619781034401,True,0.841992506094135,0.00016880035400390625
lhs,14,7,0.7752708083189966,False,0.841992506094135,0.00016880035400390625
lhs,14,8,0.8503647821754811,False,0.841992506094135,0.00016880035400390625
lhs,14,9,0.834755626730599,False,0.841992506094135,0.00016880035400390625
lhs,14,10,0.7268093814461677,True,0.841992506094135,0.00016880035400390625
lhs,14,11,0.44570344893361913,False,0.841992506094135,0.00016880035400390625
lhs,14,12,0.8416330893289559,False,0.841992506094135,0.00016880035400390625
lhs,14,13,0.8392017546203265,False,0.841992506094135,0.00016880035400390625
lhs,14,14,0.7512565225963362,True,0.841992506094135,0.00016880035400390625
lhs,14,15,0.8635665329115032,False,0.841992506094135,0.00016880035400390625
lhs,14,16,0.6530146959139962,True,0.841992506094135,0.00016880035400390625
lhs,14,17,0.8880017416780993,False,0.841992506094135,0.00016880035400390625
lhs,14,18,0.840866830996545,False,0.841992506094135,0.00016880035400390625
lhs,14,19,0.8373683100846324,True,0.841992506094135,0.00016880035400390625
lhs,14,20,0.5210827587189699,True,0.841992506094135,0.00016880035400390625
lhs,14,21,0.7648270083043186,False,0.841992506094135,0.00016880035400390625
lhs,14,22,0.8763097097928887,False,0.841992506094135,0.00016880035400390625
lhs,14,23,0.8182987040016282,False,0.841992506094135,0.00016880035400390625
lhs,14,24,0.7926426788320461,False,0.841992506094135,0.00016880035400390625
lhs,14,25,0.8540899252361329,False,0.841992506094135,0.00016880035400390625
lhs,15,1,0.8761634821401374,False,,0.00011610984802246094
lhs,15,2,0.8625340837014092,False,,0.00011610984802246094
lhs,15,3,0.858148864680387,False,,0.00011610984802246094
lhs,15,4,0.8131454721926472,False,,0.00011610984802246094
lhs,15,5,0.7881807431227091,False,,0.00011610984802246094
lhs,15,6,0.7441101011872273,False,,0.00011610984802246094
lhs,15,7,0.8220779329354304,False,,0.00011610984802246094
lhs,15,8,0.8770324758756824,True,0.8770324758756824,0.00011610984802246094
lhs,15,9,0.7442049411184501,False,0.8770324758756824,0.00011610984802246094
lhs,15,10,0.8375670934369606,False,0.8770324758756824,0.00011610984802246094
lhs,15,11,0.8932430897368705,False,0.8770324758756824,0.00011610984802246094
lhs,15,12,0.6777633731530701,False,0.8770324758756824,0.00011610984802246094
lhs,15,13,0.826921593121309,False,0.8770324758756824,0.00011610984802246094
lhs,15,14,0.7916021638579629,False,0.8770324758756824,0.00011610984802246094
lhs,15,15,0.7287594766454998,True,0.8770324758756824,0.00011610984802246094
lhs,15,16,0.8736812998487723,False,0.8770324758756824,0.00011610984802246094
lhs,15,17,0.8718122005281865,False,0.8770324758756824,0.00011610984802246094
lhs,15,18,0.8684261556774352,False,0.8770324758756824,0.00011610984802246094
lhs,15,19,0.5096265025211137,True,0.8770324758756824,0.00011610984802246094
lhs,15,20,0.20860567830325444,True,0.8770324758756824,0.00011610984802246094
lhs,15,21,0.6611809685706088,False,0.8770324758756824,0.00011610984802246094
lhs,15,22,0.8872340331484314,False,0.8770324758756824,0.00011610984802246094
lhs,15,23,0.7064122702546666,False,0.8770324758756824,0.00011610984802246094
lhs,15,24,0.8358720743070798,False,0.8770324758756824,0.00011610984802246094
lhs,15,25,0.8461093843489248,False,0.8770324758756824,0.00011610984802246094
lhs,16,1,0.565606693053206,False,,0.00010728836059570312
lhs,16,2,0.8007698016255981,True,0.8007698016255981,0.00010728836059570312
lhs,16,3,0.8678916202610776,False,0.8007698016255981,0.00010728836059570312
lhs,16,4,0.8443724721427289,True,0.8443724721427289,0.00010728836059570312
lhs,16,5,0.8207307556239467,False,0.8443724721427289,0.00010728836059570312
lhs,16,6,0.854812989138694,False,0.8443724721427289,0.00010728836059570312
lhs,16,7,0.8055027498079164,False,0.8443724721427289,0.00010728836059570312
lhs,16,8,0.7983511140520884,False,0.8443724721427289,0.00010728836059570312
lhs,16,9,0.8032783915611719,False,0.8443724721427289,0.00010728836059570312
lhs,16,10,0.8094425235022084,False,0.8443724721427289,0.00010728836059570312
lhs,16,11,0.8859280259941777,False,0.8443724721427289,0.00010728836059570312
lhs,16,12,0.7067341650647253,True,0.8443724721427289,0.00010728836059570312
lhs,16,13,0.7859939517531674,False,0.8443724721427289,0.00010728836059570312
lhs,16,14,0.8589650344621609,False,0.8443724721427289,0.00010728836059570312
lhs,16,15,0.8261368869512107,False,0.8443724721427289,0.00010728836059570312
lhs,16,16,0.7601903763173821,True,0.8443724721427289,0.00010728836059570312
lhs,16,17,0.8777552033632368,False,0.8443724721427289,0.00010728836059570312
lhs,16,18,0.778348051360336,True,0.8443724721427289,0.00010728836059570312
lhs,16,19,0.8589235163585451,False,0.8443724721427289,0.00010728836059570312
lhs,16,20,0.826834489779848,True,0.8443724721427289,0.00010728836059570312
lhs,16,21,0.7908454055528756,False,0.8443724721427289,0.00010728836059570312
lhs,16,22,0.699030307731763,False,0.8443724721427289,0.00010728836059570312
lhs,16,23,0.7640658868469663,True,0.8443724721427289,0.00010728836059570312
lhs,16,24,0.8339815464083697,False,0.8443724721427289,0.00010728836059570312
lhs,16,25,0.806778292880085,True,0.8443724721427289,0.00010728836059570312
lhs,17,1,0.8314529059994628,False,,0.00011420249938964844
lhs,17,2,0.8166931093046164,False,,0.00011420249938964844
lhs,17,3,0.765457511749171,True,0.765457511749171,0.00011420249938964844
lhs,17,4,0.8044100795705835,True,0.8044100795705835,0.00011420249938964844
lhs,17,5,0.8234269369374222,False,0.8044100795705835,0.00011420249938964844
lhs,17,6,0.8851242894658191,False,0.8044100795705835,0.00011420249938964844
lhs,17,7,0.8363754324645571,False,0.8044100795705835,0.00011420249938964844
lhs,17,8,0.7826714806187672,False,0.8044100795705835,0.00011420249938964844
lhs,17,9,0.7998205951978429,False,0.8044100795705835,0.00011420249938964844
lhs,17,10,0.8382331058870693,False,0.8044100795705835,0.00011420249938964844
lhs,17,11,0.8774136270255488,False,0.8044100795705835,0.00011420249938964844
lhs,17,12,0.739877857652742,False,0.8044100795705835,0.00011420249938964844
lhs,17,13,0.8923966294532989,False,0.8044100795705835,0.00011420249938964844
lhs,17,14,0.8281139875701409,False,0.8044100795705835,0.00011420249938964844
lhs,17,15,0.5339174103813074,True,0.8044100795705835,0.00011420249938964844
lhs,17,16,0.7958298409019031,False,0.8044100795705835,0.00011420249938964844
lhs,17,17,0.8004370989695279,False,0.8044100795705835,0.00011420249938964844
lhs,17,18,0.8556930759926404,False,0.8044100795705835,0.00011420249938964844
lhs,17,19,0.7867671630227053,False,0.8044100795705835,0.00011420249938964844
lhs,17,20,0.4828964467139699,True,0.8044100795705835,0.00011420249938964844
lhs,17,21,0.8418461851423148,False,0.8044100795705835,0.00011420249938964844
lhs,17,22,0.5120254376440981,False,0.8044100795705835,0.00011420249938964844
lhs,17,23,0.7604261429571365,True,0.8044100795705835,0.00011420249938964844
lhs,17,24,0.8360835856296301,False,0.8044100795705835,0.00011420249938964844
lhs,17,25,0.3691329002714358,True,0.8044100795705835,0.00011420249938964844
lhs,18,1,0.7282331646375747,False,,0.00010895729064941406
lhs,18,2,0.8238811665905568,False,,0.00010895729064941406
lhs,18,3,0.8466184092712312,False,,0.00010895729064941406
lhs,18,4,0.880547829292521,False,,0.00010895729064941406
lhs,18,5,0.6249375516072972,True,0.6249375516072972,0.00010895729064941406
lhs,18,6,0.7965607940387587,False,0.6249375516072972,0.00010895729064941406
lhs,18,7,0.812553893061843,False,0.6249375516072972,0.00010895729064941406
lhs,18,8,0.8426504529817841,False,0.6249375516072972,0.00010895729064941406
lhs,18,9,0.7864871675408848,True,0.7864871675408848,0.00010895729064941406
lhs,18,10,0.8480315880053748,False,0.7864871675408848,0.00010895729064941406
lhs,18,11,0.7273847505357441,True,0.7864871675408848,0.00010895729064941406
lhs,18,12,0.7568476915956547,True,0.7864871675408848,0.00010895729064941406
lhs,18,13,0.8745625534381202,False,0.7864871675408848,0.00010895729064941406
lhs,18,14,0.8501807922125406,False,0.7864871675408848,0.00010895729064941406
lhs,18,15,0.6515276248058433,True,0.7864871675408848,0.00010895729064941406
lhs,18,16,0.8476067861180516,False,0.7864871675408848,0.00010895729064941406
lhs,18,17,0.6885981971356887,False,0.7864871675408848,0.00010895729064941406
lhs,18,18,0.8694208534121174,False,0.7864871675408848,0.00010895729064941406
lhs,18,19,0.8767278944835334,False,0.7864871675408848,0.00010895729064941406
lhs,18,20,0.5882353508380218,False,0.7864871675408848,0.00010895729064941406
lhs,18,21,0.8925460980283986,False,0.7864871675408848,0.00010895729064941406
lhs,18,22,0.5183159250402745,True,0.7864871675408848,0.00010895729064941406
lhs,18,23,0.7855854019427302,False,0.7864871675408848,0.00010895729064941406
lhs,18,24,0.8475841369017593,False,0.7864871675408848,0.00010895729064941406
lhs,18,25,0.735099531777918,False,0.7864871675408848,0.00010895729064941406
lhs,19,1,0.7564236695610868,True,0.7564236695610868,0.0001385211944580078
lhs,19,2,0.8568206644189009,False,0.7564236695610868,0.0001385211944580078
lhs,19,3,0.8274331501190066,False,0.7564236695610868,0.0001385211944580078
lhs,19,4,0.8323254632669017,False,0.7564236695610868,0.0001385211944580078
lhs,19,5,0.7985996762204455,False,0.7564236695610868,0.0001385211944580078
lhs,19,6,0.4586963733224911,True,0.7564236695610868,0.0001385211944580078
lhs,19,7,0.8523874797807389,False,0.7564236695610868,0.0001385211944580078
lhs,19,8,0.87453233783323,False,0.7564236695610868,0.0001385211944580078
lhs,19,9,0.7860797881405157,False,0.7564236695610868,0.0001385211944580078
lhs,19,10,0.3994575720289067,True,0.7564236695610868,0.0001385211944580078
lhs,19,11,0.8497872866624457,False,0.7564236695610868,0.0001385211944580078
lhs,19,12,0.7300859463539278,False,0.7564236695610868,0.0001385211944580078
lhs,19,13,0.7915076487321401,False,0.7564236695610868,0.0001385211944580078
lhs,19,14,0.7780457913895651,True,0.7780457913895651,0.0001385211944580078
lhs,19,15,0.8845754367103023,False,0.7780457913895651,0.0001385211944580078
lhs,19,16,0.7903335694235282,True,0.7903335694235282,0.0001385211944580078
lhs,19,17,0.8850979768543406,False,0.7903335694235282,0.0001385211944580078
lhs,19,18,0.8256147676525937,False,0.7903335694235282,0.0001385211944580078
lhs,19,19,0.7808607792650242,False,0.7903335694235282,0.0001385211944580078
lhs,19,20,0.8302676942265814,False,0.7903335694235282,0.0001385211944580078
lhs,19,21,0.7710377089730951,True,0.7903335694235282,0.0001385211944580078
lhs,19,22,0.7113288732896408,True,0.7903335694235282,0.0001385211944580078
lhs,19,23,0.8476279286172135,False,0.7903335694235282,0.0001385211944580078
lhs,19,24,0.8535725188213973,False,0.7903335694235282,0.0001385211944580078
lhs,19,25,0.7976838248968773,True,0.7976838248968773,0.0001385211944580078
lhs,20,1,0.8968866877477296,False,,0.00012302398681640625
lhs,20,2,0.765062337907844,False,,0.00012302398681640625
lhs,20,3,0.7722912315100212,True,0.7722912315100212,0.00012302398681640625
lhs,20,4,0.837269612115127,False,0.7722912315100212,0.00012302398681640625
lhs,20,5,0.5608957540044011,True,0.7722912315100212,0.00012302398681640625
lhs,20,6,0.8635164860315546,False,0.7722912315100212,0.00012302398681640625
lhs,20,7,0.7979554156891506,False,0.7722912315100212,0.00012302398681640625
lhs,20,8,0.2354010964140757,True,0.7722912315100212,0.00012302398681640625
lhs,20,9,0.7847056662144256,True,0.7847056662144256,0.00012302398681640625
lhs,20,10,0.8360864217594784,True,0.8360864217594784,0.00012302398681640625
lhs,20,11,0.7780531629538665,False,0.8360864217594784,0.00012302398681640625
lhs,20,12,0.8334717396372551,False,0.8360864217594784,0.00012302398681640625
lhs,20,13,0.8247938620974344,False,0.8360864217594784,0.00012302398681640625
lhs,20,14,0.8008133245326237,False,0.8360864217594784,0.00012302398681640625
lhs,20,15,0.82605700596146,False,0.8360864217594784,0.00012302398681640625
lhs,20,16,0.8295156182398838,False,0.8360864217594784,0.00012302398681640625
lhs,20,17,0.8439389071960396,False,0.8360864217594784,0.00012302398681640625
lhs,20,18,0.7349013581307954,False,0.8360864217594784,0.00012302398681640625
lhs,20,19,0.873569257270232,False,0.8360864217594784,0.00012302398681640625
lhs,20,20,0.8613759848877582,False,0.8360864217594784,0.00012302398681640625
lhs,20,21,0.8814626728706807,False,0.8360864217594784,0.00012302398681640625
lhs,20,22,0.6589988978247046,True,0.8360864217594784,0.00012302398681640625
lhs,20,23,0.8033858897437226,False,0.8360864217594784,0.00012302398681640625
lhs,20,24,0.8314674780136296,False,0.8360864217594784,0.00012302398681640625
lhs,20,25,0.6287708091449239,True,0.8360864217594784,0.00012302398681640625
lhs,21,1,0.6849996480705508,False,,0.00010609626770019531
lhs,21,2,0.6282192760067502,False,,0.00010609626770019531
lhs,21,3,0.3347113623144734,True,0.3347113623144734,0.00010609626770019531
lhs,21,4,0.8161884614721986,False,0.3347113623144734,0.00010609626770019531
lhs,21,5,0.8291494836315662,False,0.3347113623144734,0.00010609626770019531
lhs,21,6,0.870334372637006,False,0.3347113623144734,0.00010609626770019531
lhs,21,7,0.8536635108244436,False,0.3347113623144734,0.00010609626770019531
lhs,21,8,0.8481369724607137,False,0.3347113623144734,0.00010609626770019531
lhs,21,9,0.7605254859629196,False,0.3347113623144734,0.00010609626770019531
lhs,21,10,0.8061977727850861,False,0.3347113623144734,0.00010609626770019531
lhs,21,11,0.8096899374074863,False,0.3347113623144734,0.00010609626770019531
lhs,21,12,0.8192785590007671,False,0.3347113623144734,0.00010609626770019531
lhs,21,13,0.8397159059664425,False,0.3347113623144734,0.00010609626770019531
lhs,21,14,0.6722581444157716,True,0.6722581444157716,0.00010609626770019531
lhs,21,15,0.8728656244946326,False,0.6722581444157716,0.00010609626770019531
lhs,21,16,0.8219988123002081,False,0.6722581444157716,0.00010609626770019531
lhs,21,17,0.7906836641664152,True,0.7906836641664152,0.00010609626770019531
lhs,21,18,0.6636500779026141,True,0.7906836641664152,0.00010609626770019531
lhs,21,19,0.854779648163191,False,0.7906836641664152,0.00010609626770019531
lhs,21,20,0.8105710998122412,True,0.8105710998122412,0.00010609626770019531
lhs,21,21,0.8695161355190958,False,0.8105710998122412,0.00010609626770019531
lhs,21,22,0.8421948838099818,False,0.8105710998122412,0.00010609626770019531
lhs,21,23,0.7577607227721205,False,0.8105710998122412,0.00010609626770019531
lhs,21,24,0.7591853083811345,False,0.8105710998122412,0.00010609626770019531
lhs,21,25,0.8235466587214095,False,0.8105710998122412,0.00010609626770019531
lhs,22,1,0.8350875607294314,False,,0.00011515617370605469
lhs,22,2,0.8837872196896699,False,,0.00011515617370605469
lhs,22,3,0.6372417190359468,True,0.6372417190359468,0.00011515617370605469
lhs,22,4,0.8156226613602853,False,0.6372417190359468,0.00011515617370605469
lhs,22,5,0.8333660981669287,False,0.6372417190359468,0.00011515617370605469
lhs,22,6,0.8904486144201533,False,0.6372417190359468,0.00011515617370605469
lhs,22,7,0.7381591182138191,True,0.7381591182138191,0.00011515617370605469
lhs,22,8,0.652786640104499,False,0.7381591182138191,0.00011515617370605469
lhs,22,9,0.7573506749285709,False,0.7381591182138191,0.00011515617370605469
lhs,22,10,0.665771708265958,True,0.7381591182138191,0.00011515617370605469
lhs,22,11,0.5773979960475781,True,0.7381591182138191,0.00011515617370605469
lhs,22,12,0.7950798777276329,True,0.7950798777276329,0.00011515617370605469
lhs,22,13,0.8334966272272519,False,0.7950798777276329,0.00011515617370605469
lhs,22,14,0.8225006526581269,True,0.8225006526581269,0.00011515617370605469
lhs,22,15,0.7964394867386762,False,0.8225006526581269,0.00011515617370605469
lhs,22,16,0.8445818131785091,False,0.8225006526581269,0.00011515617370605469
lhs,22,17,0.8841753784811704,False,0.8225006526581269,0.00011515617370605469
lhs,22,18,0.7942143605929047,False,0.8225006526581269,0.00011515617370605469
lhs,22,19,0.850640531775815,False,0.8225006526581269,0.00011515617370605469
lhs,22,20,0.8415816165007908,False,0.8225006526581269,0.00011515617370605469
lhs,22,21,0.8221226858248728,False,0.8225006526581269,0.00011515617370605469
lhs,22,22,0.6227090848269008,False,0.8225006526581269,0.00011515617370605469
lhs,22,23,0.8249825326123547,False,0.8225006526581269,0.00011515617370605469
lhs,22,24,0.867354562745793,False,0.8225006526581269,0.00011515617370605469
lhs,22,25,0.8016575146366791,True,0.8225006526581269,0.00011515617370605469
lhs,23,1,0.8713649778658423,False,,0.00010943412780761719
lhs,23,2,0.7574329305213745,False,,0.00010943412780761719
lhs,23,3,0.7179038059179375,False,,0.00010943412780761719
lhs,23,4,0.8828637639530135,False,,0.00010943412780761719
lhs,23,5,0.8380683918326404,False,,0.00010943412780761719
lhs,23,6,0.8863303830196083,False,,0.00010943412780761719
lhs,23,7,0.8342318314219106,False,,0.00010943412780761719
lhs,23,8,0.831737533604072,False,,0.00010943412780761719
lhs,23,9,0.8376570499743572,False,,0.00010943412780761719
lhs,23,10,0.783625985107889,True,0.783625985107889,0.00010943412780761719
lhs,23,11,0.5988091817385701,True,0.783625985107889,0.00010943412780761719
lhs,23,12,0.8514657750416464,False,0.783625985107889,0.00010943412780761719
lhs,23,13,0.8015959234196441,False,0.783625985107889,0.00010943412780761719
lhs,23,14,0.8662169066155359,False,0.783625985107889,0.00010943412780761719
lhs,23,15,0.785215773116763,True,0.785215773116763,0.00010943412780761719
lhs,23,16,0.7713170287584432,False,0.785215773116763,0.00010943412780761719
lhs,23,17,0.7493879119442033,False,0.785215773116763,0.00010943412780761719
lhs,23,18,0.2593586216485241,True,0.785215773116763,0.00010943412780761719
lhs,23,19,0.8329880995608901,False,0.785215773116763,0.00010943412780761719
lhs,23,20,0.7972451335615551,True,0.7972451335615551,0.00010943412780761719
lhs,23,21,0.8636420515038771,False,0.7972451335615551,0.00010943412780761719
lhs,23,22,0.8376830616358117,False,0.7972451335615551,0.00010943412780761719
lhs,23,23,0.7871361858444106,True,0.7972451335615551,0.00010943412780761719
lhs,23,24,0.24529716387947031,True,0.7972451335615551,0.00010943412780761719
lhs,23,25,0.7725354711610456,True,0.7972451335615551,0.00010943412780761719
lhs,24,1,0.8909415985276655,False,,0.0001049041748046875
lhs,24,2,0.7018258845121519,False,,0.0001049041748046875
lhs,24,3,0.8437454114994508,False,,0.0001049041748046875
lhs,24,4,0.6982108977408322,True,0.6982108977408322,0.0001049041748046875
lhs,24,5,0.8263823806942665,False,0.6982108977408322,0.0001049041748046875
lhs,24,6,0.6996349777106717,False,0.6982108977408322,0.0001049041748046875
lhs,24,7,0.636463891554098,True,0.6982108977408322,0.0001049041748046875
lhs,24,8,0.8507290927876607,True,0.8507290927876607,0.0001049041748046875
lhs,24,9,0.7969758910864506,False,0.8507290927876607,0.0001049041748046875
lhs,24,10,0.8421266839842133,False,0.8507290927876607,0.0001049041748046875
lhs,24,11,0.8721775243392994,False,0.8507290927876607,0.0001049041748046875
lhs,24,12,0.8546108689560213,False,0.8507290927876607,0.0001049041748046875
lhs,24,13,0.8924250195631303,False,0.8507290927876607,0.0001049041748046875
lhs,24,14,0.8643456394950929,False,0.8507290927876607,0.0001049041748046875
lhs,24,15,0.843193140206981,False,0.8507290927876607,0.0001049041748046875
lhs,24,16,0.49109495660950375,True,0.8507290927876607,0.0001049041748046875
lhs,24,17,0.6615406839411399,True,0.8507290927876607,0.0001049041748046875
lhs,24,18,0.7958223992260895,False,0.8507290927876607,0.0001049041748046875
lhs,24,19,0.7191253982523186,True,0.8507290927876607,0.0001049041748046875
lhs,24,20,0.8259569448888437,False,0.8507290927876607,0.0001049041748046875
lhs,24,21,0.7581572827791574,False,0.8507290927876607,0.0001049041748046875
lhs,24,22,0.8432241089709425,False,0.8507290927876607,0.0001049041748046875
lhs,24,23,0.8763011381637341,False,0.8507290927876607,0.0001049041748046875
lhs,24,24,0.7176900818079597,False,0.8507290927876607,0.0001049041748046875
lhs,24,25,0.8729138935581325,False,0.8507290927876607,0.0001049041748046875
lhs,25,1,0.8708121242597339,False,,0.00011205673217773438
lhs,25,2,0.7141375187935403,True,0.7141375187935403,0.00011205673217773438
lhs,25,3,0.8129523236566571,False,0.7141375187935403,0.00011205673217773438
lhs,25,4,0.7595103752519249,False,0.7141375187935403,0.00011205673217773438
lhs,25,5,0.7728508014718328,False,0.7141375187935403,0.00011205673217773438
lhs,25,6,0.7377862304493908,False,0.7141375187935403,0.00011205673217773438
lhs,25,7,0.8372342070923887,False,0.7141375187935403,0.00011205673217773438
lhs,25,8,0.7805280599538825,False,0.7141375187935403,0.00011205673217773438
lhs,25,9,0.8325415773416319,False,0.7141375187935403,0.00011205673217773438
lhs,25,10,0.8223353062798471,False,0.7141375187935403,0.00011205673217773438
lhs,25,11,0.8122176904432311,False,0.7141375187935403,0.00011205673217773438
lhs,25,12,0.7186927498200212,False,0.7141375187935403,0.00011205673217773438
lhs,25,13,0.8381551079720039,False,0.7141375187935403,0.00011205673217773438
lhs,25,14,0.8032345709559752,True,0.8032345709559752,0.00011205673217773438
lhs,25,15,0.8314456041751324,False,0.8032345709559752,0.00011205673217773438
lhs,25,16,0.6909134629091405,False,0.8032345709559752,0.00011205673217773438
lhs,25,17,0.7702968521953542,True,0.8032345709559752,0.00011205673217773438
lhs,25,18,0.7690143226202804,True,0.8032345709559752,0.00011205673217773438
lhs,25,19,0.8658581785559935,False,0.8032345709559752,0.00011205673217773438
lhs,25,20,0.8395968616001437,True,0.8395968616001437,0.00011205673217773438
lhs,25,21,0.8686365266818272,False,0.8395968616001437,0.00011205673217773438
lhs,25,22,0.8410995650550923,False,0.8395968616001437,0.00011205673217773438
lhs,25,23,0.8447495060791456,False,0.8395968616001437,0.00011205673217773438
lhs,25,24,0.8758933302170754,False,0.8395968616001437,0.00011205673217773438
lhs,25,25,0.33679356655478115,True,0.8395968616001437,0.00011205673217773438
lhs,26,1,0.8563130922142833,True,0.8563130922142833,0.00013256072998046875
lhs,26,2,0.720613410514567,False,0.8563130922142833,0.00013256072998046875
lhs,26,3,0.724341831639434,False,0.8563130922142833,0.00013256072998046875
lhs,26,4,0.8542864815724607,False,0.8563130922142833,0.00013256072998046875
lhs,26,5,0.8572015738634747,False,0.8563130922142833,0.00013256072998046875
lhs,26,6,0.27650387672679555,True,0.8563130922142833,0.00013256072998046875
lhs,26,7,0.8487388450873159,False,0.8563130922142833,0.00013256072998046875
lhs,26,8,0.8430330006172259,False,0.8563130922142833,0.00013256072998046875
lhs,26,9,0.862388119389939,False,0.8563130922142833,0.00013256072998046875
lhs,26,10,0.856205359857443,False,0.8563130922142833,0.00013256072998046875
lhs,26,11,0.8412929518543931,False,0.8563130922142833,0.00013256072998046875
lhs,26,12,0.7919977380324935,False,0.8563130922142833,0.00013256072998046875
lhs,26,13,0.3951513160904908,True,0.8563130922142833,0.00013256072998046875
lhs,26,14,0.7716002682423244,True,0.8563130922142833,0.00013256072998046875
lhs,26,15,0.8215737519834143,False,0.8563130922142833,0.00013256072998046875
lhs,26,16,0.8213606446250539,False,0.8563130922142833,0.00013256072998046875
lhs,26,17,0.713318553546145,True,0.8563130922142833,0.00013256072998046875
lhs,26,18,0.6741916450591744,True,0.8563130922142833,0.00013256072998046875
lhs,26,19,0.8560674640501924,False,0.8563130922142833,0.00013256072998046875
lhs,26,20,0.887104034584395,False,0.8563130922142833,0.00013256072998046875
lhs,26,21,0.8256512402210132,True,0.8563130922142833,0.00013256072998046875
lhs,26,22,0.8446189389325254,False,0.8563130922142833,0.00013256072998046875
lhs,26,23,0.8718874443043785,True,0.8718874443043785,0.00013256072998046875
lhs,26,24,0.87194755165434,False,0.8718874443043785,0.00013256072998046875
lhs,26,25,0.8048115671457698,False,0.8718874443043785,0.00013256072998046875
lhs,27,1,0.6737247896148251,False,,0.00010728836059570312
lhs,27,2,0.7851925363004315,False,,0.00010728836059570312
lhs,27,3,0.5914095556573084,True,0.5914095556573084,0.00010728836059570312
lhs,27,4,0.4922344963431532,True,0.5914095556573084,0.00010728836059570312
lhs,27,5,0.8309258344472582,False,0.5914095556573084,0.00010728836059570312
lhs,27,6,0.8414062440918825,False,0.5914095556573084,0.00010728836059570312
lhs,27,7,0.5221772624975275,True,0.5914095556573084,0.00010728836059570312
lhs,27,8,0.6454783317735517,True,0.6454783317735517,0.00010728836059570312
lhs,27,9,0.7400441358234714,False,0.6454783317735517,0.00010728836059570312
lhs,27,10,0.8814281524091945,False,0.6454783317735517,0.00010728836059570312
lhs,27,11,0.818564908217542,False,0.6454783317735517,0.00010728836059570312
lhs,27,12,0.7478295505762195,True,0.7478295505762195,0.00010728836059570312
lhs,27,13,0.8503959969712294,False,0.7478295505762195,0.00010728836059570312
lhs,27,14,0.848310391443066,False,0.7478295505762195,0.00010728836059570312
lhs,27,15,0.8080921846701927,False,0.7478295505762195,0.00010728836059570312
lhs,27,16,0.8659931686800426,False,0.7478295505762195,0.00010728836059570312
lhs,27,17,0.6311888100020525,False,0.7478295505762195,0.00010728836059570312
lhs,27,18,0.8830704392853695,False,0.7478295505762195,0.00010728836059570312
lhs,27,19,0.7074523316660719,True,0.7478295505762195,0.00010728836059570312
lhs,27,20,0.8687757698024177,False,0.7478295505762195,0.00010728836059570312
lhs,27,21,0.5585882050667784,True,0.7478295505762195,0.00010728836059570312
lhs,27,22,0.8805225584948818,False,0.7478295505762195,0.00010728836059570312
lhs,27,23,0.8140970522566388,False,0.7478295505762195,0.00010728836059570312
lhs,27,24,0.8606113613453655,False,0.7478295505762195,0.00010728836059570312
lhs,27,25,0.8721809441227507,False,0.7478295505762195,0.00010728836059570312
lhs,28,1,0.7527112269123843,True,0.7527112269123843,0.00010561943054199219
lhs,28,2,0.8904820588672226,False,0.7527112269123843,0.00010561943054199219
lhs,28,3,0.845218038581615,False,0.7527112269123843,0.00010561943054199219
lhs,28,4,0.8562931742189515,False,0.7527112269123843,0.00010561943054199219
lhs,28,5,0.8216593649911426,False,0.7527112269123843,0.00010561943054199219
lhs,28,6,0.8299901360135504,False,0.7527112269123843,0.00010561943054199219
lhs,28,7,0.8660264862155763,False,0.7527112269123843,0.00010561943054199219
lhs,28,8,0.8570138298537104,False,0.7527112269123843,0.00010561943054199219
lhs,28,9,0.871378277253281,False,0.7527112269123843,0.00010561943054199219
lhs,28,10,0.8436317337647381,False,0.7527112269123843,0.00010561943054199219
lhs,28,11,0.8192727575907517,True,0.8192727575907517,0.00010561943054199219
lhs,28,12,0.7961030073469801,False,0.8192727575907517,0.00010561943054199219
lhs,28,13,0.7903517945781107,False,0.8192727575907517,0.00010561943054199219
lhs,28,14,0.5366315398243436,True,0.8192727575907517,0.00010561943054199219
lhs,28,15,0.8655108804212175,False,0.8192727575907517,0.00010561943054199219
lhs,28,16,0.7438895418266451,False,0.8192727575907517,0.00010561943054199219
lhs,28,17,0.8319823019255622,False,0.8192727575907517,0.00010561943054199219
lhs,28,18,0.8487200815479721,True,0.8487200815479721,0.00010561943054199219
lhs,28,19,0.8197861663588908,False,0.8487200815479721,0.00010561943054199219
lhs,28,20,0.24916123304316898,True,0.8487200815479721,0.00010561943054199219
lhs,28,21,0.825570718046436,False,0.8487200815479721,0.00010561943054199219
lhs,28,22,0.8548184740339602,False,0.8487200815479721,0.00010561943054199219
lhs,28,23,0.5339999237916345,False,0.8487200815479721,0.00010561943054199219
lhs,28,24,0.7947696355262222,True,0.8487200815479721,0.00010561943054199219
lhs,28,25,0.7772262977391556,True,0.8487200815479721,0.00010561943054199219
lhs,29,1,0.8697100911136015,False,,0.00010848045349121094
lhs,29,2,0.6791617965486351,True,0.6791617965486351,0.00010848045349121094
lhs,29,3,0.7631949285494125,False,0.6791617965486351,0.00010848045349121094
lhs,29,4,0.7890959452736531,False,0.6791617965486351,0.00010848045349121094
lhs,29,5,0.890456120962334,False,0.6791617965486351,0.00010848045349121094
lhs,29,6,0.6377891672619561,True,0.6791617965486351,0.00010848045349121094
lhs,29,7,0.8920139303607468,False,0.6791617965486351,0.00010848045349121094
lhs,29,8,0.8769870670329543,False,0.6791617965486351,0.00010848045349121094
lhs,29,9,0.8660785539740626,False,0.6791617965486351,0.00010848045349121094
lhs,29,10,0.8768478364224371,False,0.6791617965486351,0.00010848045349121094
lhs,29,11,0.8693470178628492,False,0.6791617965486351,0.00010848045349121094
lhs,29,12,0.8639816608296117,False,0.6791617965486351,0.00010848045349121094
lhs,29,13,0.7044428802092595,False,0.6791617965486351,0.00010848045349121094
lhs,29,14,0.8813085731955338,False,0.6791617965486351,0.00010848045349121094
lhs,29,15,0.2514060562736473,True,0.6791617965486351,0.00010848045349121094
lhs,29,16,0.8164329115594213,False,0.6791617965486351,0.00010848045349121094
lhs,29,17,0.7789488343969285,False,0.6791617965486351,0.00010848045349121094
lhs,29,18,0.6873185169282727,False,0.6791617965486351,0.00010848045349121094
lhs,29,19,0.8341894194811382,True,0.8341894194811382,0.00010848045349121094
lhs,29,20,0.8056120459697353,False,0.8341894194811382,0.00010848045349121094
lhs,29,21,0.6578020384815946,True,0.8341894194811382,0.00010848045349121094
lhs,29,22,0.8001212725354468,False,0.8341894194811382,0.00010848045349121094
lhs,29,23,0.8515992305123087,False,0.8341894194811382,0.00010848045349121094
lhs,29,24,0.6823640092720598,True,0.8341894194811382,0.00010848045349121094
lhs,29,25,0.8194845663022168,False,0.8341894194811382,0.00010848045349121094
lhs,30,1,0.7751585351749899,False,,0.00012183189392089844
lhs,30,2,0.850630702735004,True,0.850630702735004,0.00012183189392089844
lhs,30,3,0.787054422031698,True,0.850630702735004,0.00012183189392089844
lhs,30,4,0.7999986112188723,False,0.850630702735004,0.00012183189392089844
lhs,30,5,0.8285915150043245,False,0.850630702735004,0.00012183189392089844
lhs,30,6,0.8814720772027062,False,0.850630702735004,0.00012183189392089844
lhs,30,7,0.8101803412733454,False,0.850630702735004,0.00012183189392089844
lhs,30,8,0.8704681451191415,False,0.850630702735004,0.00012183189392089844
lhs,30,9,0.8358282339907586,False,0.850630702735004,0.00012183189392089844
lhs,30,10,0.6884538332228701,False,0.850630702735004,0.00012183189392089844
lhs,30,11,0.8331286195202815,False,0.850630702735004,0.00012183189392089844
lhs,30,12,0.7288079159998461,True,0.850630702735004,0.00012183189392089844
lhs,30,13,0.8631402420611237,False,0.850630702735004,0.00012183189392089844
lhs,30,14,0.6788800793526096,True,0.850630702735004,0.00012183189392089844
lhs,30,15,0.8425070279311954,True,0.850630702735004,0.00012183189392089844
lhs,30,16,0.8760017211598375,True,0.8760017211598375,0.00012183189392089844
lhs,30,17,0.6991375795614072,False,0.8760017211598375,0.00012183189392089844
lhs,30,18,0.776092525158714,True,0.8760017211598375,0.00012183189392089844
lhs,30,19,0.8085204689016863,False,0.8760017211598375,0.00012183189392089844
lhs,30,20,0.8179423232495913,False,0.8760017211598375,0.00012183189392089844
lhs,30,21,0.6081525676038692,False,0.8760017211598375,0.00012183189392089844
lhs,30,22,0.8462682785790082,False,0.8760017211598375,0.00012183189392089844
lhs,30,23,0.7682641817132865,False,0.8760017211598375,0.00012183189392089844
lhs,30,24,0.8674515899339198,False,0.8760017211598375,0.00012183189392089844
lhs,30,25,0.613366015140782,False,0.8760017211598375,0.00012183189392089844
lhs,31,1,0.7848810803005051,True,0.7848810803005051,0.00010251998901367188
lhs,31,2,0.771560672679149,False,0.7848810803005051,0.00010251998901367188
lhs,31,3,0.5582591945189899,True,0.7848810803005051,0.00010251998901367188
lhs,31,4,0.8349632402179507,False,0.7848810803005051,0.00010251998901367188
lhs,31,5,0.8098784085152404,False,0.7848810803005051,0.00010251998901367188
lhs,31,6,0.8433689273049434,False,0.7848810803005051,0.00010251998901367188
lhs,31,7,0.7683021436565918,False,0.7848810803005051,0.00010251998901367188
lhs,31,8,0.5532144566339992,True,0.7848810803005051,0.00010251998901367188
lhs,31,9,0.7179209827870113,True,0.7848810803005051,0.00010251998901367188
lhs,31,10,0.8688725532890131,False,0.7848810803005051,0.00010251998901367188
lhs,31,11,0.4620341729612371,True,0.7848810803005051,0.00010251998901367188
lhs,31,12,0.852096417538517,False,0.7848810803005051,0.00010251998901367188
lhs,31,13,0.8500389585507019,False,0.7848810803005051,0.00010251998901367188
lhs,31,14,0.836454903482296,True,0.836454903482296,0.00010251998901367188
lhs,31,15,0.8140185476338547,False,0.836454903482296,0.00010251998901367188
lhs,31,16,0.7903093279434191,False,0.836454903482296,0.00010251998901367188
lhs,31,17,0.8153748132102074,True,0.836454903482296,0.00010251998901367188
lhs,31,18,0.8311148238358187,False,0.836454903482296,0.00010251998901367188
lhs,31,19,0.4224996204625368,True,0.836454903482296,0.00010251998901367188
lhs,31,20,0.8607225128972854,False,0.836454903482296,0.00010251998901367188
lhs,31,21,0.8307277763634195,False,0.836454903482296,0.00010251998901367188
lhs,31,22,0.8053488516525021,False,0.836454903482296,0.00010251998901367188
lhs,31,23,0.8594845805155091,False,0.836454903482296,0.00010251998901367188
lhs,31,24,0.8630471981245483,False,0.836454903482296,0.00010251998901367188
lhs,31,25,0.7959135803307121,False,0.836454903482296,0.00010251998901367188
lhs,32,1,0.748218979468953,False,,0.00017213821411132812
lhs,32,2,0.6403002343183228,True,0.6403002343183228,0.00017213821411132812
lhs,32,3,0.7813974875901581,False,0.6403002343183228,0.00017213821411132812
lhs,32,4,0.29142688306939896,True,0.6403002343183228,0.00017213821411132812
lhs,32,5,0.8825573391210277,False,0.6403002343183228,0.00017213821411132812
lhs,32,6,0.8789633355298189,False,0.6403002343183228,0.00017213821411132812
lhs,32,7,0.791294541150284,False,0.6403002343183228,0.00017213821411132812
lhs,32,8,0.8340033561278304,False,0.6403002343183228,0.00017213821411132812
lhs,32,9,0.7167573916712496,False,0.6403002343183228,0.00017213821411132812
lhs,32,10,0.8676460195487409,False,0.6403002343183228,0.00017213821411132812
lhs,32,11,0.838321737463392,False,0.6403002343183228,0.00017213821411132812
lhs,32,12,0.8113520844490215,False,0.6403002343183228,0.00017213821411132812
lhs,32,13,0.8293892409670138,False,0.6403002343183228,0.00017213821411132812
lhs,32,14,0.8611592394270992,False,0.6403002343183228,0.00017213821411132812
lhs,32,15,0.8353684977826088,False,0.6403002343183228,0.00017213821411132812
lhs,32,16,0.738380299200674,False,0.6403002343183228,0.00017213821411132812
lhs,32,17,0.8555183504807062,False,0.6403002343183228,0.00017213821411132812
lhs,32,18,0.828284375400907,True,0.828284375400907,0.00017213821411132812
lhs,32,19,0.8901816483782333,False,0.828284375400907,0.00017213821411132812
lhs,32,20,0.8302105248315947,False,0.828284375400907,0.00017213821411132812
lhs,32,21,0.5965113475123524,True,0.828284375400907,0.00017213821411132812
lhs,32,22,0.8334192369903829,False,0.828284375400907,0.00017213821411132812
lhs,32,23,0.8327113436548939,False,0.828284375400907,0.00017213821411132812
lhs,32,24,0.1866773624705069,True,0.828284375400907,0.00017213821411132812
lhs,32,25,0.7712490874853459,True,0.828284375400907,0.00017213821411132812
lhs,33,1,0.6223679902345571,True,0.6223679902345571,0.00016951560974121094
lhs,33,2,0.6990730425635004,True,0.6990730425635004,0.00016951560974121094
lhs,33,3,0.8347865635694094,False,0.6990730425635004,0.00016951560974121094
lhs,33,4,0.8785363104878368,False,0.6990730425635004,0.00016951560974121094
lhs,33,5,0.7938437026397226,False,0.6990730425635004,0.00016951560974121094
lhs,33,6,0.7939095974808345,False,0.6990730425635004,0.00016951560974121094
lhs,33,7,0.8932639465326869,False,0.6990730425635004,0.00016951560974121094
lhs,33,8,0.8537391976356767,False,0.6990730425635004,0.00016951560974121094
lhs,33,9,0.7975353098368209,False,0.6990730425635004,0.00016951560974121094
lhs,33,10,0.8549324254365388,False,0.6990730425635004,0.00016951560974121094
lhs,33,11,0.8192177941758907,False,0.6990730425635004,0.00016951560974121094
lhs,33,12,0.8658644159276422,False,0.6990730425635004,0.00016951560974121094
lhs,33,13,0.8482409771360355,False,0.6990730425635004,0.00016951560974121094
lhs,33,14,0.8269329802384245,False,0.6990730425635004,0.00016951560974121094
lhs,33,15,0.7260103231235537,True,0.7260103231235537,0.00016951560974121094
lhs,33,16,0.8584417277674303,False,0.7260103231235537,0.00016951560974121094
lhs,33,17,0.6938151938063105,False,0.7260103231235537,0.00016951560974121094
lhs,33,18,0.7004159143899077,True,0.7260103231235537,0.00016951560974121094
lhs,33,19,0.7776323894117128,False,0.7260103231235537,0.00016951560974121094
lhs,33,20,0.5121457357375172,True,0.7260103231235537,0.00016951560974121094
lhs,33,21,0.8224850902707386,False,0.7260103231235537,0.00016951560974121094
lhs,33,22,0.8507654602231316,False,0.7260103231235537,0.00016951560974121094
lhs,33,23,0.8770986424685184,False,0.7260103231235537,0.00016951560974121094
lhs,33,24,0.8236541292560007,False,0.7260103231235537,0.00016951560974121094
lhs,33,25,0.7635250563875406,True,0.7635250563875406,0.00016951560974121094
lhs,34,1,0.8304228241403153,False,,0.0002663135528564453
lhs,34,2,0.7940601351141265,False,,0.0002663135528564453
lhs,34,3,0.8478120527943152,False,,0.0002663135528564453
lhs,34,4,0.7742261287010697,False,,0.0002663135528564453
lhs,34,5,0.7769208168100442,True,0.7769208168100442,0.0002663135528564453
lhs,34,6,0.5228280546366669,True,0.7769208168100442,0.0002663135528564453
lhs,34,7,0.7487413158638889,False,0.7769208168100442,0.0002663135528564453
lhs,34,8,0.8859180229395393,False,0.7769208168100442,0.0002663135528564453
lhs,34,9,0.8560350599899441,False,0.7769208168100442,0.0002663135528564453
lhs,34,10,0.8511276428344896,False,0.7769208168100442,0.0002663135528564453
lhs,34,11,0.8306251399083059,False,0.7769208168100442,0.0002663135528564453
lhs,34,12,0.7916503775385351,True,0.7916503775385351,0.0002663135528564453
lhs,34,13,0.7404142233319816,False,0.7916503775385351,0.0002663135528564453
lhs,34,14,0.8796353532078527,False,0.7916503775385351,0.0002663135528564453
lhs,34,15,0.8870668310927589,False,0.7916503775385351,0.0002663135528564453
lhs,34,16,0.8685388744322791,False,0.7916503775385351,0.0002663135528564453
lhs,34,17,0.8201014985926276,False,0.7916503775385351,0.0002663135528564453
lhs,34,18,0.7932628452452172,False,0.7916503775385351,0.0002663135528564453
lhs,34,19,0.8310003968167949,False,0.7916503775385351,0.0002663135528564453
lhs,34,20,0.543970199842927,True,0.7916503775385351,0.0002663135528564453
lhs,34,21,0.8017022729556356,False,0.7916503775385351,0.0002663135528564453
lhs,34,22,0.7021892046741065,False,0.7916503775385351,0.0002663135528564453
lhs,34,23,0.8008620781844759,False,0.7916503775385351,0.0002663135528564453
lhs,34,24,0.804024102123178,False,0.7916503775385351,0.0002663135528564453
lhs,34,25,0.8950738163776175,False,0.7916503775385351,0.0002663135528564453
lhs,35,1,0.8744898388452762,False,,0.0002422332763671875
lhs,35,2,0.8462726245358004,False,,0.0002422332763671875
lhs,35,3,0.8176651259133667,True,0.8176651259133667,0.0002422332763671875
lhs,35,4,0.8655067227132776,False,0.8176651259133667,0.0002422332763671875
lhs,35,5,0.8691857098769991,False,0.8176651259133667,0.0002422332763671875
lhs,35,6,0.81454115493121,False,0.8176651259133667,0.0002422332763671875
lhs,35,7,0.8697086835144409,False,0.8176651259133667,0.0002422332763671875
lhs,35,8,0.7912569872990864,False,0.8176651259133667,0.0002422332763671875
lhs,35,9,0.6357373649353574,True,0.8176651259133667,0.0002422332763671875
lhs,35,10,0.7140958288462038,False,0.8176651259133667,0.0002422332763671875
lhs,35,11,0.7205667936127691,True,0.8176651259133667,0.0002422332763671875
lhs,35,12,0.8547683935155169,False,0.8176651259133667,0.0002422332763671875
lhs,35,13,0.8074609649814816,False,0.8176651259133667,0.0002422332763671875
lhs,35,14,0.7937518361394016,True,0.8176651259133667,0.0002422332763671875
lhs,35,15,0.8146746258357366,False,0.8176651259133667,0.0002422332763671875
lhs,35,16,0.8369807430850459,False,0.8176651259133667,0.0002422332763671875
lhs,35,17,0.83364616174323,False,0.8176651259133667,0.0002422332763671875
lhs,35,18,0.4398911943804847,True,0.8176651259133667,0.0002422332763671875
lhs,35,19,0.8698617976863527,False,0.8176651259133667,0.0002422332763671875
lhs,35,20,0.7537139002961382,True,0.8176651259133667,0.0002422332763671875
lhs,35,21,0.3565093703372127,True,0.8176651259133667,0.0002422332763671875
lhs,35,22,0.6251369296888829,False,0.8176651259133667,0.0002422332763671875
lhs,35,23,0.7915816901928776,False,0.8176651259133667,0.0002422332763671875
lhs,35,24,0.8109795445583016,True,0.8176651259133667,0.0002422332763671875
lhs,35,25,0.874483455423303,False,0.8176651259133667,0.0002422332763671875
lhs,36,1,0.8402859227712184,False,,0.00012564659118652344
lhs,36,2,0.5670107159384427,True,0.5670107159384427,0.00012564659118652344
lhs,36,3,0.8210996010022323,False,0.5670107159384427,0.00012564659118652344
lhs,36,4,0.756662022927167,True,0.756662022927167,0.00012564659118652344
lhs,36,5,0.8611048416098,False,0.756662022927167,0.00012564659118652344
lhs,36,6,0.8595956971773622,True,0.8595956971773622,0.00012564659118652344
lhs,36,7,0.8007853574754922,False,0.8595956971773622,0.00012564659118652344
lhs,36,8,0.8686200009727703,False,0.8595956971773622,0.00012564659118652344
lhs,36,9,0.8624664346567757,False,0.8595956971773622,0.00012564659118652344
lhs,36,10,0.8556358019299192,False,0.8595956971773622,0.00012564659118652344
lhs,36,11,0.8622785480053019,False,0.8595956971773622,0.00012564659118652344
lhs,36,12,0.7201773741066989,False,0.8595956971773622,0.00012564659118652344
lhs,36,13,0.8703583469410896,False,0.8595956971773622,0.00012564659118652344
lhs,36,14,0.8049288570372986,False,0.8595956971773622,0.00012564659118652344
lhs,36,15,0.41336997646967977,True,0.8595956971773622,0.00012564659118652344
lhs,36,16,0.8494143443323625,False,0.8595956971773622,0.00012564659118652344
lhs,36,17,0.7123658063918519,True,0.8595956971773622,0.00012564659118652344
lhs,36,18,0.8514584904600173,False,0.8595956971773622,0.00012564659118652344
lhs,36,19,0.8963082521114091,False,0.8595956971773622,0.00012564659118652344
lhs,36,20,0.8196521001550141,False,0.8595956971773622,0.00012564659118652344
lhs,36,21,0.8780818487288647,False,0.8595956971773622,0.00012564659118652344
lhs,36,22,0.6351106164551507,True,0.8595956971773622,0.00012564659118652344
lhs,36,23,0.7894795194661886,True,0.8595956971773622,0.00012564659118652344
lhs,36,24,0.7934529822314024,False,0.8595956971773622,0.00012564659118652344
lhs,36,25,0.4934136341641614,False,0.8595956971773622,0.00012564659118652344
lhs,37,1,0.7178036583761865,False,,0.00021219253540039062
lhs,37,2,0.8577734136207396,False,,0.00021219253540039062
lhs,37,3,0.42431340034206144,True,0.42431340034206144,0.00021219253540039062
lhs,37,4,0.8092924822889734,False,0.42431340034206144,0.00021219253540039062
lhs,37,5,0.804036040787983,True,0.804036040787983,0.00021219253540039062
lhs,37,6,0.8797924795208011,False,0.804036040787983,0.00021219253540039062
lhs,37,7,0.8287835950998133,False,0.804036040787983,0.00021219253540039062
lhs,37,8,0.8589158177034857,False,0.804036040787983,0.00021219253540039062
lhs,37,9,0.7140000714765048,False,0.804036040787983,0.00021219253540039062
lhs,37,10,0.8320307073026386,False,0.804036040787983,0.00021219253540039062
lhs,37,11,0.6057843749054843,False,0.804036040787983,0.00021219253540039062
lhs,37,12,0.7867191063470116,False,0.804036040787983,0.00021219253540039062
lhs,37,13,0.8593356527942,False,0.804036040787983,0.00021219253540039062
lhs,37,14,0.8833257183591461,False,0.804036040787983,0.00021219253540039062
lhs,37,15,0.6469112692822614,True,0.804036040787983,0.00021219253540039062
lhs,37,16,0.8545801844517379,False,0.804036040787983,0.00021219253540039062
lhs,37,17,0.7959716641539157,False,0.804036040787983,0.00021219253540039062
lhs,37,18,0.8185694613259682,False,0.804036040787983,0.00021219253540039062
lhs,37,19,0.7844553700211825,True,0.804036040787983,0.00021219253540039062
lhs,37,20,0.8078024089817281,False,0.804036040787983,0.00021219253540039062
lhs,37,21,0.8810274611420809,False,0.804036040787983,0.00021219253540039062
lhs,37,22,0.7062572701221119,False,0.804036040787983,0.00021219253540039062
lhs,37,23,0.45860839227551664,True,0.804036040787983,0.00021219253540039062
lhs,37,24,0.847149816257621,False,0.804036040787983,0.00021219253540039062
lhs,37,25,0.8747955264556629,False,0.804036040787983,0.00021219253540039062
lhs,38,1,0.8308966015267232,False,,0.00014901161193847656
lhs,38,2,0.8628850131205307,False,,0.00014901161193847656
lhs,38,3,0.7681327483072337,False,,0.00014901161193847656
lhs,38,4,0.8628976431587148,False,,0.00014901161193847656
lhs,38,5,0.49601675955714736,True,0.49601675955714736,0.00014901161193847656
lhs,38,6,0.8019849192254264,True,0.8019849192254264,0.00014901161193847656
lhs,38,7,0.8514604068249495,False,0.8019849192254264,0.00014901161193847656
lhs,38,8,0.8298373042728815,False,0.8019849192254264,0.00014901161193847656
lhs,38,9,0.8049245172450908,False,0.8019849192254264,0.00014901161193847656
lhs,38,10,0.8053438969353721,True,0.8053438969353721,0.00014901161193847656
lhs,38,11,0.5770553177802781,False,0.8053438969353721,0.00014901161193847656
lhs,38,12,0.7634169571336893,True,0.8053438969353721,0.00014901161193847656
lhs,38,13,0.8281345851432053,False,0.8053438969353721,0.00014901161193847656
lhs,38,14,0.7476363760617831,False,0.8053438969353721,0.00014901161193847656
lhs,38,15,0.7230111530194269,False,0.8053438969353721,0.00014901161193847656
lhs,38,16,0.8281291188030677,False,0.8053438969353721,0.00014901161193847656
lhs,38,17,0.8913105180880625,False,0.8053438969353721,0.00014901161193847656
lhs,38,18,0.864081795532516,True,0.864081795532516,0.00014901161193847656
lhs,38,19,0.8752159080206168,False,0.864081795532516,0.00014901161193847656
lhs,38,20,0.5364107656813615,True,0.864081795532516,0.00014901161193847656
lhs,38,21,0.8731998941116325,False,0.864081795532516,0.00014901161193847656
lhs,38,22,0.6707282556485598,True,0.864081795532516,0.00014901161193847656
lhs,38,23,0.8350860232770475,False,0.864081795532516,0.00014901161193847656
lhs,38,24,0.8529019107845544,False,0.864081795532516,0.00014901161193847656
lhs,38,25,0.6007364161577441,True,0.864081795532516,0.00014901161193847656
lhs,39,1,0.8389627687521265,False,,0.00011658668518066406
lhs,39,2,0.8185659058449112,True,0.8185659058449112,0.00011658668518066406
lhs,39,3,0.8489724701043889,False,0.8185659058449112,0.00011658668518066406
lhs,39,4,0.8628231702435856,False,0.8185659058449112,0.00011658668518066406
lhs,39,5,0.8409515324731798,False,0.8185659058449112,0.00011658668518066406
lhs,39,6,0.8457905558046778,False,0.8185659058449112,0.00011658668518066406
lhs,39,7,0.530473813297602,True,0.8185659058449112,0.00011658668518066406
lhs,39,8,0.6362602390229268,False,0.8185659058449112,0.00011658668518066406
lhs,39,9,0.7610038292699525,False,0.8185659058449112,0.00011658668518066406
lhs,39,10,0.8635199252364814,True,0.8635199252364814,0.00011658668518066406
lhs,39,11,0.8627516441813922,False,0.8635199252364814,0.00011658668518066406
lhs,39,12,0.7336685948206833,False,0.8635199252364814,0.00011658668518066406
lhs,39,13,0.8884585721339565,False,0.8635199252364814,0.00011658668518066406
lhs,39,14,0.8133943007847283,True,0.8635199252364814,0.00011658668518066406
lhs,39,15,0.8337106317714462,False,0.8635199252364814,0.00011658668518066406
lhs,39,16,0.8829212204573189,False,0.8635199252364814,0.00011658668518066406
lhs,39,17,0.6658905824625575,True,0.8635199252364814,0.00011658668518066406
lhs,39,18,0.7355792500432025,False,0.8635199252364814,0.00011658668518066406
lhs,39,19,0.7849115831668835,False,0.8635199252364814,0.00011658668518066406
lhs,39,20,0.7762529733471505,True,0.8635199252364814,0.00011658668518066406
lhs,39,21,0.869808263619419,False,0.8635199252364814,0.00011658668518066406
lhs,39,22,0.7612628480277371,True,0.8635199252364814,0.00011658668518066406
lhs,39,23,0.7749748915096926,False,0.8635199252364814,0.00011658668518066406
lhs,39,24,0.8299367676387653,False,0.8635199252364814,0.00011658668518066406
lhs,39,25,0.7150513971714407,False,0.8635199252364814,0.00011658668518066406
bo_unconstrained,0,1,0.47168741407874487,True,0.47168741407874487,4.189453840255737
bo_unconstrained,0,2,0.8799749479923484,False,0.47168741407874487,4.189453840255737
bo_unconstrained,0,3,0.8187394017733219,False,0.47168741407874487,4.189453840255737
bo_unconstrained,0,4,0.8673956257397153,False,0.47168741407874487,4.189453840255737
bo_unconstrained,0,5,0.25817024559124413,True,0.47168741407874487,4.189453840255737
bo_unconstrained,0,6,0.7543619380093353,True,0.7543619380093353,4.189453840255737
bo_unconstrained,0,7,0.7931881440387288,False,0.7543619380093353,4.189453840255737
bo_unconstrained,0,8,0.8602686127598383,False,0.7543619380093353,4.189453840255737
bo_unconstrained,0,9,0.8808636482939999,False,0.7543619380093353,4.189453840255737
bo_unconstrained,0,10,0.724591410074507,True,0.7543619380093353,4.189453840255737
bo_unconstrained,0,11,0.8731439228177508,False,0.7543619380093353,4.189453840255737
bo_unconstrained,0,12,0.8789840538657754,False,0.7543619380093353,4.189453840255737
bo_unconstrained,0,13,0.8189785878592185,False,0.7543619380093353,4.189453840255737
bo_unconstrained,0,14,0.6877640479352383,False,0.7543619380093353,4.189453840255737
bo_unconstrained,0,15,0.8513494992794706,True,0.8513494992794706,4.189453840255737
bo_unconstrained,0,16,0.8825194448904617,False,0.8513494992794706,4.189453840255737
bo_unconstrained,0,17,0.8500594324279748,False,0.8513494992794706,4.189453840255737
bo_unconstrained,0,18,0.8975903329371224,False,0.8513494992794706,4.189453840255737
bo_unconstrained,0,19,0.5927356934930564,False,0.8513494992794706,4.189453840255737
bo_unconstrained,0,20,0.896215338192084,False,0.8513494992794706,4.189453840255737
bo_unconstrained,0,21,0.8909049540304563,False,0.8513494992794706,4.189453840255737
bo_unconstrained,0,22,0.8289415063592873,False,0.8513494992794706,4.189453840255737
bo_unconstrained,0,23,0.8941473132594738,False,0.8513494992794706,4.189453840255737
bo_unconstrained,0,24,0.8618170171890239,False,0.8513494992794706,4.189453840255737
bo_unconstrained,0,25,0.8619092720587234,False,0.8513494992794706,4.189453840255737
bo_unconstrained,1,1,0.7904318482879463,False,,3.3675637245178223
bo_unconstrained,1,2,0.8220235805570306,False,,3.3675637245178223
bo_unconstrained,1,3,0.8196307598503457,True,0.8196307598503457,3.3675637245178223
bo_unconstrained,1,4,0.85792849045825,False,0.8196307598503457,3.3675637245178223
bo_unconstrained,1,5,0.8246555761358879,False,0.8196307598503457,3.3675637245178223
bo_unconstrained,1,6,0.8033468612996437,False,0.8196307598503457,3.3675637245178223
bo_unconstrained,1,7,0.8229677294879615,False,0.8196307598503457,3.3675637245178223
bo_unconstrained,1,8,0.8190129270309479,False,0.8196307598503457,3.3675637245178223
bo_unconstrained,1,9,0.8111439801927098,False,0.8196307598503457,3.3675637245178223
bo_unconstrained,1,10,0.8230496105361159,False,0.8196307598503457,3.3675637245178223
bo_unconstrained,1,11,0.8308495403492164,True,0.8308495403492164,3.3675637245178223
bo_unconstrained,1,12,0.7885549925070818,False,0.8308495403492164,3.3675637245178223
bo_unconstrained,1,13,0.8557348088532777,False,0.8308495403492164,3.3675637245178223
bo_unconstrained,1,14,0.7281012196740319,False,0.8308495403492164,3.3675637245178223
bo_unconstrained,1,15,0.8727312200256654,False,0.8308495403492164,3.3675637245178223
bo_unconstrained,1,16,0.8470765200135824,True,0.8470765200135824,3.3675637245178223
bo_unconstrained,1,17,0.8618734521366687,True,0.8618734521366687,3.3675637245178223
bo_unconstrained,1,18,0.753947720241479,False,0.8618734521366687,3.3675637245178223
bo_unconstrained,1,19,0.8376412508357591,True,0.8618734521366687,3.3675637245178223
bo_unconstrained,1,20,0.8619608977455353,False,0.8618734521366687,3.3675637245178223
bo_unconstrained,1,21,0.8396908031187997,True,0.8618734521366687,3.3675637245178223
bo_unconstrained,1,22,0.8590528199356431,False,0.8618734521366687,3.3675637245178223
bo_unconstrained,1,23,0.8546980408598993,False,0.8618734521366687,3.3675637245178223
bo_unconstrained,1,24,0.870828720624689,False,0.8618734521366687,3.3675637245178223
bo_unconstrained,1,25,0.8666553712641502,False,0.8618734521366687,3.3675637245178223
bo_unconstrained,2,1,0.8498069884713638,False,,4.53277850151062
bo_unconstrained,2,2,0.7864171344076522,False,,4.53277850151062
bo_unconstrained,2,3,0.8759098025413653,False,,4.53277850151062
bo_unconstrained,2,4,0.8615575651202179,True,0.8615575651202179,4.53277850151062
bo_unconstrained,2,5,0.5165137265268515,True,0.8615575651202179,4.53277850151062
bo_unconstrained,2,6,0.8279323463628234,False,0.8615575651202179,4.53277850151062
bo_unconstrained,2,7,0.8601947932563563,False,0.8615575651202179,4.53277850151062
bo_unconstrained,2,8,0.703645659877107,False,0.8615575651202179,4.53277850151062
bo_unconstrained,2,9,0.8698390163103238,False,0.8615575651202179,4.53277850151062
bo_unconstrained,2,10,0.8184253728621237,False,0.8615575651202179,4.53277850151062
bo_unconstrained,2,11,0.8977066364202888,False,0.8615575651202179,4.53277850151062
bo_unconstrained,2,12,0.8887335671877328,False,0.8615575651202179,4.53277850151062
bo_unconstrained,2,13,0.8910951238788778,False,0.8615575651202179,4.53277850151062
bo_unconstrained,2,14,0.7947359888453608,True,0.8615575651202179,4.53277850151062
bo_unconstrained,2,15,0.8976444525596429,False,0.8615575651202179,4.53277850151062
bo_unconstrained,2,16,0.7629130800814188,True,0.8615575651202179,4.53277850151062
bo_unconstrained,2,17,0.6819707702365867,False,0.8615575651202179,4.53277850151062
bo_unconstrained,2,18,0.8828228128791175,False,0.8615575651202179,4.53277850151062
bo_unconstrained,2,19,0.7597069313488661,False,0.8615575651202179,4.53277850151062
bo_unconstrained,2,20,0.8812789131789774,False,0.8615575651202179,4.53277850151062
bo_unconstrained,2,21,0.8871547459082646,False,0.8615575651202179,4.53277850151062
bo_unconstrained,2,22,0.8868065447568356,False,0.8615575651202179,4.53277850151062
bo_unconstrained,2,23,0.8980743221915083,False,0.8615575651202179,4.53277850151062
bo_unconstrained,2,24,0.8788932903895503,False,0.8615575651202179,4.53277850151062
bo_unconstrained,2,25,0.8981996305709851,False,0.8615575651202179,4.53277850151062
bo_unconstrained,3,1,0.7539694382847443,False,,2.568739652633667
bo_unconstrained,3,2,0.8688082123070793,False,,2.568739652633667
bo_unconstrained,3,3,0.8728988126507516,False,,2.568739652633667
bo_unconstrained,3,4,0.7828635635232664,True,0.7828635635232664,2.568739652633667
bo_unconstrained,3,5,0.8059578151180842,False,0.7828635635232664,2.568739652633667
bo_unconstrained,3,6,0.7852180228582257,False,0.7828635635232664,2.568739652633667
bo_unconstrained,3,7,0.8873847392431182,False,0.7828635635232664,2.568739652633667
bo_unconstrained,3,8,0.8550696196120435,False,0.7828635635232664,2.568739652633667
bo_unconstrained,3,9,0.8232900474637117,False,0.7828635635232664,2.568739652633667
bo_unconstrained,3,10,0.8182847247351286,True,0.8182847247351286,2.568739652633667
bo_unconstrained,3,11,0.8549669567400965,False,0.8182847247351286,2.568739652633667
bo_unconstrained,3,12,0.8680857363484707,False,0.8182847247351286,2.568739652633667
bo_unconstrained,3,13,0.8263742335341119,False,0.8182847247351286,2.568739652633667
bo_unconstrained,3,14,0.760322135073502,True,0.8182847247351286,2.568739652633667
bo_unconstrained,3,15,0.8854304275180228,False,0.8182847247351286,2.568739652633667
bo_unconstrained,3,16,0.6877640479352383,False,0.8182847247351286,2.568739652633667
bo_unconstrained,3,17,0.8778426168950144,False,0.8182847247351286,2.568739652633667
bo_unconstrained,3,18,0.0383120031973369,True,0.8182847247351286,2.568739652633667
bo_unconstrained,3,19,0.8835507938361168,False,0.8182847247351286,2.568739652633667
bo_unconstrained,3,20,0.7749377245155449,False,0.8182847247351286,2.568739652633667
bo_unconstrained,3,21,0.872650585415145,False,0.8182847247351286,2.568739652633667
bo_unconstrained,3,22,0.8755806871795153,False,0.8182847247351286,2.568739652633667
bo_unconstrained,3,23,0.8778897435311038,False,0.8182847247351286,2.568739652633667
bo_unconstrained,3,24,0.6819707702365867,False,0.8182847247351286,2.568739652633667
bo_unconstrained,3,25,0.8880500693015836,False,0.8182847247351286,2.568739652633667
bo_unconstrained,4,1,0.8943994085561785,False,,2.130946636199951
bo_unconstrained,4,2,0.5545898606234777,True,0.5545898606234777,2.130946636199951
bo_unconstrained,4,3,0.8351793544431584,False,0.5545898606234777,2.130946636199951
bo_unconstrained,4,4,0.8501202688433318,False,0.5545898606234777,2.130946636199951
bo_unconstrained,4,5,0.20048332405690528,True,0.5545898606234777,2.130946636199951
bo_unconstrained,4,6,0.8889888204991887,False,0.5545898606234777,2.130946636199951
bo_unconstrained,4,7,0.7748937049965777,False,0.5545898606234777,2.130946636199951
bo_unconstrained,4,8,0.8453398519460044,True,0.8453398519460044,2.130946636199951
bo_unconstrained,4,9,0.8907726678074458,False,0.8453398519460044,2.130946636199951
bo_unconstrained,4,10,0.8538305505365407,False,0.8453398519460044,2.130946636199951
bo_unconstrained,4,11,0.7947359888453608,True,0.8453398519460044,2.130946636199951
bo_unconstrained,4,12,0.882789407590084,False,0.8453398519460044,2.130946636199951
bo_unconstrained,4,13,0.8929598958318579,False,0.8453398519460044,2.130946636199951
bo_unconstrained,4,14,0.8473793970014262,False,0.8453398519460044,2.130946636199951
bo_unconstrained,4,15,0.8726671095559989,False,0.8453398519460044,2.130946636199951
bo_unconstrained,4,16,0.8776808764785297,False,0.8453398519460044,2.130946636199951
bo_unconstrained,4,17,0.7131287797004993,True,0.8453398519460044,2.130946636199951
bo_unconstrained,4,18,0.8195097562623658,False,0.8453398519460044,2.130946636199951
bo_unconstrained,4,19,0.8623026565104105,False,0.8453398519460044,2.130946636199951
bo_unconstrained,4,20,0.8327331844631584,False,0.8453398519460044,2.130946636199951
bo_unconstrained,4,21,0.7880330888001025,False,0.8453398519460044,2.130946636199951
bo_unconstrained,4,22,0.8265688822859766,False,0.8453398519460044,2.130946636199951
bo_unconstrained,4,23,0.8266655290298669,False,0.8453398519460044,2.130946636199951
bo_unconstrained,4,24,0.7951377166345708,False,0.8453398519460044,2.130946636199951
bo_unconstrained,4,25,0.846321455508577,False,0.8453398519460044,2.130946636199951
bo_unconstrained,5,1,0.8553234139886949,False,,3.976318597793579
bo_unconstrained,5,2,0.6850271063537438,False,,3.976318597793579
bo_unconstrained,5,3,0.7372716049934722,True,0.7372716049934722,3.976318597793579
bo_unconstrained,5,4,0.8625090465840918,False,0.7372716049934722,3.976318597793579
bo_unconstrained,5,5,0.832699557556221,False,0.7372716049934722,3.976318597793579
bo_unconstrained,5,6,0.8429620752910397,False,0.7372716049934722,3.976318597793579
bo_unconstrained,5,7,0.6239542975696653,True,0.7372716049934722,3.976318597793579
bo_unconstrained,5,8,0.8608552509798697,False,0.7372716049934722,3.976318597793579
bo_unconstrained,5,9,0.6833138976163377,False,0.7372716049934722,3.976318597793579
bo_unconstrained,5,10,0.8715260391050389,False,0.7372716049934722,3.976318597793579
bo_unconstrained,5,11,0.8286411244534693,False,0.7372716049934722,3.976318597793579
bo_unconstrained,5,12,0.05698781336720158,True,0.7372716049934722,3.976318597793579
bo_unconstrained,5,13,0.8353533001131145,False,0.7372716049934722,3.976318597793579
bo_unconstrained,5,14,0.6787541077823382,False,0.7372716049934722,3.976318597793579
bo_unconstrained,5,15,0.8826102044876821,True,0.8826102044876821,3.976318597793579
bo_unconstrained,5,16,0.87597099629188,False,0.8826102044876821,3.976318597793579
bo_unconstrained,5,17,0.8871550036513579,False,0.8826102044876821,3.976318597793579
bo_unconstrained,5,18,0.7999238520854881,False,0.8826102044876821,3.976318597793579
bo_unconstrained,5,19,0.7947359888453608,True,0.8826102044876821,3.976318597793579
bo_unconstrained,5,20,0.8783767690410007,False,0.8826102044876821,3.976318597793579
bo_unconstrained,5,21,0.8934327680590428,False,0.8826102044876821,3.976318597793579
bo_unconstrained,5,22,0.42097754245351626,True,0.8826102044876821,3.976318597793579
bo_unconstrained,5,23,0.8913004331995787,False,0.8826102044876821,3.976318597793579
bo_unconstrained,5,24,0.8215160134626049,False,0.8826102044876821,3.976318597793579
bo_unconstrained,5,25,0.6639224649514069,False,0.8826102044876821,3.976318597793579
bo_unconstrained,6,1,0.7145436697884098,False,,3.7157633304595947
bo_unconstrained,6,2,0.8569513136500437,False,,3.7157633304595947
bo_unconstrained,6,3,0.8667010458147105,False,,3.7157633304595947
bo_unconstrained,6,4,0.7160090887921441,True,0.7160090887921441,3.7157633304595947
bo_unconstrained,6,5,0.871426894530514,True,0.871426894530514,3.7157633304595947
bo_unconstrained,6,6,0.8790889947513442,False,0.871426894530514,3.7157633304595947
bo_unconstrained,6,7,0.8392060352603843,False,0.871426894530514,3.7157633304595947
bo_unconstrained,6,8,0.8951705008127401,False,0.871426894530514,3.7157633304595947
bo_unconstrained,6,9,0.8627725492659223,False,0.871426894530514,3.7157633304595947
bo_unconstrained,6,10,0.8773695544492562,False,0.871426894530514,3.7157633304595947
bo_unconstrained,6,11,0.8067990888488028,False,0.871426894530514,3.7157633304595947
bo_unconstrained,6,12,0.7350117702089523,False,0.871426894530514,3.7157633304595947
bo_unconstrained,6,13,0.8296543350622024,True,0.871426894530514,3.7157633304595947
bo_unconstrained,6,14,0.8649317427031711,False,0.871426894530514,3.7157633304595947
bo_unconstrained,6,15,0.8439500458247842,False,0.871426894530514,3.7157633304595947
bo_unconstrained,6,16,0.7979559128409405,False,0.871426894530514,3.7157633304595947
bo_unconstrained,6,17,0.8844629109021938,False,0.871426894530514,3.7157633304595947
bo_unconstrained,6,18,0.8944278197672021,False,0.871426894530514,3.7157633304595947
bo_unconstrained,6,19,0.8911876543314196,False,0.871426894530514,3.7157633304595947
bo_unconstrained,6,20,0.8914934490716444,False,0.871426894530514,3.7157633304595947
bo_unconstrained,6,21,0.8861016556691343,False,0.871426894530514,3.7157633304595947
bo_unconstrained,6,22,0.8448691027935202,False,0.871426894530514,3.7157633304595947
bo_unconstrained,6,23,0.8935707627610388,False,0.871426894530514,3.7157633304595947
bo_unconstrained,6,24,0.8459099054668477,False,0.871426894530514,3.7157633304595947
bo_unconstrained,6,25,0.874241976864706,False,0.871426894530514,3.7157633304595947
bo_unconstrained,7,1,0.8406464103971529,False,,3.1508750915527344
bo_unconstrained,7,2,0.8589546757825985,False,,3.1508750915527344
bo_unconstrained,7,3,0.8551110281667395,False,,3.1508750915527344
bo_unconstrained,7,4,0.8191548787812003,True,0.8191548787812003,3.1508750915527344
bo_unconstrained,7,5,0.717625550456117,False,0.8191548787812003,3.1508750915527344
bo_unconstrained,7,6,0.8911952928479734,False,0.8191548787812003,3.1508750915527344
bo_unconstrained,7,7,0.8706226412932001,False,0.8191548787812003,3.1508750915527344
bo_unconstrained,7,8,0.8506166810148142,False,0.8191548787812003,3.1508750915527344
bo_unconstrained,7,9,0.8617792236519016,False,0.8191548787812003,3.1508750915527344
bo_unconstrained,7,10,0.7809879963319485,False,0.8191548787812003,3.1508750915527344
bo_unconstrained,7,11,0.8975199103882079,False,0.8191548787812003,3.1508750915527344
bo_unconstrained,7,12,0.7746686270058734,True,0.8191548787812003,3.1508750915527344
bo_unconstrained,7,13,0.8879654573639162,False,0.8191548787812003,3.1508750915527344
bo_unconstrained,7,14,0.8867341522237261,False,0.8191548787812003,3.1508750915527344
bo_unconstrained,7,15,0.8054626542555534,False,0.8191548787812003,3.1508750915527344
bo_unconstrained,7,16,0.8456297360347084,False,0.8191548787812003,3.1508750915527344
bo_unconstrained,7,17,0.8374254977005033,False,0.8191548787812003,3.1508750915527344
bo_unconstrained,7,18,0.8779898605806505,False,0.8191548787812003,3.1508750915527344
bo_unconstrained,7,19,0.8710982441483982,False,0.8191548787812003,3.1508750915527344
bo_unconstrained,7,20,0.8649899453680027,False,0.8191548787812003,3.1508750915527344
bo_unconstrained,7,21,0.8333530408338332,True,0.8333530408338332,3.1508750915527344
bo_unconstrained,7,22,0.8310353020289786,False,0.8333530408338332,3.1508750915527344
bo_unconstrained,7,23,0.8710995149497774,False,0.8333530408338332,3.1508750915527344
bo_unconstrained,7,24,0.8917341199360368,False,0.8333530408338332,3.1508750915527344
bo_unconstrained,7,25,0.7828999505758949,False,0.8333530408338332,3.1508750915527344
bo_unconstrained,8,1,0.8532040307179863,False,,2.2025511264801025
bo_unconstrained,8,2,0.7606921375870515,True,0.7606921375870515,2.2025511264801025
bo_unconstrained,8,3,0.8427564023413523,False,0.7606921375870515,2.2025511264801025
bo_unconstrained,8,4,0.8189046393064069,False,0.7606921375870515,2.2025511264801025
bo_unconstrained,8,5,0.8148512456637934,False,0.7606921375870515,2.2025511264801025
bo_unconstrained,8,6,0.7521153601169587,False,0.7606921375870515,2.2025511264801025
bo_unconstrained,8,7,0.7297095222725792,False,0.7606921375870515,2.2025511264801025
bo_unconstrained,8,8,0.7977653239541903,False,0.7606921375870515,2.2025511264801025
bo_unconstrained,8,9,0.8016847650278327,False,0.7606921375870515,2.2025511264801025
bo_unconstrained,8,10,0.8619095905562287,False,0.7606921375870515,2.2025511264801025
bo_unconstrained,8,11,0.8689249392010047,False,0.7606921375870515,2.2025511264801025
bo_unconstrained,8,12,0.8744028780948594,False,0.7606921375870515,2.2025511264801025
bo_unconstrained,8,13,0.806429920584093,False,0.7606921375870515,2.2025511264801025
bo_unconstrained,8,14,0.8684520954836394,False,0.7606921375870515,2.2025511264801025
bo_unconstrained,8,15,0.8804545656571313,False,0.7606921375870515,2.2025511264801025
bo_unconstrained,8,16,0.7943069567516193,True,0.7943069567516193,2.2025511264801025
bo_unconstrained,8,17,0.8605677542198905,False,0.7943069567516193,2.2025511264801025
bo_unconstrained,8,18,0.7077777082592415,False,0.7943069567516193,2.2025511264801025
bo_unconstrained,8,19,0.8813225031125291,False,0.7943069567516193,2.2025511264801025
bo_unconstrained,8,20,0.8457603934653205,False,0.7943069567516193,2.2025511264801025
bo_unconstrained,8,21,0.7895477261302329,False,0.7943069567516193,2.2025511264801025
bo_unconstrained,8,22,0.8532529144867768,True,0.8532529144867768,2.2025511264801025
bo_unconstrained,8,23,0.8880727082230961,False,0.8532529144867768,2.2025511264801025
bo_unconstrained,8,24,0.819470831025025,False,0.8532529144867768,2.2025511264801025
bo_unconstrained,8,25,0.8949316215555968,False,0.8532529144867768,2.2025511264801025
bo_unconstrained,9,1,0.8742150358409546,False,,4.872471570968628
bo_unconstrained,9,2,0.7969197274866193,False,,4.872471570968628
bo_unconstrained,9,3,0.7877415271620589,False,,4.872471570968628
bo_unconstrained,9,4,0.8010709113095359,False,,4.872471570968628
bo_unconstrained,9,5,0.8699322251844728,False,,4.872471570968628
bo_unconstrained,9,6,0.8908999679197093,False,,4.872471570968628
bo_unconstrained,9,7,0.6762308209706325,False,,4.872471570968628
bo_unconstrained,9,8,0.863123896075247,False,,4.872471570968628
bo_unconstrained,9,9,0.3302398662793848,False,,4.872471570968628
bo_unconstrained,9,10,0.16109800307143243,True,0.16109800307143243,4.872471570968628
bo_unconstrained,9,11,0.8652984128339105,False,0.16109800307143243,4.872471570968628
bo_unconstrained,9,12,0.8579182068661821,False,0.16109800307143243,4.872471570968628
bo_unconstrained,9,13,0.8890929474463305,False,0.16109800307143243,4.872471570968628
bo_unconstrained,9,14,0.7830223781147088,False,0.16109800307143243,4.872471570968628
bo_unconstrained,9,15,0.6877640479352383,False,0.16109800307143243,4.872471570968628
bo_unconstrained,9,16,0.8791309351852802,False,0.16109800307143243,4.872471570968628
bo_unconstrained,9,17,0.7947359888453608,True,0.7947359888453608,4.872471570968628
bo_unconstrained,9,18,0.8825437817835586,False,0.7947359888453608,4.872471570968628
bo_unconstrained,9,19,0.8289415063592873,False,0.7947359888453608,4.872471570968628
bo_unconstrained,9,20,0.8351038721542453,False,0.7947359888453608,4.872471570968628
bo_unconstrained,9,21,0.8895237427123748,False,0.7947359888453608,4.872471570968628
bo_unconstrained,9,22,0.8352131644819217,False,0.7947359888453608,4.872471570968628
bo_unconstrained,9,23,0.8882531838968448,False,0.7947359888453608,4.872471570968628
bo_unconstrained,9,24,0.8825986207216624,False,0.7947359888453608,4.872471570968628
bo_unconstrained,9,25,0.8868742035255193,False,0.7947359888453608,4.872471570968628
bo_unconstrained,10,1,0.57323190447894,True,0.57323190447894,2.8397979736328125
bo_unconstrained,10,2,0.7833829234608863,True,0.7833829234608863,2.8397979736328125
bo_unconstrained,10,3,0.801242456020048,False,0.7833829234608863,2.8397979736328125
bo_unconstrained,10,4,0.8372083467916118,False,0.7833829234608863,2.8397979736328125
bo_unconstrained,10,5,0.829762162714152,False,0.7833829234608863,2.8397979736328125
bo_unconstrained,10,6,0.8142851183063456,True,0.8142851183063456,2.8397979736328125
bo_unconstrained,10,7,0.830563224482666,False,0.8142851183063456,2.8397979736328125
bo_unconstrained,10,8,0.7990176929235733,False,0.8142851183063456,2.8397979736328125
bo_unconstrained,10,9,0.797112020150995,False,0.8142851183063456,2.8397979736328125
bo_unconstrained,10,10,0.8650661724553831,False,0.8142851183063456,2.8397979736328125
bo_unconstrained,10,11,0.8502551635706846,False,0.8142851183063456,2.8397979736328125
bo_unconstrained,10,12,0.8639772376506809,False,0.8142851183063456,2.8397979736328125
bo_unconstrained,10,13,0.7037820139047617,True,0.8142851183063456,2.8397979736328125
bo_unconstrained,10,14,0.7574712698371591,False,0.8142851183063456,2.8397979736328125
bo_unconstrained,10,15,0.7253495726477129,False,0.8142851183063456,2.8397979736328125
bo_unconstrained,10,16,0.8853062383235705,False,0.8142851183063456,2.8397979736328125
bo_unconstrained,10,17,0.8496498507780488,False,0.8142851183063456,2.8397979736328125
bo_unconstrained,10,18,0.8255190087555441,False,0.8142851183063456,2.8397979736328125
bo_unconstrained,10,19,0.8335024316293482,False,0.8142851183063456,2.8397979736328125
bo_unconstrained,10,20,0.8107536686531887,False,0.8142851183063456,2.8397979736328125
bo_unconstrained,10,21,0.8719228936179905,False,0.8142851183063456,2.8397979736328125
bo_unconstrained,10,22,0.8936068909218452,False,0.8142851183063456,2.8397979736328125
bo_unconstrained,10,23,0.4019891380119542,True,0.8142851183063456,2.8397979736328125
bo_unconstrained,10,24,0.8948752108189401,False,0.8142851183063456,2.8397979736328125
bo_unconstrained,10,25,0.8289415063592873,False,0.8142851183063456,2.8397979736328125
bo_unconstrained,11,1,0.873940857246639,False,,3.2538323402404785
bo_unconstrained,11,2,0.7250019251094526,False,,3.2538323402404785
bo_unconstrained,11,3,0.8467028640146383,True,0.8467028640146383,3.2538323402404785
bo_unconstrained,11,4,0.8642309405825905,False,0.8467028640146383,3.2538323402404785
bo_unconstrained,11,5,0.7315040578385609,True,0.8467028640146383,3.2538323402404785
bo_unconstrained,11,6,0.8221435413010681,False,0.8467028640146383,3.2538323402404785
bo_unconstrained,11,7,0.3826449506275133,True,0.8467028640146383,3.2538323402404785
bo_unconstrained,11,8,0.7256758332301997,False,0.8467028640146383,3.2538323402404785
bo_unconstrained,11,9,0.8633957577142379,False,0.8467028640146383,3.2538323402404785
bo_unconstrained,11,10,0.8689691879329682,False,0.8467028640146383,3.2538323402404785
bo_unconstrained,11,11,0.7971566428441749,False,0.8467028640146383,3.2538323402404785
bo_unconstrained,11,12,0.8789216327879097,False,0.8467028640146383,3.2538323402404785
bo_unconstrained,11,13,0.8285014244622857,False,0.8467028640146383,3.2538323402404785
bo_unconstrained,11,14,0.7566009920746488,False,0.8467028640146383,3.2538323402404785
bo_unconstrained,11,15,0.8675015609989251,True,0.8675015609989251,3.2538323402404785
bo_unconstrained,11,16,0.8242642004518741,False,0.8675015609989251,3.2538323402404785
bo_unconstrained,11,17,0.8921273957833445,False,0.8675015609989251,3.2538323402404785
bo_unconstrained,11,18,0.8766538539319139,False,0.8675015609989251,3.2538323402404785
bo_unconstrained,11,19,0.7466034118563136,True,0.8675015609989251,3.2538323402404785
bo_unconstrained,11,20,0.6376677104166588,True,0.8675015609989251,3.2538323402404785
bo_unconstrained,11,21,0.8566084672773918,False,0.8675015609989251,3.2538323402404785
bo_unconstrained,11,22,0.8924079355776903,False,0.8675015609989251,3.2538323402404785
bo_unconstrained,11,23,0.8663819438676021,False,0.8675015609989251,3.2538323402404785
bo_unconstrained,11,24,0.8966010423935327,False,0.8675015609989251,3.2538323402404785
bo_unconstrained,11,25,0.8824214628760948,False,0.8675015609989251,3.2538323402404785
bo_unconstrained,12,1,0.6885579074652478,True,0.6885579074652478,3.6395435333251953
bo_unconstrained,12,2,0.8415857458476429,False,0.6885579074652478,3.6395435333251953
bo_unconstrained,12,3,0.8016634142952841,True,0.8016634142952841,3.6395435333251953
bo_unconstrained,12,4,0.7880953793580675,False,0.8016634142952841,3.6395435333251953
bo_unconstrained,12,5,0.8799463179849697,False,0.8016634142952841,3.6395435333251953
bo_unconstrained,12,6,0.8561529185198115,False,0.8016634142952841,3.6395435333251953
bo_unconstrained,12,7,0.8692772140638952,True,0.8692772140638952,3.6395435333251953
bo_unconstrained,12,8,0.8732016111661405,False,0.8692772140638952,3.6395435333251953
bo_unconstrained,12,9,0.842512943533478,False,0.8692772140638952,3.6395435333251953
bo_unconstrained,12,10,0.8781845606096746,False,0.8692772140638952,3.6395435333251953
bo_unconstrained,12,11,0.82007196709688,False,0.8692772140638952,3.6395435333251953
bo_unconstrained,12,12,0.8764741723724638,False,0.8692772140638952,3.6395435333251953
bo_unconstrained,12,13,0.8956032603373059,False,0.8692772140638952,3.6395435333251953
bo_unconstrained,12,14,0.8583299441737651,False,0.8692772140638952,3.6395435333251953
bo_unconstrained,12,15,0.8260469592306415,False,0.8692772140638952,3.6395435333251953
bo_unconstrained,12,16,0.8863385109480861,False,0.8692772140638952,3.6395435333251953
bo_unconstrained,12,17,0.6684038049487724,False,0.8692772140638952,3.6395435333251953
bo_unconstrained,12,18,0.8761110084572851,False,0.8692772140638952,3.6395435333251953
bo_unconstrained,12,19,0.8941123501802027,False,0.8692772140638952,3.6395435333251953
bo_unconstrained,12,20,0.21622235940413598,True,0.8692772140638952,3.6395435333251953
bo_unconstrained,12,21,0.888021597166763,False,0.8692772140638952,3.6395435333251953
bo_unconstrained,12,22,0.85711555697969,False,0.8692772140638952,3.6395435333251953
bo_unconstrained,12,23,0.8867418777112565,False,0.8692772140638952,3.6395435333251953
bo_unconstrained,12,24,0.8889823216171477,False,0.8692772140638952,3.6395435333251953
bo_unconstrained,12,25,0.8620664756610795,False,0.8692772140638952,3.6395435333251953
bo_unconstrained,13,1,0.8492031173794882,False,,3.6555821895599365
bo_unconstrained,13,2,0.7096322586899143,False,,3.6555821895599365
bo_unconstrained,13,3,0.7911504885342187,True,0.7911504885342187,3.6555821895599365
bo_unconstrained,13,4,0.7767328279465019,False,0.7911504885342187,3.6555821895599365
bo_unconstrained,13,5,0.8607307077470757,False,0.7911504885342187,3.6555821895599365
bo_unconstrained,13,6,0.8428036884703695,False,0.7911504885342187,3.6555821895599365
bo_unconstrained,13,7,0.8289415063592873,False,0.7911504885342187,3.6555821895599365
bo_unconstrained,13,8,0.763621664326028,False,0.7911504885342187,3.6555821895599365
bo_unconstrained,13,9,0.8777277544521576,False,0.7911504885342187,3.6555821895599365
bo_unconstrained,13,10,0.6144257067160207,True,0.7911504885342187,3.6555821895599365
bo_unconstrained,13,11,0.8321555336778448,True,0.8321555336778448,3.6555821895599365
bo_unconstrained,13,12,0.8406850707255629,False,0.8321555336778448,3.6555821895599365
bo_unconstrained,13,13,0.8597282234490982,False,0.8321555336778448,3.6555821895599365
bo_unconstrained,13,14,0.8705174149896643,False,0.8321555336778448,3.6555821895599365
bo_unconstrained,13,15,0.8253305040564661,False,0.8321555336778448,3.6555821895599365
bo_unconstrained,13,16,0.8723299031375252,False,0.8321555336778448,3.6555821895599365
bo_unconstrained,13,17,0.8829327132616736,False,0.8321555336778448,3.6555821895599365
bo_unconstrained,13,18,0.8193496519735513,False,0.8321555336778448,3.6555821895599365
bo_unconstrained,13,19,0.8454985243608014,False,0.8321555336778448,3.6555821895599365
bo_unconstrained,13,20,0.7755898289134443,False,0.8321555336778448,3.6555821895599365
bo_unconstrained,13,21,0.8620261778611005,False,0.8321555336778448,3.6555821895599365
bo_unconstrained,13,22,0.7947359888453608,True,0.8321555336778448,3.6555821895599365
bo_unconstrained,13,23,0.8172232468141494,False,0.8321555336778448,3.6555821895599365
bo_unconstrained,13,24,0.8500612266761077,False,0.8321555336778448,3.6555821895599365
bo_unconstrained,13,25,0.8600625526251827,False,0.8321555336778448,3.6555821895599365
bo_unconstrained,14,1,0.8808918860552325,False,,3.970076084136963
bo_unconstrained,14,2,0.7819240027250165,False,,3.970076084136963
bo_unconstrained,14,3,0.8485135233399402,False,,3.970076084136963
bo_unconstrained,14,4,0.790464759469419,True,0.790464759469419,3.970076084136963
bo_unconstrained,14,5,0.7471385001631968,False,0.790464759469419,3.970076084136963
bo_unconstrained,14,6,0.8669137454985664,False,0.790464759469419,3.970076084136963
bo_unconstrained,14,7,0.8789739990401039,True,0.8789739990401039,3.970076084136963
bo_unconstrained,14,8,0.8289415063592873,False,0.8789739990401039,3.970076084136963
bo_unconstrained,14,9,0.8175607208457131,False,0.8789739990401039,3.970076084136963
bo_unconstrained,14,10,0.8488696967035354,True,0.8789739990401039,3.970076084136963
bo_unconstrained,14,11,0.8512886653461615,False,0.8789739990401039,3.970076084136963
bo_unconstrained,14,12,0.8836723139010288,False,0.8789739990401039,3.970076084136963
bo_unconstrained,14,13,0.8336273255630969,False,0.8789739990401039,3.970076084136963
bo_unconstrained,14,14,0.8623888277534788,False,0.8789739990401039,3.970076084136963
bo_unconstrained,14,15,0.8627687828091939,False,0.8789739990401039,3.970076084136963
bo_unconstrained,14,16,0.8742940326346191,False,0.8789739990401039,3.970076084136963
bo_unconstrained,14,17,0.8695049030846411,False,0.8789739990401039,3.970076084136963
bo_unconstrained,14,18,0.8788940370751875,False,0.8789739990401039,3.970076084136963
bo_unconstrained,14,19,0.8633084603945559,False,0.8789739990401039,3.970076084136963
bo_unconstrained,14,20,0.8863292795493,False,0.8789739990401039,3.970076084136963
bo_unconstrained,14,21,0.874948302408268,False,0.8789739990401039,3.970076084136963
bo_unconstrained,14,22,0.8300511714914994,True,0.8789739990401039,3.970076084136963
bo_unconstrained,14,23,0.6132703547271801,True,0.8789739990401039,3.970076084136963
bo_unconstrained,14,24,0.43320421052344493,True,0.8789739990401039,3.970076084136963
bo_unconstrained,14,25,0.7943970571607931,False,0.8789739990401039,3.970076084136963
bo_unconstrained,15,1,0.705606917336773,False,,2.919104814529419
bo_unconstrained,15,2,0.6731890036435686,True,0.6731890036435686,2.919104814529419
bo_unconstrained,15,3,0.8634018697287281,False,0.6731890036435686,2.919104814529419
bo_unconstrained,15,4,0.8237104203086649,False,0.6731890036435686,2.919104814529419
bo_unconstrained,15,5,0.7664945047612824,False,0.6731890036435686,2.919104814529419
bo_unconstrained,15,6,0.8654082152850892,False,0.6731890036435686,2.919104814529419
bo_unconstrained,15,7,0.8702062735621443,False,0.6731890036435686,2.919104814529419
bo_unconstrained,15,8,0.831192678746924,False,0.6731890036435686,2.919104814529419
bo_unconstrained,15,9,0.81887404909386,False,0.6731890036435686,2.919104814529419
bo_unconstrained,15,10,0.8659961851582229,False,0.6731890036435686,2.919104814529419
bo_unconstrained,15,11,0.8599778941774384,False,0.6731890036435686,2.919104814529419
bo_unconstrained,15,12,0.8016817815758959,False,0.6731890036435686,2.919104814529419
bo_unconstrained,15,13,0.7827237577356179,True,0.7827237577356179,2.919104814529419
bo_unconstrained,15,14,0.837549766288327,False,0.7827237577356179,2.919104814529419
bo_unconstrained,15,15,0.7711043429326387,False,0.7827237577356179,2.919104814529419
bo_unconstrained,15,16,0.8740525531202114,False,0.7827237577356179,2.919104814529419
bo_unconstrained,15,17,0.856515204066777,True,0.856515204066777,2.919104814529419
bo_unconstrained,15,18,0.8211054345217624,False,0.856515204066777,2.919104814529419
bo_unconstrained,15,19,0.8784580084803265,False,0.856515204066777,2.919104814529419
bo_unconstrained,15,20,0.8821482974626245,False,0.856515204066777,2.919104814529419
bo_unconstrained,15,21,0.08058171091468866,True,0.856515204066777,2.919104814529419
bo_unconstrained,15,22,0.8907408319772779,False,0.856515204066777,2.919104814529419
bo_unconstrained,15,23,0.8775056943524462,False,0.856515204066777,2.919104814529419
bo_unconstrained,15,24,0.8981091597025734,False,0.856515204066777,2.919104814529419
bo_unconstrained,15,25,0.4935968854750766,False,0.856515204066777,2.919104814529419
bo_unconstrained,16,1,0.8192933093636058,False,,2.45268177986145
bo_unconstrained,16,2,0.7664792719005576,False,,2.45268177986145
bo_unconstrained,16,3,0.6531753006618449,True,0.6531753006618449,2.45268177986145
bo_unconstrained,16,4,0.8320062399520891,False,0.6531753006618449,2.45268177986145
bo_unconstrained,16,5,0.8461776968314545,False,0.6531753006618449,2.45268177986145
bo_unconstrained,16,6,0.8666092892594188,False,0.6531753006618449,2.45268177986145
bo_unconstrained,16,7,0.8248563421151106,False,0.6531753006618449,2.45268177986145
bo_unconstrained,16,8,0.8639759335678285,False,0.6531753006618449,2.45268177986145
bo_unconstrained,16,9,0.8600134459732098,False,0.6531753006618449,2.45268177986145
bo_unconstrained,16,10,0.8836996420420072,False,0.6531753006618449,2.45268177986145
bo_unconstrained,16,11,0.85549138546121,False,0.6531753006618449,2.45268177986145
bo_unconstrained,16,12,0.8670967816685101,False,0.6531753006618449,2.45268177986145
bo_unconstrained,16,13,0.8058285337899885,False,0.6531753006618449,2.45268177986145
bo_unconstrained,16,14,0.8634100853776949,True,0.8634100853776949,2.45268177986145
bo_unconstrained,16,15,0.7988256259818264,True,0.8634100853776949,2.45268177986145
bo_unconstrained,16,16,0.8747699233029949,True,0.8747699233029949,2.45268177986145
bo_unconstrained,16,17,0.8599214309533384,True,0.8747699233029949,2.45268177986145
bo_unconstrained,16,18,0.5092389709226295,False,0.8747699233029949,2.45268177986145
bo_unconstrained,16,19,0.8136958234317139,True,0.8747699233029949,2.45268177986145
bo_unconstrained,16,20,0.8830625784765928,False,0.8747699233029949,2.45268177986145
bo_unconstrained,16,21,0.8080515837132975,False,0.8747699233029949,2.45268177986145
bo_unconstrained,16,22,0.8880844421078474,False,0.8747699233029949,2.45268177986145
bo_unconstrained,16,23,0.8836996646269863,False,0.8747699233029949,2.45268177986145
bo_unconstrained,16,24,0.8746257838827265,False,0.8747699233029949,2.45268177986145
bo_unconstrained,16,25,0.8818472921284343,False,0.8747699233029949,2.45268177986145
bo_unconstrained,17,1,0.834357623187255,False,,4.926250696182251
bo_unconstrained,17,2,0.8396309118705017,False,,4.926250696182251
bo_unconstrained,17,3,0.725751862912633,True,0.725751862912633,4.926250696182251
bo_unconstrained,17,4,0.8788663582554381,False,0.725751862912633,4.926250696182251
bo_unconstrained,17,5,0.6339244662151652,True,0.725751862912633,4.926250696182251
bo_unconstrained,17,6,0.7119217414507076,False,0.725751862912633,4.926250696182251
bo_unconstrained,17,7,0.7831160485836993,False,0.725751862912633,4.926250696182251
bo_unconstrained,17,8,0.8372934639109081,False,0.725751862912633,4.926250696182251
bo_unconstrained,17,9,0.7486113242904754,False,0.725751862912633,4.926250696182251
bo_unconstrained,17,10,0.8560887796341651,False,0.725751862912633,4.926250696182251
bo_unconstrained,17,11,0.8542830157644923,True,0.8542830157644923,4.926250696182251
bo_unconstrained,17,12,0.847750996736449,True,0.8542830157644923,4.926250696182251
bo_unconstrained,17,13,0.8422153842036488,False,0.8542830157644923,4.926250696182251
bo_unconstrained,17,14,0.7537011990498239,True,0.8542830157644923,4.926250696182251
bo_unconstrained,17,15,0.8967451200909238,False,0.8542830157644923,4.926250696182251
bo_unconstrained,17,16,0.8732576352277232,False,0.8542830157644923,4.926250696182251
bo_unconstrained,17,17,0.8611590837069074,False,0.8542830157644923,4.926250696182251
bo_unconstrained,17,18,0.8713370447277631,False,0.8542830157644923,4.926250696182251
bo_unconstrained,17,19,0.8272189588453893,False,0.8542830157644923,4.926250696182251
bo_unconstrained,17,20,0.8464176356169386,False,0.8542830157644923,4.926250696182251
bo_unconstrained,17,21,0.8407722350420836,False,0.8542830157644923,4.926250696182251
bo_unconstrained,17,22,0.8681878345928559,False,0.8542830157644923,4.926250696182251
bo_unconstrained,17,23,0.8707051525996239,False,0.8542830157644923,4.926250696182251
bo_unconstrained,17,24,0.6818945987602725,False,0.8542830157644923,4.926250696182251
bo_unconstrained,17,25,0.8678850395925867,False,0.8542830157644923,4.926250696182251
bo_unconstrained,18,1,0.8498059830007717,False,,2.2708001136779785
bo_unconstrained,18,2,0.7319879430136202,True,0.7319879430136202,2.2708001136779785
bo_unconstrained,18,3,0.8181692574975612,False,0.7319879430136202,2.2708001136779785
bo_unconstrained,18,4,0.8462847523411285,False,0.7319879430136202,2.2708001136779785
bo_unconstrained,18,5,0.8575656142841678,False,0.7319879430136202,2.2708001136779785
bo_unconstrained,18,6,0.8325651266349321,False,0.7319879430136202,2.2708001136779785
bo_unconstrained,18,7,0.8064161572307628,False,0.7319879430136202,2.2708001136779785
bo_unconstrained,18,8,0.7782806322885369,False,0.7319879430136202,2.2708001136779785
bo_unconstrained,18,9,0.8877690932508341,False,0.7319879430136202,2.2708001136779785
bo_unconstrained,18,10,0.8680998581367876,False,0.7319879430136202,2.2708001136779785
bo_unconstrained,18,11,0.8395506678217823,False,0.7319879430136202,2.2708001136779785
bo_unconstrained,18,12,0.8365851349984733,False,0.7319879430136202,2.2708001136779785
bo_unconstrained,18,13,0.8527013621015289,False,0.7319879430136202,2.2708001136779785
bo_unconstrained,18,14,0.8747253172965093,False,0.7319879430136202,2.2708001136779785
bo_unconstrained,18,15,0.7760682369815332,False,0.7319879430136202,2.2708001136779785
bo_unconstrained,18,16,0.8373620111202634,False,0.7319879430136202,2.2708001136779785
bo_unconstrained,18,17,0.8760367491446458,False,0.7319879430136202,2.2708001136779785
bo_unconstrained,18,18,0.862875320270169,False,0.7319879430136202,2.2708001136779785
bo_unconstrained,18,19,0.8865044212191752,False,0.7319879430136202,2.2708001136779785
bo_unconstrained,18,20,0.8243076220089248,False,0.7319879430136202,2.2708001136779785
bo_unconstrained,18,21,0.8862145292996336,False,0.7319879430136202,2.2708001136779785
bo_unconstrained,18,22,0.6428181962088089,False,0.7319879430136202,2.2708001136779785
bo_unconstrained,18,23,0.8166918257965919,True,0.8166918257965919,2.2708001136779785
bo_unconstrained,18,24,0.8968134042609768,False,0.8166918257965919,2.2708001136779785
bo_unconstrained,18,25,0.8822784864465565,True,0.8822784864465565,2.2708001136779785
bo_unconstrained,19,1,0.45665997270896536,True,0.45665997270896536,4.93923807144165
bo_unconstrained,19,2,0.8535461858534279,False,0.45665997270896536,4.93923807144165
bo_unconstrained,19,3,0.804456413268186,False,0.45665997270896536,4.93923807144165
bo_unconstrained,19,4,0.8644914802352295,False,0.45665997270896536,4.93923807144165
bo_unconstrained,19,5,0.783607998038195,False,0.45665997270896536,4.93923807144165
bo_unconstrained,19,6,0.8602174630563394,False,0.45665997270896536,4.93923807144165
bo_unconstrained,19,7,0.6572839496863189,False,0.45665997270896536,4.93923807144165
bo_unconstrained,19,8,0.8155375832577313,False,0.45665997270896536,4.93923807144165
bo_unconstrained,19,9,0.8289415063592873,False,0.45665997270896536,4.93923807144165
bo_unconstrained,19,10,0.8580048738580534,False,0.45665997270896536,4.93923807144165
bo_unconstrained,19,11,0.2738524990548952,False,0.45665997270896536,4.93923807144165
bo_unconstrained,19,12,0.7684021431204763,True,0.7684021431204763,4.93923807144165
bo_unconstrained,19,13,0.8256909845732805,False,0.7684021431204763,4.93923807144165
bo_unconstrained,19,14,0.6996223589350989,False,0.7684021431204763,4.93923807144165
bo_unconstrained,19,15,0.8577405553462027,False,0.7684021431204763,4.93923807144165
bo_unconstrained,19,16,0.5386820014223545,True,0.7684021431204763,4.93923807144165
bo_unconstrained,19,17,0.8926668907628504,False,0.7684021431204763,4.93923807144165
bo_unconstrained,19,18,0.84419581083084,False,0.7684021431204763,4.93923807144165
bo_unconstrained,19,19,0.8970463365287096,False,0.7684021431204763,4.93923807144165
bo_unconstrained,19,20,0.8875228523351191,False,0.7684021431204763,4.93923807144165
bo_unconstrained,19,21,0.8857021653973276,False,0.7684021431204763,4.93923807144165
bo_unconstrained,19,22,0.8889940279304024,False,0.7684021431204763,4.93923807144165
bo_unconstrained,19,23,0.8728896343130282,False,0.7684021431204763,4.93923807144165
bo_unconstrained,19,24,0.8913963596188854,False,0.7684021431204763,4.93923807144165
bo_unconstrained,19,25,0.8653642853242485,False,0.7684021431204763,4.93923807144165
bo_unconstrained,20,1,0.8600066983351211,False,,2.8570425510406494
bo_unconstrained,20,2,0.8358054667800663,False,,2.8570425510406494
bo_unconstrained,20,3,0.6820119130232778,False,,2.8570425510406494
bo_unconstrained,20,4,0.7942295725946636,True,0.7942295725946636,2.8570425510406494
bo_unconstrained,20,5,0.6313932238420176,False,0.7942295725946636,2.8570425510406494
bo_unconstrained,20,6,0.8091902624072447,False,0.7942295725946636,2.8570425510406494
bo_unconstrained,20,7,0.8037086489008096,False,0.7942295725946636,2.8570425510406494
bo_unconstrained,20,8,0.8814379502736106,False,0.7942295725946636,2.8570425510406494
bo_unconstrained,20,9,0.8717891602923231,False,0.7942295725946636,2.8570425510406494
bo_unconstrained,20,10,0.8711314408111261,False,0.7942295725946636,2.8570425510406494
bo_unconstrained,20,11,0.8161049561791403,False,0.7942295725946636,2.8570425510406494
bo_unconstrained,20,12,0.8751133526513651,False,0.7942295725946636,2.8570425510406494
bo_unconstrained,20,13,0.8277168580227071,False,0.7942295725946636,2.8570425510406494
bo_unconstrained,20,14,0.04891698549172099,True,0.7942295725946636,2.8570425510406494
bo_unconstrained,20,15,0.7932329309446435,True,0.7942295725946636,2.8570425510406494
bo_unconstrained,20,16,0.838964815224542,False,0.7942295725946636,2.8570425510406494
bo_unconstrained,20,17,0.8927589231873269,False,0.7942295725946636,2.8570425510406494
bo_unconstrained,20,18,0.8810456944770778,False,0.7942295725946636,2.8570425510406494
bo_unconstrained,20,19,0.7573327797910361,False,0.7942295725946636,2.8570425510406494
bo_unconstrained,20,20,0.8298392462565574,False,0.7942295725946636,2.8570425510406494
bo_unconstrained,20,21,0.8848911383843261,False,0.7942295725946636,2.8570425510406494
bo_unconstrained,20,22,0.8821289978033087,False,0.7942295725946636,2.8570425510406494
bo_unconstrained,20,23,0.8908342380169362,False,0.7942295725946636,2.8570425510406494
bo_unconstrained,20,24,0.89146561681097,False,0.7942295725946636,2.8570425510406494
bo_unconstrained,20,25,0.8654045185174464,False,0.7942295725946636,2.8570425510406494
bo_unconstrained,21,1,0.8699166400335501,False,,2.1723251342773438
bo_unconstrained,21,2,0.5953604153879274,True,0.5953604153879274,2.1723251342773438
bo_unconstrained,21,3,0.8142366947579528,False,0.5953604153879274,2.1723251342773438
bo_unconstrained,21,4,0.7034245617284486,False,0.5953604153879274,2.1723251342773438
bo_unconstrained,21,5,0.8401923418271297,False,0.5953604153879274,2.1723251342773438
bo_unconstrained,21,6,0.8438144046679175,False,0.5953604153879274,2.1723251342773438
bo_unconstrained,21,7,0.8061201558000645,True,0.8061201558000645,2.1723251342773438
bo_unconstrained,21,8,0.8721644574221162,False,0.8061201558000645,2.1723251342773438
bo_unconstrained,21,9,0.8967535310854537,False,0.8061201558000645,2.1723251342773438
bo_unconstrained,21,10,0.7979602433022901,False,0.8061201558000645,2.1723251342773438
bo_unconstrained,21,11,0.8975594285186629,False,0.8061201558000645,2.1723251342773438
bo_unconstrained,21,12,0.8858842360701523,False,0.8061201558000645,2.1723251342773438
bo_unconstrained,21,13,0.8892395349930396,False,0.8061201558000645,2.1723251342773438
bo_unconstrained,21,14,0.7690839101322906,False,0.8061201558000645,2.1723251342773438
bo_unconstrained,21,15,0.6877640479352383,False,0.8061201558000645,2.1723251342773438
bo_unconstrained,21,16,0.8929747173197773,False,0.8061201558000645,2.1723251342773438
bo_unconstrained,21,17,0.8739157624728986,False,0.8061201558000645,2.1723251342773438
bo_unconstrained,21,18,0.8765096788804813,True,0.8765096788804813,2.1723251342773438
bo_unconstrained,21,19,0.8241991075232084,False,0.8765096788804813,2.1723251342773438
bo_unconstrained,21,20,0.7816554035615929,False,0.8765096788804813,2.1723251342773438
bo_unconstrained,21,21,0.8881819713451582,False,0.8765096788804813,2.1723251342773438
bo_unconstrained,21,22,0.8289415063592873,False,0.8765096788804813,2.1723251342773438
bo_unconstrained,21,23,0.884206268339979,True,0.884206268339979,2.1723251342773438
bo_unconstrained,21,24,0.8718636396053587,False,0.884206268339979,2.1723251342773438
bo_unconstrained,21,25,0.8813863321328869,False,0.884206268339979,2.1723251342773438
bo_unconstrained,22,1,0.7973687061737396,False,,3.5471653938293457
bo_unconstrained,22,2,0.8627503310840785,False,,3.5471653938293457
bo_unconstrained,22,3,0.7392310247883853,True,0.7392310247883853,3.5471653938293457
bo_unconstrained,22,4,0.887629977339837,False,0.7392310247883853,3.5471653938293457
bo_unconstrained,22,5,0.7852237618633652,False,0.7392310247883853,3.5471653938293457
bo_unconstrained,22,6,0.7110851632362969,True,0.7392310247883853,3.5471653938293457
bo_unconstrained,22,7,0.8447035152539913,False,0.7392310247883853,3.5471653938293457
bo_unconstrained,22,8,0.8445317725796676,False,0.7392310247883853,3.5471653938293457
bo_unconstrained,22,9,0.8737961787010161,False,0.7392310247883853,3.5471653938293457
bo_unconstrained,22,10,0.8547358320108049,False,0.7392310247883853,3.5471653938293457
bo_unconstrained,22,11,0.878243534110755,False,0.7392310247883853,3.5471653938293457
bo_unconstrained,22,12,0.8852382394060493,False,0.7392310247883853,3.5471653938293457
bo_unconstrained,22,13,0.8940397504168647,False,0.7392310247883853,3.5471653938293457
bo_unconstrained,22,14,0.644041693279189,False,0.7392310247883853,3.5471653938293457
bo_unconstrained,22,15,0.8390136173780146,False,0.7392310247883853,3.5471653938293457
bo_unconstrained,22,16,0.8825127040571773,False,0.7392310247883853,3.5471653938293457
bo_unconstrained,22,17,0.8296098615341377,False,0.7392310247883853,3.5471653938293457
bo_unconstrained,22,18,0.5852154372738335,False,0.7392310247883853,3.5471653938293457
bo_unconstrained,22,19,0.8734319230293944,False,0.7392310247883853,3.5471653938293457
bo_unconstrained,22,20,0.8926920811916579,False,0.7392310247883853,3.5471653938293457
bo_unconstrained,22,21,0.8761939877400426,False,0.7392310247883853,3.5471653938293457
bo_unconstrained,22,22,0.8850075245906521,False,0.7392310247883853,3.5471653938293457
bo_unconstrained,22,23,0.6696448804097863,False,0.7392310247883853,3.5471653938293457
bo_unconstrained,22,24,0.884623636877081,False,0.7392310247883853,3.5471653938293457
bo_unconstrained,22,25,0.8289415063592873,False,0.7392310247883853,3.5471653938293457
bo_unconstrained,23,1,0.8250046202839891,False,,4.3993611335754395
bo_unconstrained,23,2,0.8663060223081871,False,,4.3993611335754395
bo_unconstrained,23,3,0.7500388724822102,False,,4.3993611335754395
bo_unconstrained,23,4,0.7128695484839326,False,,4.3993611335754395
bo_unconstrained,23,5,0.7135737749101899,True,0.7135737749101899,4.3993611335754395
bo_unconstrained,23,6,0.5748790274575257,False,0.7135737749101899,4.3993611335754395
bo_unconstrained,23,7,0.881621011906874,False,0.7135737749101899,4.3993611335754395
bo_unconstrained,23,8,0.8289415063592873,False,0.7135737749101899,4.3993611335754395
bo_unconstrained,23,9,0.8077675746188814,False,0.7135737749101899,4.3993611335754395
bo_unconstrained,23,10,0.7990589419769005,True,0.7990589419769005,4.3993611335754395
bo_unconstrained,23,11,0.862500590808484,False,0.7990589419769005,4.3993611335754395
bo_unconstrained,23,12,0.8862082291619676,False,0.7990589419769005,4.3993611335754395
bo_unconstrained,23,13,0.89492149886234,False,0.7990589419769005,4.3993611335754395
bo_unconstrained,23,14,0.8218416054606581,False,0.7990589419769005,4.3993611335754395
bo_unconstrained,23,15,0.8868589403410919,False,0.7990589419769005,4.3993611335754395
bo_unconstrained,23,16,0.8776196899725026,False,0.7990589419769005,4.3993611335754395
bo_unconstrained,23,17,0.8804992828001543,False,0.7990589419769005,4.3993611335754395
bo_unconstrained,23,18,0.817050031056711,False,0.7990589419769005,4.3993611335754395
bo_unconstrained,23,19,0.8006565567509659,False,0.7990589419769005,4.3993611335754395
bo_unconstrained,23,20,0.6363808639322435,True,0.7990589419769005,4.3993611335754395
bo_unconstrained,23,21,0.8906175918932887,False,0.7990589419769005,4.3993611335754395
bo_unconstrained,23,22,0.8746022856231671,False,0.7990589419769005,4.3993611335754395
bo_unconstrained,23,23,0.88765929268614,False,0.7990589419769005,4.3993611335754395
bo_unconstrained,23,24,0.8599901467842057,True,0.8599901467842057,4.3993611335754395
bo_unconstrained,23,25,0.8624786035217579,False,0.8599901467842057,4.3993611335754395
bo_unconstrained,24,1,0.7820975633049004,False,,4.283987522125244
bo_unconstrained,24,2,0.7258772746294978,False,,4.283987522125244
bo_unconstrained,24,3,0.8489676791903649,False,,4.283987522125244
bo_unconstrained,24,4,0.8786164651382367,False,,4.283987522125244
bo_unconstrained,24,5,0.5844647478739311,True,0.5844647478739311,4.283987522125244
bo_unconstrained,24,6,0.8271126274180521,True,0.8271126274180521,4.283987522125244
bo_unconstrained,24,7,0.8596021658618312,False,0.8271126274180521,4.283987522125244
bo_unconstrained,24,8,0.7701030652695883,False,0.8271126274180521,4.283987522125244
bo_unconstrained,24,9,0.8836369683174748,False,0.8271126274180521,4.283987522125244
bo_unconstrained,24,10,0.8231083966607139,False,0.8271126274180521,4.283987522125244
bo_unconstrained,24,11,0.8931909509743895,False,0.8271126274180521,4.283987522125244
bo_unconstrained,24,12,0.6804076035869517,True,0.8271126274180521,4.283987522125244
bo_unconstrained,24,13,0.8882766213277237,False,0.8271126274180521,4.283987522125244
bo_unconstrained,24,14,0.8736604137426882,False,0.8271126274180521,4.283987522125244
bo_unconstrained,24,15,0.8939186199307759,False,0.8271126274180521,4.283987522125244
bo_unconstrained,24,16,0.8885593423888705,False,0.8271126274180521,4.283987522125244
bo_unconstrained,24,17,0.8851986370143434,False,0.8271126274180521,4.283987522125244
bo_unconstrained,24,18,0.8866463805822221,False,0.8271126274180521,4.283987522125244
bo_unconstrained,24,19,0.8831638638460052,False,0.8271126274180521,4.283987522125244
bo_unconstrained,24,20,0.891968106287648,False,0.8271126274180521,4.283987522125244
bo_unconstrained,24,21,0.8912698287031215,False,0.8271126274180521,4.283987522125244
bo_unconstrained,24,22,0.8178477938561645,False,0.8271126274180521,4.283987522125244
bo_unconstrained,24,23,0.7847761078163209,False,0.8271126274180521,4.283987522125244
bo_unconstrained,24,24,0.8690583140290234,False,0.8271126274180521,4.283987522125244
bo_unconstrained,24,25,0.8853482244213918,False,0.8271126274180521,4.283987522125244
bo_unconstrained,25,1,0.6874174575601568,False,,5.422351598739624
bo_unconstrained,25,2,0.800762485290289,False,,5.422351598739624
bo_unconstrained,25,3,0.8202747319893536,True,0.8202747319893536,5.422351598739624
bo_unconstrained,25,4,0.8718470815863815,False,0.8202747319893536,5.422351598739624
bo_unconstrained,25,5,0.6356828152970824,True,0.8202747319893536,5.422351598739624
bo_unconstrained,25,6,0.8756056703553894,False,0.8202747319893536,5.422351598739624
bo_unconstrained,25,7,0.846084035299836,False,0.8202747319893536,5.422351598739624
bo_unconstrained,25,8,0.8664739888095323,False,0.8202747319893536,5.422351598739624
bo_unconstrained,25,9,0.5520420018199682,True,0.8202747319893536,5.422351598739624
bo_unconstrained,25,10,0.8224272027230464,False,0.8202747319893536,5.422351598739624
bo_unconstrained,25,11,0.791077533278353,True,0.8202747319893536,5.422351598739624
bo_unconstrained,25,12,0.7774365872002282,False,0.8202747319893536,5.422351598739624
bo_unconstrained,25,13,0.8857421253606002,False,0.8202747319893536,5.422351598739624
bo_unconstrained,25,14,0.8865931204344035,False,0.8202747319893536,5.422351598739624
bo_unconstrained,25,15,0.8672243588987179,False,0.8202747319893536,5.422351598739624
bo_unconstrained,25,16,0.8638261080269548,False,0.8202747319893536,5.422351598739624
bo_unconstrained,25,17,0.8728952366541757,False,0.8202747319893536,5.422351598739624
bo_unconstrained,25,18,0.8687481779919514,False,0.8202747319893536,5.422351598739624
bo_unconstrained,25,19,0.8897334720393631,False,0.8202747319893536,5.422351598739624
bo_unconstrained,25,20,0.8887667906782953,False,0.8202747319893536,5.422351598739624
bo_unconstrained,25,21,0.8885998246316514,False,0.8202747319893536,5.422351598739624
bo_unconstrained,25,22,0.8889894332759162,False,0.8202747319893536,5.422351598739624
bo_unconstrained,25,23,0.8909853647823114,False,0.8202747319893536,5.422351598739624
bo_unconstrained,25,24,0.8844628185179922,False,0.8202747319893536,5.422351598739624
bo_unconstrained,25,25,0.8949480190990945,False,0.8202747319893536,5.422351598739624
bo_unconstrained,26,1,0.7915199622978988,False,,4.716384172439575
bo_unconstrained,26,2,0.8152263655775766,True,0.8152263655775766,4.716384172439575
bo_unconstrained,26,3,0.8575154642525508,False,0.8152263655775766,4.716384172439575
bo_unconstrained,26,4,0.8720509685998068,False,0.8152263655775766,4.716384172439575
bo_unconstrained,26,5,0.7993539214280401,False,0.8152263655775766,4.716384172439575
bo_unconstrained,26,6,0.7261575221729579,True,0.8152263655775766,4.716384172439575
bo_unconstrained,26,7,0.6500658199297741,False,0.8152263655775766,4.716384172439575
bo_unconstrained,26,8,0.8778742326506878,False,0.8152263655775766,4.716384172439575
bo_unconstrained,26,9,0.7745825404696256,True,0.8152263655775766,4.716384172439575
bo_unconstrained,26,10,0.8732596722665914,False,0.8152263655775766,4.716384172439575
bo_unconstrained,26,11,0.8806280702501387,False,0.8152263655775766,4.716384172439575
bo_unconstrained,26,12,0.8678112747391497,False,0.8152263655775766,4.716384172439575
bo_unconstrained,26,13,0.8854924252899601,False,0.8152263655775766,4.716384172439575
bo_unconstrained,26,14,0.8261185901894975,False,0.8152263655775766,4.716384172439575
bo_unconstrained,26,15,0.8279335612466119,False,0.8152263655775766,4.716384172439575
bo_unconstrained,26,16,0.858870556932056,False,0.8152263655775766,4.716384172439575
bo_unconstrained,26,17,0.8742876779999508,False,0.8152263655775766,4.716384172439575
bo_unconstrained,26,18,0.8940360377429086,False,0.8152263655775766,4.716384172439575
bo_unconstrained,26,19,0.8600358780351908,False,0.8152263655775766,4.716384172439575
bo_unconstrained,26,20,0.855025222125279,False,0.8152263655775766,4.716384172439575
bo_unconstrained,26,21,0.3694057858717169,True,0.8152263655775766,4.716384172439575
bo_unconstrained,26,22,0.8369399617838993,False,0.8152263655775766,4.716384172439575
bo_unconstrained,26,23,0.4588575485512057,True,0.8152263655775766,4.716384172439575
bo_unconstrained,26,24,0.7878747217366486,False,0.8152263655775766,4.716384172439575
bo_unconstrained,26,25,0.857236778985763,False,0.8152263655775766,4.716384172439575
bo_unconstrained,27,1,0.3250014005901664,True,0.3250014005901664,5.348558187484741
bo_unconstrained,27,2,0.8458586574439044,False,0.3250014005901664,5.348558187484741
bo_unconstrained,27,3,0.8192872938610363,False,0.3250014005901664,5.348558187484741
bo_unconstrained,27,4,0.7707719010593524,True,0.7707719010593524,5.348558187484741
bo_unconstrained,27,5,0.888895270833304,False,0.7707719010593524,5.348558187484741
bo_unconstrained,27,6,0.8769936614427398,True,0.8769936614427398,5.348558187484741
bo_unconstrained,27,7,0.740814760489955,True,0.8769936614427398,5.348558187484741
bo_unconstrained,27,8,0.7845876306977564,True,0.8769936614427398,5.348558187484741
bo_unconstrained,27,9,0.8703683491242709,False,0.8769936614427398,5.348558187484741
bo_unconstrained,27,10,0.8196298448898416,False,0.8769936614427398,5.348558187484741
bo_unconstrained,27,11,0.8895298024613185,False,0.8769936614427398,5.348558187484741
bo_unconstrained,27,12,0.8230764764681806,False,0.8769936614427398,5.348558187484741
bo_unconstrained,27,13,0.8745243516809088,False,0.8769936614427398,5.348558187484741
bo_unconstrained,27,14,0.8975380018494343,False,0.8769936614427398,5.348558187484741
bo_unconstrained,27,15,0.7263918218454392,False,0.8769936614427398,5.348558187484741
bo_unconstrained,27,16,0.8280165439543666,False,0.8769936614427398,5.348558187484741
bo_unconstrained,27,17,0.7449885842862887,False,0.8769936614427398,5.348558187484741
bo_unconstrained,27,18,0.8798858798675604,False,0.8769936614427398,5.348558187484741
bo_unconstrained,27,19,0.8833119841744883,False,0.8769936614427398,5.348558187484741
bo_unconstrained,27,20,0.8806877849146229,False,0.8769936614427398,5.348558187484741
bo_unconstrained,27,21,0.8742189933042958,False,0.8769936614427398,5.348558187484741
bo_unconstrained,27,22,0.8863458955963546,False,0.8769936614427398,5.348558187484741
bo_unconstrained,27,23,0.885141391728353,False,0.8769936614427398,5.348558187484741
bo_unconstrained,27,24,0.6976802221875795,False,0.8769936614427398,5.348558187484741
bo_unconstrained,27,25,0.8845099906696962,False,0.8769936614427398,5.348558187484741
bo_unconstrained,28,1,0.8362895800117403,False,,4.271942853927612
bo_unconstrained,28,2,0.5878417149184556,True,0.5878417149184556,4.271942853927612
bo_unconstrained,28,3,0.8859990676673333,False,0.5878417149184556,4.271942853927612
bo_unconstrained,28,4,0.8395617766117318,False,0.5878417149184556,4.271942853927612
bo_unconstrained,28,5,0.8185227690392218,False,0.5878417149184556,4.271942853927612
bo_unconstrained,28,6,0.8352696501000144,False,0.5878417149184556,4.271942853927612
bo_unconstrained,28,7,0.8289415063592873,False,0.5878417149184556,4.271942853927612
bo_unconstrained,28,8,0.8758451947576825,False,0.5878417149184556,4.271942853927612
bo_unconstrained,28,9,0.8938201045936389,False,0.5878417149184556,4.271942853927612
bo_unconstrained,28,10,0.8625883798245032,False,0.5878417149184556,4.271942853927612
bo_unconstrained,28,11,0.878706263867225,False,0.5878417149184556,4.271942853927612
bo_unconstrained,28,12,0.8807490124761967,False,0.5878417149184556,4.271942853927612
bo_unconstrained,28,13,0.8807085054529206,False,0.5878417149184556,4.271942853927612
bo_unconstrained,28,14,0.8803418578581853,False,0.5878417149184556,4.271942853927612
bo_unconstrained,28,15,0.8790670135151698,False,0.5878417149184556,4.271942853927612
bo_unconstrained,28,16,0.8794138726243945,False,0.5878417149184556,4.271942853927612
bo_unconstrained,28,17,0.8797612631346841,False,0.5878417149184556,4.271942853927612
bo_unconstrained,28,18,0.8787603845886597,False,0.5878417149184556,4.271942853927612
bo_unconstrained,28,19,0.8801060330191961,False,0.5878417149184556,4.271942853927612
bo_unconstrained,28,20,0.7636043997721942,False,0.5878417149184556,4.271942853927612
bo_unconstrained,28,21,0.887512290502135,False,0.5878417149184556,4.271942853927612
bo_unconstrained,28,22,0.8831454642023082,False,0.5878417149184556,4.271942853927612
bo_unconstrained,28,23,0.7534916030158569,False,0.5878417149184556,4.271942853927612
bo_unconstrained,28,24,0.8688449827452147,False,0.5878417149184556,4.271942853927612
bo_unconstrained,28,25,0.6737897995538162,True,0.6737897995538162,4.271942853927612
bo_unconstrained,29,1,0.7755985770841985,True,0.7755985770841985,3.224069595336914
bo_unconstrained,29,2,0.8800184535770748,False,0.7755985770841985,3.224069595336914
bo_unconstrained,29,3,0.8259149992647219,False,0.7755985770841985,3.224069595336914
bo_unconstrained,29,4,0.7377795512531303,False,0.7755985770841985,3.224069595336914
bo_unconstrained,29,5,0.7828699021353316,False,0.7755985770841985,3.224069595336914
bo_unconstrained,29,6,0.8474279964415334,False,0.7755985770841985,3.224069595336914
bo_unconstrained,29,7,0.8448361374271331,False,0.7755985770841985,3.224069595336914
bo_unconstrained,29,8,0.8692750581393935,False,0.7755985770841985,3.224069595336914
bo_unconstrained,29,9,0.8280335778007277,False,0.7755985770841985,3.224069595336914
bo_unconstrained,29,10,0.40182532565869084,False,0.7755985770841985,3.224069595336914
bo_unconstrained,29,11,0.7888556275021743,True,0.7888556275021743,3.224069595336914
bo_unconstrained,29,12,0.8386694741066051,False,0.7888556275021743,3.224069595336914
bo_unconstrained,29,13,0.8289415063592873,False,0.7888556275021743,3.224069595336914
bo_unconstrained,29,14,0.864152432818521,False,0.7888556275021743,3.224069595336914
bo_unconstrained,29,15,0.8453039893847081,False,0.7888556275021743,3.224069595336914
bo_unconstrained,29,16,0.8267159000093958,False,0.7888556275021743,3.224069595336914
bo_unconstrained,29,17,0.8189276001803709,False,0.7888556275021743,3.224069595336914
bo_unconstrained,29,18,0.810918525821831,False,0.7888556275021743,3.224069595336914
bo_unconstrained,29,19,0.7926130807650482,False,0.7888556275021743,3.224069595336914
bo_unconstrained,29,20,0.8609483908907959,False,0.7888556275021743,3.224069595336914
bo_unconstrained,29,21,0.8255507695935496,False,0.7888556275021743,3.224069595336914
bo_unconstrained,29,22,0.8235564487711557,False,0.7888556275021743,3.224069595336914
bo_unconstrained,29,23,0.8371471457007749,False,0.7888556275021743,3.224069595336914
bo_unconstrained,29,24,0.8505189184192574,False,0.7888556275021743,3.224069595336914
bo_unconstrained,29,25,0.8379593867384103,False,0.7888556275021743,3.224069595336914
bo_unconstrained,30,1,0.8566575997129477,False,,5.102352857589722
bo_unconstrained,30,2,0.7868563729079029,False,,5.102352857589722
bo_unconstrained,30,3,0.8268878321749417,False,,5.102352857589722
bo_unconstrained,30,4,0.8367660574319601,False,,5.102352857589722
bo_unconstrained,30,5,0.8561021263490417,False,,5.102352857589722
bo_unconstrained,30,6,0.8568164600745374,False,,5.102352857589722
bo_unconstrained,30,7,0.8645910277503444,False,,5.102352857589722
bo_unconstrained,30,8,0.8099040930161279,False,,5.102352857589722
bo_unconstrained,30,9,0.8565005665663978,False,,5.102352857589722
bo_unconstrained,30,10,0.743758697633238,True,0.743758697633238,5.102352857589722
bo_unconstrained,30,11,0.8187292591162489,True,0.8187292591162489,5.102352857589722
bo_unconstrained,30,12,0.8758593436438297,False,0.8187292591162489,5.102352857589722
bo_unconstrained,30,13,0.8789425512143357,False,0.8187292591162489,5.102352857589722
bo_unconstrained,30,14,0.2718201488527337,True,0.8187292591162489,5.102352857589722
bo_unconstrained,30,15,0.6509040872673656,False,0.8187292591162489,5.102352857589722
bo_unconstrained,30,16,0.8289415063592873,False,0.8187292591162489,5.102352857589722
bo_unconstrained,30,17,0.8821100760387173,False,0.8187292591162489,5.102352857589722
bo_unconstrained,30,18,0.8686104167901124,False,0.8187292591162489,5.102352857589722
bo_unconstrained,30,19,0.8902734608857338,False,0.8187292591162489,5.102352857589722
bo_unconstrained,30,20,0.8920506301199569,False,0.8187292591162489,5.102352857589722
bo_unconstrained,30,21,0.8891740547184488,False,0.8187292591162489,5.102352857589722
bo_unconstrained,30,22,0.8978331137551135,False,0.8187292591162489,5.102352857589722
bo_unconstrained,30,23,0.8893796077980285,False,0.8187292591162489,5.102352857589722
bo_unconstrained,30,24,0.7934807096310831,False,0.8187292591162489,5.102352857589722
bo_unconstrained,30,25,0.8885166619569513,False,0.8187292591162489,5.102352857589722
bo_unconstrained,31,1,0.686612130336848,False,,4.098823070526123
bo_unconstrained,31,2,0.7023702459794252,True,0.7023702459794252,4.098823070526123
bo_unconstrained,31,3,0.7822340392772752,False,0.7023702459794252,4.098823070526123
bo_unconstrained,31,4,0.8879788111427969,False,0.7023702459794252,4.098823070526123
bo_unconstrained,31,5,0.868970974251353,False,0.7023702459794252,4.098823070526123
bo_unconstrained,31,6,0.8287779900905233,False,0.7023702459794252,4.098823070526123
bo_unconstrained,31,7,0.8825476440025337,False,0.7023702459794252,4.098823070526123
bo_unconstrained,31,8,0.8252866142582711,False,0.7023702459794252,4.098823070526123
bo_unconstrained,31,9,0.8894293503096353,False,0.7023702459794252,4.098823070526123
bo_unconstrained,31,10,0.8705957608871104,False,0.7023702459794252,4.098823070526123
bo_unconstrained,31,11,0.4238690335373442,True,0.7023702459794252,4.098823070526123
bo_unconstrained,31,12,0.8863105707276896,False,0.7023702459794252,4.098823070526123
bo_unconstrained,31,13,0.6877640479352383,False,0.7023702459794252,4.098823070526123
bo_unconstrained,31,14,0.8824872956128812,False,0.7023702459794252,4.098823070526123
bo_unconstrained,31,15,0.7947359888453608,True,0.7947359888453608,4.098823070526123
bo_unconstrained,31,16,0.8913292248122362,False,0.7947359888453608,4.098823070526123
bo_unconstrained,31,17,0.6376677104166588,True,0.7947359888453608,4.098823070526123
bo_unconstrained,31,18,0.884717881745639,False,0.7947359888453608,4.098823070526123
bo_unconstrained,31,19,0.8880105614464189,False,0.7947359888453608,4.098823070526123
bo_unconstrained,31,20,0.8887086115131141,False,0.7947359888453608,4.098823070526123
bo_unconstrained,31,21,0.889546055894025,False,0.7947359888453608,4.098823070526123
bo_unconstrained,31,22,0.8813310670465836,False,0.7947359888453608,4.098823070526123
bo_unconstrained,31,23,0.8849776944216494,False,0.7947359888453608,4.098823070526123
bo_unconstrained,31,24,0.8865904487839159,False,0.7947359888453608,4.098823070526123
bo_unconstrained,31,25,0.8804890968887167,False,0.7947359888453608,4.098823070526123
bo_unconstrained,32,1,0.8739700201397349,False,,4.306094169616699
bo_unconstrained,32,2,0.8569159966924554,False,,4.306094169616699
bo_unconstrained,32,3,0.7052622025745219,False,,4.306094169616699
bo_unconstrained,32,4,0.809046471632338,False,,4.306094169616699
bo_unconstrained,32,5,0.8464157023924564,False,,4.306094169616699
bo_unconstrained,32,6,0.8060238439443547,False,,4.306094169616699
bo_unconstrained,32,7,0.8053291929586713,False,,4.306094169616699
bo_unconstrained,32,8,0.8566097601019674,False,,4.306094169616699
bo_unconstrained,32,9,0.865850759031948,False,,4.306094169616699
bo_unconstrained,32,10,0.7687613355454218,True,0.7687613355454218,4.306094169616699
bo_unconstrained,32,11,0.8731686763923073,False,0.7687613355454218,4.306094169616699
bo_unconstrained,32,12,0.8874699261520972,False,0.7687613355454218,4.306094169616699
bo_unconstrained,32,13,0.7738027082381767,False,0.7687613355454218,4.306094169616699
bo_unconstrained,32,14,0.866225721546647,False,0.7687613355454218,4.306094169616699
bo_unconstrained,32,15,0.8826580090790794,True,0.8826580090790794,4.306094169616699
bo_unconstrained,32,16,0.7947359888453608,True,0.8826580090790794,4.306094169616699
bo_unconstrained,32,17,0.8974279813039494,False,0.8826580090790794,4.306094169616699
bo_unconstrained,32,18,0.8893773993429309,False,0.8826580090790794,4.306094169616699
bo_unconstrained,32,19,0.4935968854750766,False,0.8826580090790794,4.306094169616699
bo_unconstrained,32,20,0.8943646189271904,False,0.8826580090790794,4.306094169616699
bo_unconstrained,32,21,0.8673064176306589,False,0.8826580090790794,4.306094169616699
bo_unconstrained,32,22,0.8865942658088181,False,0.8826580090790794,4.306094169616699
bo_unconstrained,32,23,0.11200308436198622,True,0.8826580090790794,4.306094169616699
bo_unconstrained,32,24,0.6315307249365779,False,0.8826580090790794,4.306094169616699
bo_unconstrained,32,25,0.8104930710840911,False,0.8826580090790794,4.306094169616699
bo_unconstrained,33,1,0.45055743323266384,True,0.45055743323266384,3.2007908821105957
bo_unconstrained,33,2,0.8826681813032539,False,0.45055743323266384,3.2007908821105957
bo_unconstrained,33,3,0.7877788203428611,False,0.45055743323266384,3.2007908821105957
bo_unconstrained,33,4,0.8345125813372594,False,0.45055743323266384,3.2007908821105957
bo_unconstrained,33,5,0.8747615579520455,False,0.45055743323266384,3.2007908821105957
bo_unconstrained,33,6,0.8544700862222236,False,0.45055743323266384,3.2007908821105957
bo_unconstrained,33,7,0.7955335171197385,False,0.45055743323266384,3.2007908821105957
bo_unconstrained,33,8,0.8257660168921799,False,0.45055743323266384,3.2007908821105957
bo_unconstrained,33,9,0.8878423353282381,False,0.45055743323266384,3.2007908821105957
bo_unconstrained,33,10,0.888230506721858,False,0.45055743323266384,3.2007908821105957
bo_unconstrained,33,11,0.8824886364681618,False,0.45055743323266384,3.2007908821105957
bo_unconstrained,33,12,0.6819707702365867,False,0.45055743323266384,3.2007908821105957
bo_unconstrained,33,13,0.7947359888453608,True,0.7947359888453608,3.2007908821105957
bo_unconstrained,33,14,0.7631324198490771,False,0.7947359888453608,3.2007908821105957
bo_unconstrained,33,15,0.8848373935993834,False,0.7947359888453608,3.2007908821105957
bo_unconstrained,33,16,0.6376677104166588,True,0.7947359888453608,3.2007908821105957
bo_unconstrained,33,17,0.8561528863713653,False,0.7947359888453608,3.2007908821105957
bo_unconstrained,33,18,0.8255144343168405,False,0.7947359888453608,3.2007908821105957
bo_unconstrained,33,19,0.8123608694043521,True,0.8123608694043521,3.2007908821105957
bo_unconstrained,33,20,0.4935968854750766,False,0.8123608694043521,3.2007908821105957
bo_unconstrained,33,21,0.8709964104334722,False,0.8123608694043521,3.2007908821105957
bo_unconstrained,33,22,0.8834965672171545,False,0.8123608694043521,3.2007908821105957
bo_unconstrained,33,23,0.8933234736936444,False,0.8123608694043521,3.2007908821105957
bo_unconstrained,33,24,0.8876765665070413,False,0.8123608694043521,3.2007908821105957
bo_unconstrained,33,25,0.8877977918914788,False,0.8123608694043521,3.2007908821105957
bo_unconstrained,34,1,0.8582984409979925,False,,3.8451130390167236
bo_unconstrained,34,2,0.8590502289468871,False,,3.8451130390167236
bo_unconstrained,34,3,0.7793537032094123,False,,3.8451130390167236
bo_unconstrained,34,4,0.5812635291274421,True,0.5812635291274421,3.8451130390167236
bo_unconstrained,34,5,0.672254506319234,True,0.672254506319234,3.8451130390167236
bo_unconstrained,34,6,0.8263852755733828,False,0.672254506319234,3.8451130390167236
bo_unconstrained,34,7,0.7947075876496641,False,0.672254506319234,3.8451130390167236
bo_unconstrained,34,8,0.8695615140983328,False,0.672254506319234,3.8451130390167236
bo_unconstrained,34,9,0.7802330202253771,False,0.672254506319234,3.8451130390167236
bo_unconstrained,34,10,0.8296122450644056,False,0.672254506319234,3.8451130390167236
bo_unconstrained,34,11,0.7707135946361134,False,0.672254506319234,3.8451130390167236
bo_unconstrained,34,12,0.8954717220704664,False,0.672254506319234,3.8451130390167236
bo_unconstrained,34,13,0.8513952809729353,False,0.672254506319234,3.8451130390167236
bo_unconstrained,34,14,0.8623380172733953,False,0.672254506319234,3.8451130390167236
bo_unconstrained,34,15,0.8557483914878291,False,0.672254506319234,3.8451130390167236
bo_unconstrained,34,16,0.8730838677694266,True,0.8730838677694266,3.8451130390167236
bo_unconstrained,34,17,0.7306561928462184,False,0.8730838677694266,3.8451130390167236
bo_unconstrained,34,18,0.8866583433818525,False,0.8730838677694266,3.8451130390167236
bo_unconstrained,34,19,0.6819707702365867,False,0.8730838677694266,3.8451130390167236
bo_unconstrained,34,20,0.88519880826747,False,0.8730838677694266,3.8451130390167236
bo_unconstrained,34,21,0.7789522431227094,False,0.8730838677694266,3.8451130390167236
bo_unconstrained,34,22,0.8289415063592873,False,0.8730838677694266,3.8451130390167236
bo_unconstrained,34,23,0.8653418123385617,False,0.8730838677694266,3.8451130390167236
bo_unconstrained,34,24,0.8862083851413786,False,0.8730838677694266,3.8451130390167236
bo_unconstrained,34,25,0.8769397019463634,False,0.8730838677694266,3.8451130390167236
bo_unconstrained,35,1,0.7061309668913203,False,,2.7271370887756348
bo_unconstrained,35,2,0.7972864946557224,True,0.7972864946557224,2.7271370887756348
bo_unconstrained,35,3,0.7919756270167668,False,0.7972864946557224,2.7271370887756348
bo_unconstrained,35,4,0.8207277168780868,False,0.7972864946557224,2.7271370887756348
bo_unconstrained,35,5,0.8183517484746037,False,0.7972864946557224,2.7271370887756348
bo_unconstrained,35,6,0.6276576971841036,False,0.7972864946557224,2.7271370887756348
bo_unconstrained,35,7,0.8534071269507147,False,0.7972864946557224,2.7271370887756348
bo_unconstrained,35,8,0.7782218867210848,False,0.7972864946557224,2.7271370887756348
bo_unconstrained,35,9,0.7804829109556947,True,0.7972864946557224,2.7271370887756348
bo_unconstrained,35,10,0.777544787605969,True,0.7972864946557224,2.7271370887756348
bo_unconstrained,35,11,0.7701642094102826,True,0.7972864946557224,2.7271370887756348
bo_unconstrained,35,12,0.8060436629573542,True,0.8060436629573542,2.7271370887756348
bo_unconstrained,35,13,0.8374484187116549,False,0.8060436629573542,2.7271370887756348
bo_unconstrained,35,14,0.770862889282903,False,0.8060436629573542,2.7271370887756348
bo_unconstrained,35,15,0.8507938151016954,False,0.8060436629573542,2.7271370887756348
bo_unconstrained,35,16,0.870198369160498,False,0.8060436629573542,2.7271370887756348
bo_unconstrained,35,17,0.8819432450961096,False,0.8060436629573542,2.7271370887756348
bo_unconstrained,35,18,0.8116769149463748,True,0.8116769149463748,2.7271370887756348
bo_unconstrained,35,19,0.8839265987709868,False,0.8116769149463748,2.7271370887756348
bo_unconstrained,35,20,0.8949039923989903,False,0.8116769149463748,2.7271370887756348
bo_unconstrained,35,21,0.883608699849554,False,0.8116769149463748,2.7271370887756348
bo_unconstrained,35,22,0.891094705674462,False,0.8116769149463748,2.7271370887756348
bo_unconstrained,35,23,0.8738763026557754,False,0.8116769149463748,2.7271370887756348
bo_unconstrained,35,24,0.8970784764472437,False,0.8116769149463748,2.7271370887756348
bo_unconstrained,35,25,0.7906679865545081,False,0.8116769149463748,2.7271370887756348
bo_unconstrained,36,1,0.8118911809598787,False,,2.3838953971862793
bo_unconstrained,36,2,0.8830941516342732,False,,2.3838953971862793
bo_unconstrained,36,3,0.7765443429183801,True,0.7765443429183801,2.3838953971862793
bo_unconstrained,36,4,0.8006872007915129,True,0.8006872007915129,2.3838953971862793
bo_unconstrained,36,5,0.6183676418818259,False,0.8006872007915129,2.3838953971862793
bo_unconstrained,36,6,0.835111424153518,False,0.8006872007915129,2.3838953971862793
bo_unconstrained,36,7,0.8194083455782785,False,0.8006872007915129,2.3838953971862793
bo_unconstrained,36,8,0.7905753499873039,True,0.8006872007915129,2.3838953971862793
bo_unconstrained,36,9,0.8890002897390653,False,0.8006872007915129,2.3838953971862793
bo_unconstrained,36,10,0.8523233329329736,False,0.8006872007915129,2.3838953971862793
bo_unconstrained,36,11,0.8867357076391267,False,0.8006872007915129,2.3838953971862793
bo_unconstrained,36,12,0.8646685315682553,False,0.8006872007915129,2.3838953971862793
bo_unconstrained,36,13,0.839107991929848,True,0.839107991929848,2.3838953971862793
bo_unconstrained,36,14,0.7821834107014157,False,0.839107991929848,2.3838953971862793
bo_unconstrained,36,15,0.8703238085073407,False,0.839107991929848,2.3838953971862793
bo_unconstrained,36,16,0.8219700125576885,False,0.839107991929848,2.3838953971862793
bo_unconstrained,36,17,0.8541047594725858,False,0.839107991929848,2.3838953971862793
bo_unconstrained,36,18,0.8983166433101372,False,0.839107991929848,2.3838953971862793
bo_unconstrained,36,19,0.8955514630522414,False,0.839107991929848,2.3838953971862793
bo_unconstrained,36,20,0.08780151359180324,True,0.839107991929848,2.3838953971862793
bo_unconstrained,36,21,0.8145231619754916,False,0.839107991929848,2.3838953971862793
bo_unconstrained,36,22,0.8692161555031115,False,0.839107991929848,2.3838953971862793
bo_unconstrained,36,23,0.677501579807026,False,0.839107991929848,2.3838953971862793
bo_unconstrained,36,24,0.7095648868180396,True,0.839107991929848,2.3838953971862793
bo_unconstrained,36,25,0.8228183075087989,False,0.839107991929848,2.3838953971862793
bo_unconstrained,37,1,0.8554513832063457,True,0.8554513832063457,2.8037798404693604
bo_unconstrained,37,2,0.8879704249333501,False,0.8554513832063457,2.8037798404693604
bo_unconstrained,37,3,0.7365428706093199,True,0.8554513832063457,2.8037798404693604
bo_unconstrained,37,4,0.7730097899384762,False,0.8554513832063457,2.8037798404693604
bo_unconstrained,37,5,0.7610086339864837,False,0.8554513832063457,2.8037798404693604
bo_unconstrained,37,6,0.7740403895460434,True,0.8554513832063457,2.8037798404693604
bo_unconstrained,37,7,0.7091003220820573,True,0.8554513832063457,2.8037798404693604
bo_unconstrained,37,8,0.8172031703083199,False,0.8554513832063457,2.8037798404693604
bo_unconstrained,37,9,0.6307070583837764,True,0.8554513832063457,2.8037798404693604
bo_unconstrained,37,10,0.8677589152417505,True,0.8677589152417505,2.8037798404693604
bo_unconstrained,37,11,0.8893046664369173,False,0.8677589152417505,2.8037798404693604
bo_unconstrained,37,12,0.8959805324402474,False,0.8677589152417505,2.8037798404693604
bo_unconstrained,37,13,0.8293691441051644,False,0.8677589152417505,2.8037798404693604
bo_unconstrained,37,14,0.876031076444351,False,0.8677589152417505,2.8037798404693604
bo_unconstrained,37,15,0.6671081028428371,False,0.8677589152417505,2.8037798404693604
bo_unconstrained,37,16,0.688160516719978,False,0.8677589152417505,2.8037798404693604
bo_unconstrained,37,17,0.8906019143804559,False,0.8677589152417505,2.8037798404693604
bo_unconstrained,37,18,0.8868647005105417,False,0.8677589152417505,2.8037798404693604
bo_unconstrained,37,19,0.8892790861857619,False,0.8677589152417505,2.8037798404693604
bo_unconstrained,37,20,0.895070326203894,False,0.8677589152417505,2.8037798404693604
bo_unconstrained,37,21,0.7947359888453608,True,0.8677589152417505,2.8037798404693604
bo_unconstrained,37,22,0.8901599274529094,False,0.8677589152417505,2.8037798404693604
bo_unconstrained,37,23,0.8897653970643576,False,0.8677589152417505,2.8037798404693604
bo_unconstrained,37,24,0.897507523931339,False,0.8677589152417505,2.8037798404693604
bo_unconstrained,37,25,0.8579717210031126,False,0.8677589152417505,2.8037798404693604
bo_unconstrained,38,1,0.8607672937324288,False,,3.8191683292388916
bo_unconstrained,38,2,0.8288403449502093,False,,3.8191683292388916
bo_unconstrained,38,3,0.8061060057738313,False,,3.8191683292388916
bo_unconstrained,38,4,0.8428420319705615,False,,3.8191683292388916
bo_unconstrained,38,5,0.6656152378408308,False,,3.8191683292388916
bo_unconstrained,38,6,0.8303956731544183,False,,3.8191683292388916
bo_unconstrained,38,7,0.711904564187806,True,0.711904564187806,3.8191683292388916
bo_unconstrained,38,8,0.8878917177060706,False,0.711904564187806,3.8191683292388916
bo_unconstrained,38,9,0.8793314854022252,True,0.8793314854022252,3.8191683292388916
bo_unconstrained,38,10,0.8428842311670213,False,0.8793314854022252,3.8191683292388916
bo_unconstrained,38,11,0.08058171091468866,True,0.8793314854022252,3.8191683292388916
bo_unconstrained,38,12,0.8528647957024476,False,0.8793314854022252,3.8191683292388916
bo_unconstrained,38,13,0.8289415063592873,False,0.8793314854022252,3.8191683292388916
bo_unconstrained,38,14,0.8837510388011234,False,0.8793314854022252,3.8191683292388916
bo_unconstrained,38,15,0.7615430596326601,True,0.8793314854022252,3.8191683292388916
bo_unconstrained,38,16,0.4935968854750766,False,0.8793314854022252,3.8191683292388916
bo_unconstrained,38,17,0.8721441735067059,False,0.8793314854022252,3.8191683292388916
bo_unconstrained,38,18,0.792452188595263,False,0.8793314854022252,3.8191683292388916
bo_unconstrained,38,19,0.7300031473132194,True,0.8793314854022252,3.8191683292388916
bo_unconstrained,38,20,0.8896002618668615,False,0.8793314854022252,3.8191683292388916
bo_unconstrained,38,21,0.8877886608421416,False,0.8793314854022252,3.8191683292388916
bo_unconstrained,38,22,0.887784239429736,False,0.8793314854022252,3.8191683292388916
bo_unconstrained,38,23,0.8242303286385626,False,0.8793314854022252,3.8191683292388916
bo_unconstrained,38,24,0.8870164072459775,False,0.8793314854022252,3.8191683292388916
bo_unconstrained,38,25,0.8877166999577158,False,0.8793314854022252,3.8191683292388916
bo_unconstrained,39,1,0.6470314259186261,False,,3.134398937225342
bo_unconstrained,39,2,0.853402127828048,False,,3.134398937225342
bo_unconstrained,39,3,0.8582935755258443,True,0.8582935755258443,3.134398937225342
bo_unconstrained,39,4,0.8113778870370716,False,0.8582935755258443,3.134398937225342
bo_unconstrained,39,5,0.8676889370747914,False,0.8582935755258443,3.134398937225342
bo_unconstrained,39,6,0.8630178135173103,False,0.8582935755258443,3.134398937225342
bo_unconstrained,39,7,0.883910054492808,False,0.8582935755258443,3.134398937225342
bo_unconstrained,39,8,0.686523388876957,False,0.8582935755258443,3.134398937225342
bo_unconstrained,39,9,0.6424656799164941,True,0.8582935755258443,3.134398937225342
bo_unconstrained,39,10,0.8880461875238029,False,0.8582935755258443,3.134398937225342
bo_unconstrained,39,11,0.8333214401432535,False,0.8582935755258443,3.134398937225342
bo_unconstrained,39,12,0.8075252089419346,False,0.8582935755258443,3.134398937225342
bo_unconstrained,39,13,0.8403811465129365,False,0.8582935755258443,3.134398937225342
bo_unconstrained,39,14,0.8698620481696901,False,0.8582935755258443,3.134398937225342
bo_unconstrained,39,15,0.8859646837121279,False,0.8582935755258443,3.134398937225342
bo_unconstrained,39,16,0.8879452246122199,False,0.8582935755258443,3.134398937225342
bo_unconstrained,39,17,0.8557281298704394,False,0.8582935755258443,3.134398937225342
bo_unconstrained,39,18,0.6376677104166588,True,0.8582935755258443,3.134398937225342
bo_unconstrained,39,19,0.8890248449814278,False,0.8582935755258443,3.134398937225342
bo_unconstrained,39,20,0.6388915340292112,False,0.8582935755258443,3.134398937225342
bo_unconstrained,39,21,0.20808976836888154,True,0.8582935755258443,3.134398937225342
bo_unconstrained,39,22,0.8618381446672633,False,0.8582935755258443,3.134398937225342
bo_unconstrained,39,23,0.8281486788645888,False,0.8582935755258443,3.134398937225342
bo_unconstrained,39,24,0.8979587625288018,False,0.8582935755258443,3.134398937225342
bo_unconstrained,39,25,0.8873439098035658,False,0.8582935755258443,3.134398937225342
bo_constrained,0,1,0.47168741407874487,True,0.47168741407874487,5.033705472946167
bo_constrained,0,2,0.8799749479923484,False,0.47168741407874487,5.033705472946167
bo_constrained,0,3,0.8187394017733219,False,0.47168741407874487,5.033705472946167
bo_constrained,0,4,0.8673956257397153,False,0.47168741407874487,5.033705472946167
bo_constrained,0,5,0.25817024559124413,True,0.47168741407874487,5.033705472946167
bo_constrained,0,6,0.7192415671296024,True,0.7192415671296024,5.033705472946167
bo_constrained,0,7,0.8742138114278278,False,0.7192415671296024,5.033705472946167
bo_constrained,0,8,0.8557532668520367,True,0.8557532668520367,5.033705472946167
bo_constrained,0,9,0.8619917983740438,False,0.8557532668520367,5.033705472946167
bo_constrained,0,10,0.789268186410211,True,0.8557532668520367,5.033705472946167
bo_constrained,0,11,0.8749456910423692,True,0.8749456910423692,5.033705472946167
bo_constrained,0,12,0.8827285356569181,True,0.8827285356569181,5.033705472946167
bo_constrained,0,13,0.8273474703792996,False,0.8827285356569181,5.033705472946167
bo_constrained,0,14,0.6678990468431546,False,0.8827285356569181,5.033705472946167
bo_constrained,0,15,0.8887254448862141,True,0.8887254448862141,5.033705472946167
bo_constrained,0,16,0.7515440728942252,True,0.8887254448862141,5.033705472946167
bo_constrained,0,17,0.7108526596022018,False,0.8887254448862141,5.033705472946167
bo_constrained,0,18,0.7741593277394713,True,0.8887254448862141,5.033705472946167
bo_constrained,0,19,0.8531947365382455,False,0.8887254448862141,5.033705472946167
bo_constrained,0,20,0.8856490299179253,False,0.8887254448862141,5.033705472946167
bo_constrained,0,21,0.7365650960621074,True,0.8887254448862141,5.033705472946167
bo_constrained,0,22,0.791114144307316,False,0.8887254448862141,5.033705472946167
bo_constrained,0,23,0.8671953681055725,False,0.8887254448862141,5.033705472946167
bo_constrained,0,24,0.7414995488071187,True,0.8887254448862141,5.033705472946167
bo_constrained,0,25,0.8891814499488034,True,0.8891814499488034,5.033705472946167
bo_constrained,1,1,0.7904318482879463,False,,6.556628704071045
bo_constrained,1,2,0.8220235805570306,False,,6.556628704071045
bo_constrained,1,3,0.8196307598503457,True,0.8196307598503457,6.556628704071045
bo_constrained,1,4,0.85792849045825,False,0.8196307598503457,6.556628704071045
bo_constrained,1,5,0.8246555761358879,False,0.8196307598503457,6.556628704071045
bo_constrained,1,6,0.705464538866645,True,0.8196307598503457,6.556628704071045
bo_constrained,1,7,0.7325952066340653,True,0.8196307598503457,6.556628704071045
bo_constrained,1,8,0.4529287817060245,True,0.8196307598503457,6.556628704071045
bo_constrained,1,9,0.6480116142957799,True,0.8196307598503457,6.556628704071045
bo_constrained,1,10,0.24346358541581065,True,0.8196307598503457,6.556628704071045
bo_constrained,1,11,0.4831151796518352,True,0.8196307598503457,6.556628704071045
bo_constrained,1,12,0.8271801162236563,True,0.8271801162236563,6.556628704071045
bo_constrained,1,13,0.840963513520708,True,0.840963513520708,6.556628704071045
bo_constrained,1,14,0.8494421669932655,True,0.8494421669932655,6.556628704071045
bo_constrained,1,15,0.7749846128284529,True,0.8494421669932655,6.556628704071045
bo_constrained,1,16,0.8536667949379314,True,0.8536667949379314,6.556628704071045
bo_constrained,1,17,0.8715569165198248,True,0.8715569165198248,6.556628704071045
bo_constrained,1,18,0.8358740034630213,True,0.8715569165198248,6.556628704071045
bo_constrained,1,19,0.7947359888453608,True,0.8715569165198248,6.556628704071045
bo_constrained,1,20,0.8633421735854317,True,0.8715569165198248,6.556628704071045
bo_constrained,1,21,0.8587560616911049,False,0.8715569165198248,6.556628704071045
bo_constrained,1,22,0.8387943376891609,True,0.8715569165198248,6.556628704071045
bo_constrained,1,23,0.7725945008685536,True,0.8715569165198248,6.556628704071045
bo_constrained,1,24,0.8735448799372428,True,0.8735448799372428,6.556628704071045
bo_constrained,1,25,0.8875437035340283,False,0.8735448799372428,6.556628704071045
bo_constrained,2,1,0.8498069884713638,False,,6.459510564804077
bo_constrained,2,2,0.7864171344076522,False,,6.459510564804077
bo_constrained,2,3,0.8759098025413653,False,,6.459510564804077
bo_constrained,2,4,0.8615575651202179,True,0.8615575651202179,6.459510564804077
bo_constrained,2,5,0.5165137265268515,True,0.8615575651202179,6.459510564804077
bo_constrained,2,6,0.8805607445450997,True,0.8805607445450997,6.459510564804077
bo_constrained,2,7,0.8286457062591065,False,0.8805607445450997,6.459510564804077
bo_constrained,2,8,0.7802129540686816,True,0.8805607445450997,6.459510564804077
bo_constrained,2,9,0.6376677104166588,True,0.8805607445450997,6.459510564804077
bo_constrained,2,10,0.24177806689030404,True,0.8805607445450997,6.459510564804077
bo_constrained,2,11,0.7291827773805198,True,0.8805607445450997,6.459510564804077
bo_constrained,2,12,0.6801136777459479,True,0.8805607445450997,6.459510564804077
bo_constrained,2,13,0.17387506676496042,True,0.8805607445450997,6.459510564804077
bo_constrained,2,14,0.8842348228665087,False,0.8805607445450997,6.459510564804077
bo_constrained,2,15,0.8695501654932131,False,0.8805607445450997,6.459510564804077
bo_constrained,2,16,0.875784633788996,True,0.8805607445450997,6.459510564804077
bo_constrained,2,17,0.7174353212498058,True,0.8805607445450997,6.459510564804077
bo_constrained,2,18,0.4682686811944098,True,0.8805607445450997,6.459510564804077
bo_constrained,2,19,0.884263458309663,False,0.8805607445450997,6.459510564804077
bo_constrained,2,20,0.7947359888453608,True,0.8805607445450997,6.459510564804077
bo_constrained,2,21,0.8807664225975793,True,0.8807664225975793,6.459510564804077
bo_constrained,2,22,0.8880217035824014,True,0.8880217035824014,6.459510564804077
bo_constrained,2,23,0.8819350031953509,True,0.8880217035824014,6.459510564804077
bo_constrained,2,24,0.86565588016072,True,0.8880217035824014,6.459510564804077
bo_constrained,2,25,0.8889448866336358,True,0.8889448866336358,6.459510564804077
bo_constrained,3,1,0.7539694382847443,False,,6.920198440551758
bo_constrained,3,2,0.8688082123070793,False,,6.920198440551758
bo_constrained,3,3,0.8728988126507516,False,,6.920198440551758
bo_constrained,3,4,0.7828635635232664,True,0.7828635635232664,6.920198440551758
bo_constrained,3,5,0.8059578151180842,False,0.7828635635232664,6.920198440551758
bo_constrained,3,6,0.8930167959412443,False,0.7828635635232664,6.920198440551758
bo_constrained,3,7,0.8638982040812451,True,0.8638982040812451,6.920198440551758
bo_constrained,3,8,0.6239033367451465,True,0.8638982040812451,6.920198440551758
bo_constrained,3,9,0.7725750081256177,False,0.8638982040812451,6.920198440551758
bo_constrained,3,10,0.872988895977383,False,0.8638982040812451,6.920198440551758
bo_constrained,3,11,0.8910794460328837,False,0.8638982040812451,6.920198440551758
bo_constrained,3,12,0.8073474260042265,True,0.8638982040812451,6.920198440551758
bo_constrained,3,13,0.829130072169224,True,0.8638982040812451,6.920198440551758
bo_constrained,3,14,0.23628522832535223,True,0.8638982040812451,6.920198440551758
bo_constrained,3,15,0.8476817007923209,True,0.8638982040812451,6.920198440551758
bo_constrained,3,16,0.8723633883986954,False,0.8638982040812451,6.920198440551758
bo_constrained,3,17,0.8782123179123926,True,0.8782123179123926,6.920198440551758
bo_constrained,3,18,0.8796919435918354,True,0.8796919435918354,6.920198440551758
bo_constrained,3,19,0.839608176746583,False,0.8796919435918354,6.920198440551758
bo_constrained,3,20,0.8289415063592873,False,0.8796919435918354,6.920198440551758
bo_constrained,3,21,0.7808983193525583,True,0.8796919435918354,6.920198440551758
bo_constrained,3,22,0.5858484469119308,True,0.8796919435918354,6.920198440551758
bo_constrained,3,23,0.6954093636083086,True,0.8796919435918354,6.920198440551758
bo_constrained,3,24,0.8287097180865022,True,0.8796919435918354,6.920198440551758
bo_constrained,3,25,0.8826402822386332,True,0.8826402822386332,6.920198440551758
bo_constrained,4,1,0.8943994085561785,False,,4.352049350738525
bo_constrained,4,2,0.5545898606234777,True,0.5545898606234777,4.352049350738525
bo_constrained,4,3,0.8351793544431584,False,0.5545898606234777,4.352049350738525
bo_constrained,4,4,0.8501202688433318,False,0.5545898606234777,4.352049350738525
bo_constrained,4,5,0.20048332405690528,True,0.5545898606234777,4.352049350738525
bo_constrained,4,6,0.7856760794074699,True,0.7856760794074699,4.352049350738525
bo_constrained,4,7,0.7070412080762833,False,0.7856760794074699,4.352049350738525
bo_constrained,4,8,0.7992832664454498,True,0.7992832664454498,4.352049350738525
bo_constrained,4,9,0.8825653754441735,False,0.7992832664454498,4.352049350738525
bo_constrained,4,10,0.8834366209995702,True,0.8834366209995702,4.352049350738525
bo_constrained,4,11,0.6958261810261226,True,0.8834366209995702,4.352049350738525
bo_constrained,4,12,0.8432141015531642,False,0.8834366209995702,4.352049350738525
bo_constrained,4,13,0.7648865030385879,False,0.8834366209995702,4.352049350738525
bo_constrained,4,14,0.834134620465542,True,0.8834366209995702,4.352049350738525
bo_constrained,4,15,0.7580094965982724,True,0.8834366209995702,4.352049350738525
bo_constrained,4,16,0.7836179750279813,True,0.8834366209995702,4.352049350738525
bo_constrained,4,17,0.8374622976241246,True,0.8834366209995702,4.352049350738525
bo_constrained,4,18,0.8566148505615906,True,0.8834366209995702,4.352049350738525
bo_constrained,4,19,0.834504761991837,True,0.8834366209995702,4.352049350738525
bo_constrained,4,20,0.8866935671303083,False,0.8834366209995702,4.352049350738525
bo_constrained,4,21,0.7467487783519211,True,0.8834366209995702,4.352049350738525
bo_constrained,4,22,0.8040589431281756,True,0.8834366209995702,4.352049350738525
bo_constrained,4,23,0.8868318604231121,True,0.8868318604231121,4.352049350738525
bo_constrained,4,24,0.8153966009714086,True,0.8868318604231121,4.352049350738525
bo_constrained,4,25,0.846321455508577,False,0.8868318604231121,4.352049350738525
bo_constrained,5,1,0.8553234139886949,False,,5.183839559555054
bo_constrained,5,2,0.6850271063537438,False,,5.183839559555054
bo_constrained,5,3,0.7372716049934722,True,0.7372716049934722,5.183839559555054
bo_constrained,5,4,0.8625090465840918,False,0.7372716049934722,5.183839559555054
bo_constrained,5,5,0.832699557556221,False,0.7372716049934722,5.183839559555054
bo_constrained,5,6,0.7665241036320268,True,0.7665241036320268,5.183839559555054
bo_constrained,5,7,0.556568983386075,True,0.7665241036320268,5.183839559555054
bo_constrained,5,8,0.854458231540538,True,0.854458231540538,5.183839559555054
bo_constrained,5,9,0.7783639663884617,True,0.854458231540538,5.183839559555054
bo_constrained,5,10,0.10856500970232269,True,0.854458231540538,5.183839559555054
bo_constrained,5,11,0.8734423284297423,True,0.8734423284297423,5.183839559555054
bo_constrained,5,12,0.7636818581308069,False,0.8734423284297423,5.183839559555054
bo_constrained,5,13,0.7947359888453608,True,0.8734423284297423,5.183839559555054
bo_constrained,5,14,0.8714175305568521,True,0.8734423284297423,5.183839559555054
bo_constrained,5,15,0.8728440005846941,False,0.8734423284297423,5.183839559555054
bo_constrained,5,16,0.882558852011568,True,0.882558852011568,5.183839559555054
bo_constrained,5,17,0.8862389901814571,True,0.8862389901814571,5.183839559555054
bo_constrained,5,18,0.7957354222606414,True,0.8862389901814571,5.183839559555054
bo_constrained,5,19,0.8683261450254144,False,0.8862389901814571,5.183839559555054
bo_constrained,5,20,0.8194226193468632,True,0.8862389901814571,5.183839559555054
bo_constrained,5,21,0.8892905004178632,False,0.8862389901814571,5.183839559555054
bo_constrained,5,22,0.8223030714315209,True,0.8862389901814571,5.183839559555054
bo_constrained,5,23,0.7479996950973001,True,0.8862389901814571,5.183839559555054
bo_constrained,5,24,0.7897915136555176,True,0.8862389901814571,5.183839559555054
bo_constrained,5,25,0.874717633380417,False,0.8862389901814571,5.183839559555054
bo_constrained,6,1,0.7145436697884098,False,,4.804381608963013
bo_constrained,6,2,0.8569513136500437,False,,4.804381608963013
bo_constrained,6,3,0.8667010458147105,False,,4.804381608963013
bo_constrained,6,4,0.7160090887921441,True,0.7160090887921441,4.804381608963013
bo_constrained,6,5,0.871426894530514,True,0.871426894530514,4.804381608963013
bo_constrained,6,6,0.8728647051818759,True,0.8728647051818759,4.804381608963013
bo_constrained,6,7,0.709298023146243,True,0.8728647051818759,4.804381608963013
bo_constrained,6,8,0.8904928005658641,False,0.8728647051818759,4.804381608963013
bo_constrained,6,9,0.7801754954768071,True,0.8728647051818759,4.804381608963013
bo_constrained,6,10,0.8612171730803023,True,0.8728647051818759,4.804381608963013
bo_constrained,6,11,0.855072892034964,True,0.8728647051818759,4.804381608963013
bo_constrained,6,12,0.8836083055923522,False,0.8728647051818759,4.804381608963013
bo_constrained,6,13,0.8224807630610095,False,0.8728647051818759,4.804381608963013
bo_constrained,6,14,0.17144435920098908,True,0.8728647051818759,4.804381608963013
bo_constrained,6,15,0.8289415063592873,False,0.8728647051818759,4.804381608963013
bo_constrained,6,16,0.7947359888453608,True,0.8728647051818759,4.804381608963013
bo_constrained,6,17,0.6729461303666847,True,0.8728647051818759,4.804381608963013
bo_constrained,6,18,0.8644890572685059,False,0.8728647051818759,4.804381608963013
bo_constrained,6,19,0.8890937461124315,False,0.8728647051818759,4.804381608963013
bo_constrained,6,20,0.8051288518595981,True,0.8728647051818759,4.804381608963013
bo_constrained,6,21,0.8612281942151597,False,0.8728647051818759,4.804381608963013
bo_constrained,6,22,0.8590964440393423,False,0.8728647051818759,4.804381608963013
bo_constrained,6,23,0.8849304919822248,True,0.8849304919822248,4.804381608963013
bo_constrained,6,24,0.8487391250367439,False,0.8849304919822248,4.804381608963013
bo_constrained,6,25,0.7560104735785603,False,0.8849304919822248,4.804381608963013
bo_constrained,7,1,0.8406464103971529,False,,5.0055646896362305
bo_constrained,7,2,0.8589546757825985,False,,5.0055646896362305
bo_constrained,7,3,0.8551110281667395,False,,5.0055646896362305
bo_constrained,7,4,0.8191548787812003,True,0.8191548787812003,5.0055646896362305
bo_constrained,7,5,0.717625550456117,False,0.8191548787812003,5.0055646896362305
bo_constrained,7,6,0.7441620069154274,True,0.8191548787812003,5.0055646896362305
bo_constrained,7,7,0.8675030075056135,True,0.8675030075056135,5.0055646896362305
bo_constrained,7,8,0.20280586004968343,True,0.8675030075056135,5.0055646896362305
bo_constrained,7,9,0.8250983221325647,True,0.8675030075056135,5.0055646896362305
bo_constrained,7,10,0.5947790390965063,True,0.8675030075056135,5.0055646896362305
bo_constrained,7,11,0.7638528774177714,True,0.8675030075056135,5.0055646896362305
bo_constrained,7,12,0.8455702875076379,False,0.8675030075056135,5.0055646896362305
bo_constrained,7,13,0.8216606318606212,False,0.8675030075056135,5.0055646896362305
bo_constrained,7,14,0.8629953431791371,False,0.8675030075056135,5.0055646896362305
bo_constrained,7,15,0.8845618016731819,True,0.8845618016731819,5.0055646896362305
bo_constrained,7,16,0.8813180544082855,True,0.8845618016731819,5.0055646896362305
bo_constrained,7,17,0.887060021826565,True,0.887060021826565,5.0055646896362305
bo_constrained,7,18,0.8272915446658282,True,0.887060021826565,5.0055646896362305
bo_constrained,7,19,0.8773220158618502,True,0.887060021826565,5.0055646896362305
bo_constrained,7,20,0.7767180972675326,True,0.887060021826565,5.0055646896362305
bo_constrained,7,21,0.6853016020640396,True,0.887060021826565,5.0055646896362305
bo_constrained,7,22,0.8186929170622076,False,0.887060021826565,5.0055646896362305
bo_constrained,7,23,0.889645229131642,False,0.887060021826565,5.0055646896362305
bo_constrained,7,24,0.8265918920733205,True,0.887060021826565,5.0055646896362305
bo_constrained,7,25,0.7972414127364995,True,0.887060021826565,5.0055646896362305
bo_constrained,8,1,0.8532040307179863,False,,5.737521648406982
bo_constrained,8,2,0.7606921375870515,True,0.7606921375870515,5.737521648406982
bo_constrained,8,3,0.8427564023413523,False,0.7606921375870515,5.737521648406982
bo_constrained,8,4,0.8189046393064069,False,0.7606921375870515,5.737521648406982
bo_constrained,8,5,0.8148512456637934,False,0.7606921375870515,5.737521648406982
bo_constrained,8,6,0.4765481317248834,True,0.7606921375870515,5.737521648406982
bo_constrained,8,7,0.7794033693461295,True,0.7794033693461295,5.737521648406982
bo_constrained,8,8,0.7833474970359933,True,0.7833474970359933,5.737521648406982
bo_constrained,8,9,0.7666581586923958,True,0.7833474970359933,5.737521648406982
bo_constrained,8,10,0.17079631636114043,True,0.7833474970359933,5.737521648406982
bo_constrained,8,11,0.8843751001106159,False,0.7833474970359933,5.737521648406982
bo_constrained,8,12,0.819233786415196,False,0.7833474970359933,5.737521648406982
bo_constrained,8,13,0.8308641673008464,True,0.8308641673008464,5.737521648406982
bo_constrained,8,14,0.8655386388298801,True,0.8655386388298801,5.737521648406982
bo_constrained,8,15,0.8757289837654808,True,0.8757289837654808,5.737521648406982
bo_constrained,8,16,0.7844948216940647,True,0.8757289837654808,5.737521648406982
bo_constrained,8,17,0.4099575053427731,True,0.8757289837654808,5.737521648406982
bo_constrained,8,18,0.8419517042855127,True,0.8757289837654808,5.737521648406982
bo_constrained,8,19,0.7470707288801466,False,0.8757289837654808,5.737521648406982
bo_constrained,8,20,0.8768360837839064,True,0.8768360837839064,5.737521648406982
bo_constrained,8,21,0.8617810571211953,True,0.8768360837839064,5.737521648406982
bo_constrained,8,22,0.7678731238057395,False,0.8768360837839064,5.737521648406982
bo_constrained,8,23,0.7195612048502223,True,0.8768360837839064,5.737521648406982
bo_constrained,8,24,0.7962482604596794,True,0.8768360837839064,5.737521648406982
bo_constrained,8,25,0.8836218042481857,False,0.8768360837839064,5.737521648406982
bo_constrained,9,1,0.8742150358409546,False,,7.815159320831299
bo_constrained,9,2,0.7969197274866193,False,,7.815159320831299
bo_constrained,9,3,0.7877415271620589,False,,7.815159320831299
bo_constrained,9,4,0.8010709113095359,False,,7.815159320831299
bo_constrained,9,5,0.8699322251844728,False,,7.815159320831299
bo_constrained,9,6,0.8127888970869634,True,0.8127888970869634,7.815159320831299
bo_constrained,9,7,0.3407376150294352,True,0.8127888970869634,7.815159320831299
bo_constrained,9,8,0.4160169406976118,True,0.8127888970869634,7.815159320831299
bo_constrained,9,9,0.8483367658115528,False,0.8127888970869634,7.815159320831299
bo_constrained,9,10,0.8412395329640416,True,0.8412395329640416,7.815159320831299
bo_constrained,9,11,0.7854574959883259,True,0.8412395329640416,7.815159320831299
bo_constrained,9,12,0.8410720893375021,True,0.8412395329640416,7.815159320831299
bo_constrained,9,13,0.8366059018398337,True,0.8412395329640416,7.815159320831299
bo_constrained,9,14,0.5480652987234756,True,0.8412395329640416,7.815159320831299
bo_constrained,9,15,0.8498963729655338,False,0.8412395329640416,7.815159320831299
bo_constrained,9,16,0.7336143589804349,False,0.8412395329640416,7.815159320831299
bo_constrained,9,17,0.8738441297106281,True,0.8738441297106281,7.815159320831299
bo_constrained,9,18,0.7433659850258176,True,0.8738441297106281,7.815159320831299
bo_constrained,9,19,0.8602707494515782,False,0.8738441297106281,7.815159320831299
bo_constrained,9,20,0.868797380069382,True,0.8738441297106281,7.815159320831299
bo_constrained,9,21,0.8751182870543422,True,0.8751182870543422,7.815159320831299
bo_constrained,9,22,0.7390053430836305,True,0.8751182870543422,7.815159320831299
bo_constrained,9,23,0.878885163739576,True,0.878885163739576,7.815159320831299
bo_constrained,9,24,0.8573361772981289,True,0.878885163739576,7.815159320831299
bo_constrained,9,25,0.7599141840959238,True,0.878885163739576,7.815159320831299
bo_constrained,10,1,0.57323190447894,True,0.57323190447894,3.1746153831481934
bo_constrained,10,2,0.7833829234608863,True,0.7833829234608863,3.1746153831481934
bo_constrained,10,3,0.801242456020048,False,0.7833829234608863,3.1746153831481934
bo_constrained,10,4,0.8372083467916118,False,0.7833829234608863,3.1746153831481934
bo_constrained,10,5,0.829762162714152,False,0.7833829234608863,3.1746153831481934
bo_constrained,10,6,0.8447711539913593,True,0.8447711539913593,3.1746153831481934
bo_constrained,10,7,0.6225650263890312,True,0.8447711539913593,3.1746153831481934
bo_constrained,10,8,0.4463833033743718,True,0.8447711539913593,3.1746153831481934
bo_constrained,10,9,0.7548939486991799,True,0.8447711539913593,3.1746153831481934
bo_constrained,10,10,0.7199931491280567,False,0.8447711539913593,3.1746153831481934
bo_constrained,10,11,0.8519169638305332,True,0.8519169638305332,3.1746153831481934
bo_constrained,10,12,0.8728116696762763,True,0.8728116696762763,3.1746153831481934
bo_constrained,10,13,0.8718667832312349,True,0.8728116696762763,3.1746153831481934
bo_constrained,10,14,0.8748550221142758,False,0.8728116696762763,3.1746153831481934
bo_constrained,10,15,0.8690607041547389,False,0.8728116696762763,3.1746153831481934
bo_constrained,10,16,0.8845515463721336,False,0.8728116696762763,3.1746153831481934
bo_constrained,10,17,0.8876475656134429,True,0.8876475656134429,3.1746153831481934
bo_constrained,10,18,0.8226706052469618,True,0.8876475656134429,3.1746153831481934
bo_constrained,10,19,0.8410843429495072,False,0.8876475656134429,3.1746153831481934
bo_constrained,10,20,0.8700464275880908,False,0.8876475656134429,3.1746153831481934
bo_constrained,10,21,0.8708702462702016,False,0.8876475656134429,3.1746153831481934
bo_constrained,10,22,0.8549229915839051,False,0.8876475656134429,3.1746153831481934
bo_constrained,10,23,0.7520576212233567,False,0.8876475656134429,3.1746153831481934
bo_constrained,10,24,0.8164785732228923,True,0.8876475656134429,3.1746153831481934
bo_constrained,10,25,0.8930391904799985,False,0.8876475656134429,3.1746153831481934
bo_constrained,11,1,0.873940857246639,False,,5.327040433883667
bo_constrained,11,2,0.7250019251094526,False,,5.327040433883667
bo_constrained,11,3,0.8467028640146383,True,0.8467028640146383,5.327040433883667
bo_constrained,11,4,0.8642309405825905,False,0.8467028640146383,5.327040433883667
bo_constrained,11,5,0.7315040578385609,True,0.8467028640146383,5.327040433883667
bo_constrained,11,6,0.8466072277331226,True,0.8467028640146383,5.327040433883667
bo_constrained,11,7,0.38462488732386857,True,0.8467028640146383,5.327040433883667
bo_constrained,11,8,0.7947359888453608,True,0.8467028640146383,5.327040433883667
bo_constrained,11,9,0.7119823617375737,True,0.8467028640146383,5.327040433883667
bo_constrained,11,10,0.8831195124678887,True,0.8831195124678887,5.327040433883667
bo_constrained,11,11,0.8792357549091433,True,0.8831195124678887,5.327040433883667
bo_constrained,11,12,0.8365538503905319,False,0.8831195124678887,5.327040433883667
bo_constrained,11,13,0.766053064931511,True,0.8831195124678887,5.327040433883667
bo_constrained,11,14,0.8552672112744025,False,0.8831195124678887,5.327040433883667
bo_constrained,11,15,0.7269717467890779,True,0.8831195124678887,5.327040433883667
bo_constrained,11,16,0.8843480732744543,True,0.8843480732744543,5.327040433883667
bo_constrained,11,17,0.35202852402185,True,0.8843480732744543,5.327040433883667
bo_constrained,11,18,0.8867917324428876,True,0.8867917324428876,5.327040433883667
bo_constrained,11,19,0.8192189695311184,True,0.8867917324428876,5.327040433883667
bo_constrained,11,20,0.8552605267715329,True,0.8867917324428876,5.327040433883667
bo_constrained,11,21,0.779908251055496,True,0.8867917324428876,5.327040433883667
bo_constrained,11,22,0.7851442393044246,False,0.8867917324428876,5.327040433883667
bo_constrained,11,23,0.7990023087300322,False,0.8867917324428876,5.327040433883667
bo_constrained,11,24,0.7416540022632473,True,0.8867917324428876,5.327040433883667
bo_constrained,11,25,0.3965960440863429,True,0.8867917324428876,5.327040433883667
bo_constrained,12,1,0.6885579074652478,True,0.6885579074652478,3.6303889751434326
bo_constrained,12,2,0.8415857458476429,False,0.6885579074652478,3.6303889751434326
bo_constrained,12,3,0.8016634142952841,True,0.8016634142952841,3.6303889751434326
bo_constrained,12,4,0.7880953793580675,False,0.8016634142952841,3.6303889751434326
bo_constrained,12,5,0.8799463179849697,False,0.8016634142952841,3.6303889751434326
bo_constrained,12,6,0.8722935050286041,False,0.8016634142952841,3.6303889751434326
bo_constrained,12,7,0.8674038123760315,True,0.8674038123760315,3.6303889751434326
bo_constrained,12,8,0.8604090377714737,True,0.8674038123760315,3.6303889751434326
bo_constrained,12,9,0.8259929823354037,False,0.8674038123760315,3.6303889751434326
bo_constrained,12,10,0.1257119841385081,True,0.8674038123760315,3.6303889751434326
bo_constrained,12,11,0.7370346330562255,True,0.8674038123760315,3.6303889751434326
bo_constrained,12,12,0.8689359895800867,True,0.8689359895800867,3.6303889751434326
bo_constrained,12,13,0.7145475811792129,True,0.8689359895800867,3.6303889751434326
bo_constrained,12,14,0.600649646950384,True,0.8689359895800867,3.6303889751434326
bo_constrained,12,15,0.8372900418863104,True,0.8689359895800867,3.6303889751434326
bo_constrained,12,16,0.8385880849592338,True,0.8689359895800867,3.6303889751434326
bo_constrained,12,17,0.8494318296321018,True,0.8689359895800867,3.6303889751434326
bo_constrained,12,18,0.8390058190813854,True,0.8689359895800867,3.6303889751434326
bo_constrained,12,19,0.7958498838363312,True,0.8689359895800867,3.6303889751434326
bo_constrained,12,20,0.7149490107230011,False,0.8689359895800867,3.6303889751434326
bo_constrained,12,21,0.8381982194978084,True,0.8689359895800867,3.6303889751434326
bo_constrained,12,22,0.6575647491126175,True,0.8689359895800867,3.6303889751434326
bo_constrained,12,23,0.6260617584606223,False,0.8689359895800867,3.6303889751434326
bo_constrained,12,24,0.8581207276244499,True,0.8689359895800867,3.6303889751434326
bo_constrained,12,25,0.7947359888453608,True,0.8689359895800867,3.6303889751434326
bo_constrained,13,1,0.8492031173794882,False,,6.238751649856567
bo_constrained,13,2,0.7096322586899143,False,,6.238751649856567
bo_constrained,13,3,0.7911504885342187,True,0.7911504885342187,6.238751649856567
bo_constrained,13,4,0.7767328279465019,False,0.7911504885342187,6.238751649856567
bo_constrained,13,5,0.8607307077470757,False,0.7911504885342187,6.238751649856567
bo_constrained,13,6,0.7873080950352372,True,0.7911504885342187,6.238751649856567
bo_constrained,13,7,0.6970285654541997,True,0.7911504885342187,6.238751649856567
bo_constrained,13,8,0.7724015521572472,True,0.7911504885342187,6.238751649856567
bo_constrained,13,9,0.6219745115797053,True,0.7911504885342187,6.238751649856567
bo_constrained,13,10,0.6144257067160207,True,0.7911504885342187,6.238751649856567
bo_constrained,13,11,0.868948418812763,True,0.868948418812763,6.238751649856567
bo_constrained,13,12,0.2402094443950472,True,0.868948418812763,6.238751649856567
bo_constrained,13,13,0.17845994761290065,True,0.868948418812763,6.238751649856567
bo_constrained,13,14,0.7639940097027852,True,0.868948418812763,6.238751649856567
bo_constrained,13,15,0.8594795240235363,False,0.868948418812763,6.238751649856567
bo_constrained,13,16,0.7947359888453608,True,0.868948418812763,6.238751649856567
bo_constrained,13,17,0.8547429344980363,True,0.868948418812763,6.238751649856567
bo_constrained,13,18,0.8825326087949069,True,0.8825326087949069,6.238751649856567
bo_constrained,13,19,0.8866029971152329,True,0.8866029971152329,6.238751649856567
bo_constrained,13,20,0.8866062182360134,True,0.8866062182360134,6.238751649856567
bo_constrained,13,21,0.8083918088510178,False,0.8866062182360134,6.238751649856567
bo_constrained,13,22,0.6619998426765517,True,0.8866062182360134,6.238751649856567
bo_constrained,13,23,0.8315913961089529,False,0.8866062182360134,6.238751649856567
bo_constrained,13,24,0.8792048056661113,True,0.8866062182360134,6.238751649856567
bo_constrained,13,25,0.886832396143079,True,0.886832396143079,6.238751649856567
bo_constrained,14,1,0.8808918860552325,False,,6.461811780929565
bo_constrained,14,2,0.7819240027250165,False,,6.461811780929565
bo_constrained,14,3,0.8485135233399402,False,,6.461811780929565
bo_constrained,14,4,0.790464759469419,True,0.790464759469419,6.461811780929565
bo_constrained,14,5,0.7471385001631968,False,0.790464759469419,6.461811780929565
bo_constrained,14,6,0.8587646983047619,True,0.8587646983047619,6.461811780929565
bo_constrained,14,7,0.8768413443940315,True,0.8768413443940315,6.461811780929565
bo_constrained,14,8,0.5699775553508099,True,0.8768413443940315,6.461811780929565
bo_constrained,14,9,0.7947359888453608,True,0.8768413443940315,6.461811780929565
bo_constrained,14,10,0.8826857437074045,True,0.8826857437074045,6.461811780929565
bo_constrained,14,11,0.8296067157766316,True,0.8826857437074045,6.461811780929565
bo_constrained,14,12,0.8827907042908196,True,0.8827907042908196,6.461811780929565
bo_constrained,14,13,0.8635764887804905,True,0.8827907042908196,6.461811780929565
bo_constrained,14,14,0.87464682351108,False,0.8827907042908196,6.461811780929565
bo_constrained,14,15,0.8679542526459272,True,0.8827907042908196,6.461811780929565
bo_constrained,14,16,0.8189403228694513,True,0.8827907042908196,6.461811780929565
bo_constrained,14,17,0.7517004198092854,True,0.8827907042908196,6.461811780929565
bo_constrained,14,18,0.8863244050077987,True,0.8863244050077987,6.461811780929565
bo_constrained,14,19,0.8692550189740246,False,0.8863244050077987,6.461811780929565
bo_constrained,14,20,0.7916537853604235,False,0.8863244050077987,6.461811780929565
bo_constrained,14,21,0.8592232284222135,True,0.8863244050077987,6.461811780929565
bo_constrained,14,22,0.8727534257897119,True,0.8863244050077987,6.461811780929565
bo_constrained,14,23,0.8385033569656745,True,0.8863244050077987,6.461811780929565
bo_constrained,14,24,0.8151729194229436,True,0.8863244050077987,6.461811780929565
bo_constrained,14,25,0.861333953500028,True,0.8863244050077987,6.461811780929565
bo_constrained,15,1,0.705606917336773,False,,4.050350189208984
bo_constrained,15,2,0.6731890036435686,True,0.6731890036435686,4.050350189208984
bo_constrained,15,3,0.8634018697287281,False,0.6731890036435686,4.050350189208984
bo_constrained,15,4,0.8237104203086649,False,0.6731890036435686,4.050350189208984
bo_constrained,15,5,0.7664945047612824,False,0.6731890036435686,4.050350189208984
bo_constrained,15,6,0.7325170977771852,True,0.7325170977771852,4.050350189208984
bo_constrained,15,7,0.5099466562660062,False,0.7325170977771852,4.050350189208984
bo_constrained,15,8,0.5288581117723308,True,0.7325170977771852,4.050350189208984
bo_constrained,15,9,0.5430158108993098,False,0.7325170977771852,4.050350189208984
bo_constrained,15,10,0.09344079635885323,True,0.7325170977771852,4.050350189208984
bo_constrained,15,11,0.34694679638850034,True,0.7325170977771852,4.050350189208984
bo_constrained,15,12,0.6721559125923973,True,0.7325170977771852,4.050350189208984
bo_constrained,15,13,0.7767864718182292,True,0.7767864718182292,4.050350189208984
bo_constrained,15,14,0.7839251569726392,True,0.7839251569726392,4.050350189208984
bo_constrained,15,15,0.7947359888453608,True,0.7947359888453608,4.050350189208984
bo_constrained,15,16,0.8269306291019237,False,0.7947359888453608,4.050350189208984
bo_constrained,15,17,0.8429851420305757,True,0.8429851420305757,4.050350189208984
bo_constrained,15,18,0.8716028780745764,False,0.8429851420305757,4.050350189208984
bo_constrained,15,19,0.8865586279768336,True,0.8865586279768336,4.050350189208984
bo_constrained,15,20,0.8788883101676032,False,0.8865586279768336,4.050350189208984
bo_constrained,15,21,0.7690682389710193,False,0.8865586279768336,4.050350189208984
bo_constrained,15,22,0.8828367052082654,False,0.8865586279768336,4.050350189208984
bo_constrained,15,23,0.8670083800486957,True,0.8865586279768336,4.050350189208984
bo_constrained,15,24,0.8564928121299824,True,0.8865586279768336,4.050350189208984
bo_constrained,15,25,0.8185365336191246,False,0.8865586279768336,4.050350189208984
bo_constrained,16,1,0.8192933093636058,False,,5.4908061027526855
bo_constrained,16,2,0.7664792719005576,False,,5.4908061027526855
bo_constrained,16,3,0.6531753006618449,True,0.6531753006618449,5.4908061027526855
bo_constrained,16,4,0.8320062399520891,False,0.6531753006618449,5.4908061027526855
bo_constrained,16,5,0.8461776968314545,False,0.6531753006618449,5.4908061027526855
bo_constrained,16,6,0.6094523171525424,True,0.6531753006618449,5.4908061027526855
bo_constrained,16,7,0.8226860469059505,False,0.6531753006618449,5.4908061027526855
bo_constrained,16,8,0.8080327577260097,False,0.6531753006618449,5.4908061027526855
bo_constrained,16,9,0.7930447876714579,True,0.7930447876714579,5.4908061027526855
bo_constrained,16,10,0.5386454858798821,True,0.7930447876714579,5.4908061027526855
bo_constrained,16,11,0.8051355814404034,True,0.8051355814404034,5.4908061027526855
bo_constrained,16,12,0.7044353865355562,False,0.8051355814404034,5.4908061027526855
bo_constrained,16,13,0.8321685208651473,True,0.8321685208651473,5.4908061027526855
bo_constrained,16,14,0.854580058604233,True,0.854580058604233,5.4908061027526855
bo_constrained,16,15,0.8067346352760946,False,0.854580058604233,5.4908061027526855
bo_constrained,16,16,0.49858580834574157,True,0.854580058604233,5.4908061027526855
bo_constrained,16,17,0.8703448773263449,True,0.8703448773263449,5.4908061027526855
bo_constrained,16,18,0.8302324144002797,False,0.8703448773263449,5.4908061027526855
bo_constrained,16,19,0.8136958234317139,True,0.8703448773263449,5.4908061027526855
bo_constrained,16,20,0.874856883145383,True,0.874856883145383,5.4908061027526855
bo_constrained,16,21,0.8799005687199499,False,0.874856883145383,5.4908061027526855
bo_constrained,16,22,0.6572685501743096,True,0.874856883145383,5.4908061027526855
bo_constrained,16,23,0.7947359888453608,True,0.874856883145383,5.4908061027526855
bo_constrained,16,24,0.8746257838827265,False,0.874856883145383,5.4908061027526855
bo_constrained,16,25,0.8805845332113096,False,0.874856883145383,5.4908061027526855
bo_constrained,17,1,0.834357623187255,False,,5.636106967926025
bo_constrained,17,2,0.8396309118705017,False,,5.636106967926025
bo_constrained,17,3,0.725751862912633,True,0.725751862912633,5.636106967926025
bo_constrained,17,4,0.8788663582554381,False,0.725751862912633,5.636106967926025
bo_constrained,17,5,0.6339244662151652,True,0.725751862912633,5.636106967926025
bo_constrained,17,6,0.874417091149247,False,0.725751862912633,5.636106967926025
bo_constrained,17,7,0.8954990357663367,False,0.725751862912633,5.636106967926025
bo_constrained,17,8,0.886145506826007,False,0.725751862912633,5.636106967926025
bo_constrained,17,9,0.8374288827311138,True,0.8374288827311138,5.636106967926025
bo_constrained,17,10,0.7947359888453608,True,0.8374288827311138,5.636106967926025
bo_constrained,17,11,0.8356332436659913,True,0.8374288827311138,5.636106967926025
bo_constrained,17,12,0.8300837419723883,True,0.8374288827311138,5.636106967926025
bo_constrained,17,13,0.7845635279687444,True,0.8374288827311138,5.636106967926025
bo_constrained,17,14,0.8466466166945302,False,0.8374288827311138,5.636106967926025
bo_constrained,17,15,0.876305482489294,True,0.876305482489294,5.636106967926025
bo_constrained,17,16,0.8653109468425453,True,0.876305482489294,5.636106967926025
bo_constrained,17,17,0.7690981449851753,True,0.876305482489294,5.636106967926025
bo_constrained,17,18,0.7947663160221394,True,0.876305482489294,5.636106967926025
bo_constrained,17,19,0.8909423305783108,False,0.876305482489294,5.636106967926025
bo_constrained,17,20,0.8899542478491225,False,0.876305482489294,5.636106967926025
bo_constrained,17,21,0.8877550888725166,True,0.8877550888725166,5.636106967926025
bo_constrained,17,22,0.7249866719764729,False,0.8877550888725166,5.636106967926025
bo_constrained,17,23,0.6359259783689813,True,0.8877550888725166,5.636106967926025
bo_constrained,17,24,0.8873339576440105,True,0.8877550888725166,5.636106967926025
bo_constrained,17,25,0.8281622558841337,True,0.8877550888725166,5.636106967926025
bo_constrained,18,1,0.8498059830007717,False,,4.704968452453613
bo_constrained,18,2,0.7319879430136202,True,0.7319879430136202,4.704968452453613
bo_constrained,18,3,0.8181692574975612,False,0.7319879430136202,4.704968452453613
bo_constrained,18,4,0.8462847523411285,False,0.7319879430136202,4.704968452453613
bo_constrained,18,5,0.8575656142841678,False,0.7319879430136202,4.704968452453613
bo_constrained,18,6,0.16616078583193503,True,0.7319879430136202,4.704968452453613
bo_constrained,18,7,0.8064161572307628,False,0.7319879430136202,4.704968452453613
bo_constrained,18,8,0.7231019145392502,True,0.7319879430136202,4.704968452453613
bo_constrained,18,9,0.8409341910768389,True,0.8409341910768389,4.704968452453613
bo_constrained,18,10,0.8056874302120686,True,0.8409341910768389,4.704968452453613
bo_constrained,18,11,0.8530819046968573,True,0.8530819046968573,4.704968452453613
bo_constrained,18,12,0.8801740112387687,True,0.8801740112387687,4.704968452453613
bo_constrained,18,13,0.7814323702235807,True,0.8801740112387687,4.704968452453613
bo_constrained,18,14,0.766457531123259,False,0.8801740112387687,4.704968452453613
bo_constrained,18,15,0.7275346630853702,False,0.8801740112387687,4.704968452453613
bo_constrained,18,16,0.23175917704774546,True,0.8801740112387687,4.704968452453613
bo_constrained,18,17,0.8677549243300247,True,0.8801740112387687,4.704968452453613
bo_constrained,18,18,0.8770277219685388,True,0.8801740112387687,4.704968452453613
bo_constrained,18,19,0.8790763428690794,True,0.8801740112387687,4.704968452453613
bo_constrained,18,20,0.8773265710487157,True,0.8801740112387687,4.704968452453613
bo_constrained,18,21,0.8383320854517229,True,0.8801740112387687,4.704968452453613
bo_constrained,18,22,0.8648268456527094,True,0.8801740112387687,4.704968452453613
bo_constrained,18,23,0.8165180109577425,True,0.8801740112387687,4.704968452453613
bo_constrained,18,24,0.873139193410337,True,0.8801740112387687,4.704968452453613
bo_constrained,18,25,0.8803511905002347,True,0.8803511905002347,4.704968452453613
bo_constrained,19,1,0.45665997270896536,True,0.45665997270896536,8.422974348068237
bo_constrained,19,2,0.8535461858534279,False,0.45665997270896536,8.422974348068237
bo_constrained,19,3,0.804456413268186,False,0.45665997270896536,8.422974348068237
bo_constrained,19,4,0.8644914802352295,False,0.45665997270896536,8.422974348068237
bo_constrained,19,5,0.783607998038195,False,0.45665997270896536,8.422974348068237
bo_constrained,19,6,0.6592568764802573,True,0.6592568764802573,8.422974348068237
bo_constrained,19,7,0.8683969086445412,False,0.6592568764802573,8.422974348068237
bo_constrained,19,8,0.8569767644379018,True,0.8569767644379018,8.422974348068237
bo_constrained,19,9,0.8491928879509041,True,0.8569767644379018,8.422974348068237
bo_constrained,19,10,0.8789140165631418,False,0.8569767644379018,8.422974348068237
bo_constrained,19,11,0.8679973301755152,True,0.8679973301755152,8.422974348068237
bo_constrained,19,12,0.8662717380675121,True,0.8679973301755152,8.422974348068237
bo_constrained,19,13,0.8865473342616038,True,0.8865473342616038,8.422974348068237
bo_constrained,19,14,0.7022956287212923,False,0.8865473342616038,8.422974348068237
bo_constrained,19,15,0.8875963908007138,True,0.8875963908007138,8.422974348068237
bo_constrained,19,16,0.8348767001488053,True,0.8875963908007138,8.422974348068237
bo_constrained,19,17,0.8720327369055236,True,0.8875963908007138,8.422974348068237
bo_constrained,19,18,0.3124306831684009,True,0.8875963908007138,8.422974348068237
bo_constrained,19,19,0.7641868326611385,True,0.8875963908007138,8.422974348068237
bo_constrained,19,20,0.12604353612688318,True,0.8875963908007138,8.422974348068237
bo_constrained,19,21,0.8368259867443806,False,0.8875963908007138,8.422974348068237
bo_constrained,19,22,0.6898468030184884,True,0.8875963908007138,8.422974348068237
bo_constrained,19,23,0.8808272451647298,True,0.8875963908007138,8.422974348068237
bo_constrained,19,24,0.8170885132042462,False,0.8875963908007138,8.422974348068237
bo_constrained,19,25,0.7920271540300312,True,0.8875963908007138,8.422974348068237
bo_constrained,20,1,0.8600066983351211,False,,5.349487543106079
bo_constrained,20,2,0.8358054667800663,False,,5.349487543106079
bo_constrained,20,3,0.6820119130232778,False,,5.349487543106079
bo_constrained,20,4,0.7942295725946636,True,0.7942295725946636,5.349487543106079
bo_constrained,20,5,0.6313932238420176,False,0.7942295725946636,5.349487543106079
bo_constrained,20,6,0.7038955049539866,True,0.7942295725946636,5.349487543106079
bo_constrained,20,7,0.7568092773410436,True,0.7942295725946636,5.349487543106079
bo_constrained,20,8,0.7902971437005243,True,0.7942295725946636,5.349487543106079
bo_constrained,20,9,0.8522098069763377,True,0.8522098069763377,5.349487543106079
bo_constrained,20,10,0.0383120031973369,True,0.8522098069763377,5.349487543106079
bo_constrained,20,11,0.8228275696612477,False,0.8522098069763377,5.349487543106079
bo_constrained,20,12,0.8881291014787861,False,0.8522098069763377,5.349487543106079
bo_constrained,20,13,0.8787645811367879,False,0.8522098069763377,5.349487543106079
bo_constrained,20,14,0.8749100290870034,False,0.8522098069763377,5.349487543106079
bo_constrained,20,15,0.793102861814574,True,0.8522098069763377,5.349487543106079
bo_constrained,20,16,0.8452942350248195,True,0.8522098069763377,5.349487543106079
bo_constrained,20,17,0.88634612708223,True,0.88634612708223,5.349487543106079
bo_constrained,20,18,0.803504874175868,True,0.88634612708223,5.349487543106079
bo_constrained,20,19,0.8281713045844691,True,0.88634612708223,5.349487543106079
bo_constrained,20,20,0.7390547413470019,True,0.88634612708223,5.349487543106079
bo_constrained,20,21,0.8684007232570118,False,0.88634612708223,5.349487543106079
bo_constrained,20,22,0.8906780781351233,False,0.88634612708223,5.349487543106079
bo_constrained,20,23,0.8256027163731088,False,0.88634612708223,5.349487543106079
bo_constrained,20,24,0.8197303215675702,True,0.88634612708223,5.349487543106079
bo_constrained,20,25,0.7915934688528511,True,0.88634612708223,5.349487543106079
bo_constrained,21,1,0.8699166400335501,False,,5.51384162902832
bo_constrained,21,2,0.5953604153879274,True,0.5953604153879274,5.51384162902832
bo_constrained,21,3,0.8142366947579528,False,0.5953604153879274,5.51384162902832
bo_constrained,21,4,0.7034245617284486,False,0.5953604153879274,5.51384162902832
bo_constrained,21,5,0.8401923418271297,False,0.5953604153879274,5.51384162902832
bo_constrained,21,6,0.7198621881287616,True,0.7198621881287616,5.51384162902832
bo_constrained,21,7,0.764666604288728,True,0.764666604288728,5.51384162902832
bo_constrained,21,8,0.29012598915510657,True,0.764666604288728,5.51384162902832
bo_constrained,21,9,0.7556938962284948,True,0.764666604288728,5.51384162902832
bo_constrained,21,10,0.751753432981445,True,0.764666604288728,5.51384162902832
bo_constrained,21,11,0.8298385940871256,True,0.8298385940871256,5.51384162902832
bo_constrained,21,12,0.7897230583236338,True,0.8298385940871256,5.51384162902832
bo_constrained,21,13,0.5235595436704115,True,0.8298385940871256,5.51384162902832
bo_constrained,21,14,0.839161840901943,True,0.839161840901943,5.51384162902832
bo_constrained,21,15,0.848857474950533,True,0.848857474950533,5.51384162902832
bo_constrained,21,16,0.8715005643025525,True,0.8715005643025525,5.51384162902832
bo_constrained,21,17,0.870433603172766,True,0.8715005643025525,5.51384162902832
bo_constrained,21,18,0.8834116760522202,True,0.8834116760522202,5.51384162902832
bo_constrained,21,19,0.758599175075119,True,0.8834116760522202,5.51384162902832
bo_constrained,21,20,0.7519852634283958,False,0.8834116760522202,5.51384162902832
bo_constrained,21,21,0.7910691033946854,True,0.8834116760522202,5.51384162902832
bo_constrained,21,22,0.7613142942023854,False,0.8834116760522202,5.51384162902832
bo_constrained,21,23,0.7201041832946928,True,0.8834116760522202,5.51384162902832
bo_constrained,21,24,0.6470958786995729,True,0.8834116760522202,5.51384162902832
bo_constrained,21,25,0.8823740165947485,False,0.8834116760522202,5.51384162902832
bo_constrained,22,1,0.7973687061737396,False,,4.556427001953125
bo_constrained,22,2,0.8627503310840785,False,,4.556427001953125
bo_constrained,22,3,0.7392310247883853,True,0.7392310247883853,4.556427001953125
bo_constrained,22,4,0.887629977339837,False,0.7392310247883853,4.556427001953125
bo_constrained,22,5,0.7852237618633652,False,0.7392310247883853,4.556427001953125
bo_constrained,22,6,0.7320826864052716,True,0.7392310247883853,4.556427001953125
bo_constrained,22,7,0.8393557254060022,True,0.8393557254060022,4.556427001953125
bo_constrained,22,8,0.8406498687931138,True,0.8406498687931138,4.556427001953125
bo_constrained,22,9,0.08542589831960337,True,0.8406498687931138,4.556427001953125
bo_constrained,22,10,0.8714882875003176,True,0.8714882875003176,4.556427001953125
bo_constrained,22,11,0.8720328607638345,True,0.8720328607638345,4.556427001953125
bo_constrained,22,12,0.6400560446102596,True,0.8720328607638345,4.556427001953125
bo_constrained,22,13,0.7891326363536512,True,0.8720328607638345,4.556427001953125
bo_constrained,22,14,0.8414885362343396,True,0.8720328607638345,4.556427001953125
bo_constrained,22,15,0.8746289528594553,True,0.8746289528594553,4.556427001953125
bo_constrained,22,16,0.7433270468056207,False,0.8746289528594553,4.556427001953125
bo_constrained,22,17,0.8758802208166577,True,0.8758802208166577,4.556427001953125
bo_constrained,22,18,0.8788318454384061,False,0.8758802208166577,4.556427001953125
bo_constrained,22,19,0.4805345057398238,True,0.8758802208166577,4.556427001953125
bo_constrained,22,20,0.8326237580165581,True,0.8758802208166577,4.556427001953125
bo_constrained,22,21,0.7779772223948733,True,0.8758802208166577,4.556427001953125
bo_constrained,22,22,0.8611443824173303,True,0.8758802208166577,4.556427001953125
bo_constrained,22,23,0.8860422941424807,True,0.8860422941424807,4.556427001953125
bo_constrained,22,24,0.8851020275273769,True,0.8860422941424807,4.556427001953125
bo_constrained,22,25,0.8849119315135233,True,0.8860422941424807,4.556427001953125
bo_constrained,23,1,0.8250046202839891,False,,6.848652124404907
bo_constrained,23,2,0.8663060223081871,False,,6.848652124404907
bo_constrained,23,3,0.7500388724822102,False,,6.848652124404907
bo_constrained,23,4,0.7128695484839326,False,,6.848652124404907
bo_constrained,23,5,0.7135737749101899,True,0.7135737749101899,6.848652124404907
bo_constrained,23,6,0.8385306355762593,False,0.7135737749101899,6.848652124404907
bo_constrained,23,7,0.8396435964336308,False,0.7135737749101899,6.848652124404907
bo_constrained,23,8,0.8527067607904758,True,0.8527067607904758,6.848652124404907
bo_constrained,23,9,0.7661432732854321,True,0.8527067607904758,6.848652124404907
bo_constrained,23,10,0.8926304543079765,False,0.8527067607904758,6.848652124404907
bo_constrained,23,11,0.8825965584881906,False,0.8527067607904758,6.848652124404907
bo_constrained,23,12,0.7839672999451087,False,0.8527067607904758,6.848652124404907
bo_constrained,23,13,0.624184093485829,True,0.8527067607904758,6.848652124404907
bo_constrained,23,14,0.8580323242618204,False,0.8527067607904758,6.848652124404907
bo_constrained,23,15,0.7897537476533576,True,0.8527067607904758,6.848652124404907
bo_constrained,23,16,0.31989619770315697,True,0.8527067607904758,6.848652124404907
bo_constrained,23,17,0.8818438671557097,False,0.8527067607904758,6.848652124404907
bo_constrained,23,18,0.7245059194899244,True,0.8527067607904758,6.848652124404907
bo_constrained,23,19,0.76880153007204,True,0.8527067607904758,6.848652124404907
bo_constrained,23,20,0.8574289035733546,False,0.8527067607904758,6.848652124404907
bo_constrained,23,21,0.8868352910304087,True,0.8868352910304087,6.848652124404907
bo_constrained,23,22,0.8746023566062645,False,0.8868352910304087,6.848652124404907
bo_constrained,23,23,0.8275703795692826,True,0.8868352910304087,6.848652124404907
bo_constrained,23,24,0.8722946703577324,True,0.8868352910304087,6.848652124404907
bo_constrained,23,25,0.8147354383785469,False,0.8868352910304087,6.848652124404907
bo_constrained,24,1,0.7820975633049004,False,,7.418186664581299
bo_constrained,24,2,0.7258772746294978,False,,7.418186664581299
bo_constrained,24,3,0.8489676791903649,False,,7.418186664581299
bo_constrained,24,4,0.8786164651382367,False,,7.418186664581299
bo_constrained,24,5,0.5844647478739311,True,0.5844647478739311,7.418186664581299
bo_constrained,24,6,0.8868109929379561,False,0.5844647478739311,7.418186664581299
bo_constrained,24,7,0.8126863025641751,True,0.8126863025641751,7.418186664581299
bo_constrained,24,8,0.8773765693277543,False,0.8126863025641751,7.418186664581299
bo_constrained,24,9,0.8675647109600624,True,0.8675647109600624,7.418186664581299
bo_constrained,24,10,0.7871025645896425,True,0.8675647109600624,7.418186664581299
bo_constrained,24,11,0.8726899104285163,True,0.8726899104285163,7.418186664581299
bo_constrained,24,12,0.8656361014949211,True,0.8726899104285163,7.418186664581299
bo_constrained,24,13,0.8689050879919619,True,0.8726899104285163,7.418186664581299
bo_constrained,24,14,0.818507825930299,False,0.8726899104285163,7.418186664581299
bo_constrained,24,15,0.8653574419794452,True,0.8726899104285163,7.418186664581299
bo_constrained,24,16,0.8678584617312618,True,0.8726899104285163,7.418186664581299
bo_constrained,24,17,0.768830386391527,True,0.8726899104285163,7.418186664581299
bo_constrained,24,18,0.8814742193945497,True,0.8814742193945497,7.418186664581299
bo_constrained,24,19,0.8799221625620207,False,0.8814742193945497,7.418186664581299
bo_constrained,24,20,0.8819885661261265,True,0.8819885661261265,7.418186664581299
bo_constrained,24,21,0.7253490652201839,True,0.8819885661261265,7.418186664581299
bo_constrained,24,22,0.728871704159799,True,0.8819885661261265,7.418186664581299
bo_constrained,24,23,0.8651219489570238,False,0.8819885661261265,7.418186664581299
bo_constrained,24,24,0.879264962475559,True,0.8819885661261265,7.418186664581299
bo_constrained,24,25,0.8854242397073229,True,0.8854242397073229,7.418186664581299
bo_constrained,25,1,0.6874174575601568,False,,5.676140308380127
bo_constrained,25,2,0.800762485290289,False,,5.676140308380127
bo_constrained,25,3,0.8202747319893536,True,0.8202747319893536,5.676140308380127
bo_constrained,25,4,0.8718470815863815,False,0.8202747319893536,5.676140308380127
bo_constrained,25,5,0.6356828152970824,True,0.8202747319893536,5.676140308380127
bo_constrained,25,6,0.7809551810424943,True,0.8202747319893536,5.676140308380127
bo_constrained,25,7,0.8097988273612178,False,0.8202747319893536,5.676140308380127
bo_constrained,25,8,0.8399129659431358,True,0.8399129659431358,5.676140308380127
bo_constrained,25,9,0.7947359888453608,True,0.8399129659431358,5.676140308380127
bo_constrained,25,10,0.8668609941218749,True,0.8668609941218749,5.676140308380127
bo_constrained,25,11,0.8107948172790265,True,0.8668609941218749,5.676140308380127
bo_constrained,25,12,0.8645370873719677,True,0.8668609941218749,5.676140308380127
bo_constrained,25,13,0.8486682570706281,True,0.8668609941218749,5.676140308380127
bo_constrained,25,14,0.27545635105217026,True,0.8668609941218749,5.676140308380127
bo_constrained,25,15,0.8311485113524524,True,0.8668609941218749,5.676140308380127
bo_constrained,25,16,0.6638728811636382,True,0.8668609941218749,5.676140308380127
bo_constrained,25,17,0.8048622072963196,True,0.8668609941218749,5.676140308380127
bo_constrained,25,18,0.7984324695701417,True,0.8668609941218749,5.676140308380127
bo_constrained,25,19,0.784574610893814,True,0.8668609941218749,5.676140308380127
bo_constrained,25,20,0.8792026318561457,True,0.8792026318561457,5.676140308380127
bo_constrained,25,21,0.8737637507436422,False,0.8792026318561457,5.676140308380127
bo_constrained,25,22,0.831245705139622,True,0.8792026318561457,5.676140308380127
bo_constrained,25,23,0.8812404855075937,True,0.8812404855075937,5.676140308380127
bo_constrained,25,24,0.5984188070772285,True,0.8812404855075937,5.676140308380127
bo_constrained,25,25,0.8127725589853873,False,0.8812404855075937,5.676140308380127
bo_constrained,26,1,0.7915199622978988,False,,3.9046926498413086
bo_constrained,26,2,0.8152263655775766,True,0.8152263655775766,3.9046926498413086
bo_constrained,26,3,0.8575154642525508,False,0.8152263655775766,3.9046926498413086
bo_constrained,26,4,0.8720509685998068,False,0.8152263655775766,3.9046926498413086
bo_constrained,26,5,0.7993539214280401,False,0.8152263655775766,3.9046926498413086
bo_constrained,26,6,0.7153838640977345,True,0.8152263655775766,3.9046926498413086
bo_constrained,26,7,0.847705737189934,True,0.847705737189934,3.9046926498413086
bo_constrained,26,8,0.8713661783577513,True,0.8713661783577513,3.9046926498413086
bo_constrained,26,9,0.19744731872120816,True,0.8713661783577513,3.9046926498413086
bo_constrained,26,10,0.6018504337273171,True,0.8713661783577513,3.9046926498413086
bo_constrained,26,11,0.8637411427492658,True,0.8713661783577513,3.9046926498413086
bo_constrained,26,12,0.802780473322858,True,0.8713661783577513,3.9046926498413086
bo_constrained,26,13,0.5270353978954454,True,0.8713661783577513,3.9046926498413086
bo_constrained,26,14,0.7947359888453608,True,0.8713661783577513,3.9046926498413086
bo_constrained,26,15,0.8539258531716085,True,0.8713661783577513,3.9046926498413086
bo_constrained,26,16,0.8491303370242018,True,0.8713661783577513,3.9046926498413086
bo_constrained,26,17,0.807660077996465,False,0.8713661783577513,3.9046926498413086
bo_constrained,26,18,0.6295170447782954,True,0.8713661783577513,3.9046926498413086
bo_constrained,26,19,0.83781642521971,True,0.8713661783577513,3.9046926498413086
bo_constrained,26,20,0.3659205206725591,True,0.8713661783577513,3.9046926498413086
bo_constrained,26,21,0.8109200559932324,True,0.8713661783577513,3.9046926498413086
bo_constrained,26,22,0.8140183018316047,True,0.8713661783577513,3.9046926498413086
bo_constrained,26,23,0.844699489707846,True,0.8713661783577513,3.9046926498413086
bo_constrained,26,24,0.8945731914246872,False,0.8713661783577513,3.9046926498413086
bo_constrained,26,25,0.8602347198939456,False,0.8713661783577513,3.9046926498413086
bo_constrained,27,1,0.3250014005901664,True,0.3250014005901664,6.4112608432769775
bo_constrained,27,2,0.8458586574439044,False,0.3250014005901664,6.4112608432769775
bo_constrained,27,3,0.8192872938610363,False,0.3250014005901664,6.4112608432769775
bo_constrained,27,4,0.7707719010593524,True,0.7707719010593524,6.4112608432769775
bo_constrained,27,5,0.888895270833304,False,0.7707719010593524,6.4112608432769775
bo_constrained,27,6,0.8560018643465815,True,0.8560018643465815,6.4112608432769775
bo_constrained,27,7,0.8188337362678638,True,0.8560018643465815,6.4112608432769775
bo_constrained,27,8,0.7372940673446214,False,0.8560018643465815,6.4112608432769775
bo_constrained,27,9,0.8158248894554597,True,0.8560018643465815,6.4112608432769775
bo_constrained,27,10,0.777969114539546,True,0.8560018643465815,6.4112608432769775
bo_constrained,27,11,0.8346433291103214,True,0.8560018643465815,6.4112608432769775
bo_constrained,27,12,0.8928486391043539,False,0.8560018643465815,6.4112608432769775
bo_constrained,27,13,0.5947546931537387,False,0.8560018643465815,6.4112608432769775
bo_constrained,27,14,0.8888150564801351,False,0.8560018643465815,6.4112608432769775
bo_constrained,27,15,0.888655735925545,True,0.888655735925545,6.4112608432769775
bo_constrained,27,16,0.8267629983709495,True,0.888655735925545,6.4112608432769775
bo_constrained,27,17,0.8902093619498646,False,0.888655735925545,6.4112608432769775
bo_constrained,27,18,0.8874186765827513,True,0.888655735925545,6.4112608432769775
bo_constrained,27,19,0.8703257529913787,False,0.888655735925545,6.4112608432769775
bo_constrained,27,20,0.8877304110860053,True,0.888655735925545,6.4112608432769775
bo_constrained,27,21,0.7903854651338387,True,0.888655735925545,6.4112608432769775
bo_constrained,27,22,0.8550005028158828,True,0.888655735925545,6.4112608432769775
bo_constrained,27,23,0.8738889895121913,False,0.888655735925545,6.4112608432769775
bo_constrained,27,24,0.8175762330228762,True,0.888655735925545,6.4112608432769775
bo_constrained,27,25,0.8802988923089745,True,0.888655735925545,6.4112608432769775
bo_constrained,28,1,0.8362895800117403,False,,5.190623998641968
bo_constrained,28,2,0.5878417149184556,True,0.5878417149184556,5.190623998641968
bo_constrained,28,3,0.8859990676673333,False,0.5878417149184556,5.190623998641968
bo_constrained,28,4,0.8395617766117318,False,0.5878417149184556,5.190623998641968
bo_constrained,28,5,0.8185227690392218,False,0.5878417149184556,5.190623998641968
bo_constrained,28,6,0.8216828238424172,True,0.8216828238424172,5.190623998641968
bo_constrained,28,7,0.7459461721739632,False,0.8216828238424172,5.190623998641968
bo_constrained,28,8,0.7847135505476054,True,0.8216828238424172,5.190623998641968
bo_constrained,28,9,0.7467540226733407,True,0.8216828238424172,5.190623998641968
bo_constrained,28,10,0.671513879138243,True,0.8216828238424172,5.190623998641968
bo_constrained,28,11,0.1322722997032272,True,0.8216828238424172,5.190623998641968
bo_constrained,28,12,0.8781243138398186,True,0.8781243138398186,5.190623998641968
bo_constrained,28,13,0.8714088858516915,True,0.8781243138398186,5.190623998641968
bo_constrained,28,14,0.8679995720210805,True,0.8781243138398186,5.190623998641968
bo_constrained,28,15,0.8835347100253661,True,0.8835347100253661,5.190623998641968
bo_constrained,28,16,0.8705273807340115,True,0.8835347100253661,5.190623998641968
bo_constrained,28,17,0.8789924217398264,True,0.8835347100253661,5.190623998641968
bo_constrained,28,18,0.8180739236065633,True,0.8835347100253661,5.190623998641968
bo_constrained,28,19,0.883788814925454,True,0.883788814925454,5.190623998641968
bo_constrained,28,20,0.7960799667118874,True,0.883788814925454,5.190623998641968
bo_constrained,28,21,0.8538634863936472,True,0.883788814925454,5.190623998641968
bo_constrained,28,22,0.7757799248939463,True,0.883788814925454,5.190623998641968
bo_constrained,28,23,0.7702026172501849,True,0.883788814925454,5.190623998641968
bo_constrained,28,24,0.7621425704704691,True,0.883788814925454,5.190623998641968
bo_constrained,28,25,0.8121248989501659,False,0.883788814925454,5.190623998641968
bo_constrained,29,1,0.7755985770841985,True,0.7755985770841985,6.727805852890015
bo_constrained,29,2,0.8800184535770748,False,0.7755985770841985,6.727805852890015
bo_constrained,29,3,0.8259149992647219,False,0.7755985770841985,6.727805852890015
bo_constrained,29,4,0.7377795512531303,False,0.7755985770841985,6.727805852890015
bo_constrained,29,5,0.7828699021353316,False,0.7755985770841985,6.727805852890015
bo_constrained,29,6,0.8885709500535146,False,0.7755985770841985,6.727805852890015
bo_constrained,29,7,0.8802223573360998,True,0.8802223573360998,6.727805852890015
bo_constrained,29,8,0.8842676174202075,False,0.8802223573360998,6.727805852890015
bo_constrained,29,9,0.8815922304871259,True,0.8815922304871259,6.727805852890015
bo_constrained,29,10,0.8817605670392767,True,0.8817605670392767,6.727805852890015
bo_constrained,29,11,0.7324618323170429,True,0.8817605670392767,6.727805852890015
bo_constrained,29,12,0.2532047663723528,True,0.8817605670392767,6.727805852890015
bo_constrained,29,13,0.7686077265850558,True,0.8817605670392767,6.727805852890015
bo_constrained,29,14,0.6832748815718653,True,0.8817605670392767,6.727805852890015
bo_constrained,29,15,0.6100204473821146,True,0.8817605670392767,6.727805852890015
bo_constrained,29,16,0.8624878853779578,False,0.8817605670392767,6.727805852890015
bo_constrained,29,17,0.8407584719508705,False,0.8817605670392767,6.727805852890015
bo_constrained,29,18,0.8684680516306773,True,0.8817605670392767,6.727805852890015
bo_constrained,29,19,0.8629502823655949,False,0.8817605670392767,6.727805852890015
bo_constrained,29,20,0.513676772018662,False,0.8817605670392767,6.727805852890015
bo_constrained,29,21,0.8890910076465773,True,0.8890910076465773,6.727805852890015
bo_constrained,29,22,0.8612267407875087,True,0.8890910076465773,6.727805852890015
bo_constrained,29,23,0.8269907377851207,False,0.8890910076465773,6.727805852890015
bo_constrained,29,24,0.787840483368633,True,0.8890910076465773,6.727805852890015
bo_constrained,29,25,0.8694109954633154,False,0.8890910076465773,6.727805852890015
bo_constrained,30,1,0.8566575997129477,False,,4.265239238739014
bo_constrained,30,2,0.7868563729079029,False,,4.265239238739014
bo_constrained,30,3,0.8268878321749417,False,,4.265239238739014
bo_constrained,30,4,0.8367660574319601,False,,4.265239238739014
bo_constrained,30,5,0.8561021263490417,False,,4.265239238739014
bo_constrained,30,6,0.7959888702708477,True,0.7959888702708477,4.265239238739014
bo_constrained,30,7,0.5323095214939406,True,0.7959888702708477,4.265239238739014
bo_constrained,30,8,0.863439386538637,True,0.863439386538637,4.265239238739014
bo_constrained,30,9,0.4301349858969906,True,0.863439386538637,4.265239238739014
bo_constrained,30,10,0.8710360228750919,False,0.863439386538637,4.265239238739014
bo_constrained,30,11,0.7578710091789402,True,0.863439386538637,4.265239238739014
bo_constrained,30,12,0.8228222956511256,False,0.863439386538637,4.265239238739014
bo_constrained,30,13,0.7088132499802432,False,0.863439386538637,4.265239238739014
bo_constrained,30,14,0.8873890738169925,True,0.8873890738169925,4.265239238739014
bo_constrained,30,15,0.7947359888453608,True,0.8873890738169925,4.265239238739014
bo_constrained,30,16,0.8583669244973142,True,0.8873890738169925,4.265239238739014
bo_constrained,30,17,0.8762247780940762,False,0.8873890738169925,4.265239238739014
bo_constrained,30,18,0.8266935862581201,True,0.8873890738169925,4.265239238739014
bo_constrained,30,19,0.880188325459174,True,0.8873890738169925,4.265239238739014
bo_constrained,30,20,0.8259155233575223,False,0.8873890738169925,4.265239238739014
bo_constrained,30,21,0.8845473270144506,True,0.8873890738169925,4.265239238739014
bo_constrained,30,22,0.8050883064187793,True,0.8873890738169925,4.265239238739014
bo_constrained,30,23,0.8891263619464083,False,0.8873890738169925,4.265239238739014
bo_constrained,30,24,0.877895034995864,True,0.8873890738169925,4.265239238739014
bo_constrained,30,25,0.8785165932332777,True,0.8873890738169925,4.265239238739014
bo_constrained,31,1,0.686612130336848,False,,5.6509130001068115
bo_constrained,31,2,0.7023702459794252,True,0.7023702459794252,5.6509130001068115
bo_constrained,31,3,0.7822340392772752,False,0.7023702459794252,5.6509130001068115
bo_constrained,31,4,0.8879788111427969,False,0.7023702459794252,5.6509130001068115
bo_constrained,31,5,0.868970974251353,False,0.7023702459794252,5.6509130001068115
bo_constrained,31,6,0.8675243051180227,False,0.7023702459794252,5.6509130001068115
bo_constrained,31,7,0.8392035774342592,True,0.8392035774342592,5.6509130001068115
bo_constrained,31,8,0.8945005177358315,False,0.8392035774342592,5.6509130001068115
bo_constrained,31,9,0.8883836110161497,True,0.8883836110161497,5.6509130001068115
bo_constrained,31,10,0.8836142331790947,False,0.8883836110161497,5.6509130001068115
bo_constrained,31,11,0.06440639949847195,True,0.8883836110161497,5.6509130001068115
bo_constrained,31,12,0.845308382420016,True,0.8883836110161497,5.6509130001068115
bo_constrained,31,13,0.2386515341396523,True,0.8883836110161497,5.6509130001068115
bo_constrained,31,14,0.8371917452754036,False,0.8883836110161497,5.6509130001068115
bo_constrained,31,15,0.8885991607508392,False,0.8883836110161497,5.6509130001068115
bo_constrained,31,16,0.8666467229527494,True,0.8883836110161497,5.6509130001068115
bo_constrained,31,17,0.867848932921944,False,0.8883836110161497,5.6509130001068115
bo_constrained,31,18,0.7081804486920207,True,0.8883836110161497,5.6509130001068115
bo_constrained,31,19,0.6769470533829477,True,0.8883836110161497,5.6509130001068115
bo_constrained,31,20,0.7929609901784089,False,0.8883836110161497,5.6509130001068115
bo_constrained,31,21,0.6985801715224222,True,0.8883836110161497,5.6509130001068115
bo_constrained,31,22,0.8620854400683459,True,0.8883836110161497,5.6509130001068115
bo_constrained,31,23,0.8217562162075278,False,0.8883836110161497,5.6509130001068115
bo_constrained,31,24,0.863374515617988,True,0.8883836110161497,5.6509130001068115
bo_constrained,31,25,0.8418742081513696,False,0.8883836110161497,5.6509130001068115
bo_constrained,32,1,0.8739700201397349,False,,6.182559490203857
bo_constrained,32,2,0.8569159966924554,False,,6.182559490203857
bo_constrained,32,3,0.7052622025745219,False,,6.182559490203857
bo_constrained,32,4,0.809046471632338,False,,6.182559490203857
bo_constrained,32,5,0.8464157023924564,False,,6.182559490203857
bo_constrained,32,6,0.08971949255306487,True,0.08971949255306487,6.182559490203857
bo_constrained,32,7,0.45986905759158025,True,0.45986905759158025,6.182559490203857
bo_constrained,32,8,0.7096705903893245,True,0.7096705903893245,6.182559490203857
bo_constrained,32,9,0.08058171091468866,True,0.7096705903893245,6.182559490203857
bo_constrained,32,10,0.7926534360329359,True,0.7926534360329359,6.182559490203857
bo_constrained,32,11,0.8165084704901215,True,0.8165084704901215,6.182559490203857
bo_constrained,32,12,0.8297093332878922,True,0.8297093332878922,6.182559490203857
bo_constrained,32,13,0.8525200803518191,True,0.8525200803518191,6.182559490203857
bo_constrained,32,14,0.8379440130122233,True,0.8525200803518191,6.182559490203857
bo_constrained,32,15,0.8872921139619665,True,0.8872921139619665,6.182559490203857
bo_constrained,32,16,0.865226815964852,True,0.8872921139619665,6.182559490203857
bo_constrained,32,17,0.7211710769898271,True,0.8872921139619665,6.182559490203857
bo_constrained,32,18,0.8750152271124012,True,0.8872921139619665,6.182559490203857
bo_constrained,32,19,0.8631563470963187,True,0.8872921139619665,6.182559490203857
bo_constrained,32,20,0.821012631335218,True,0.8872921139619665,6.182559490203857
bo_constrained,32,21,0.8880400714866734,True,0.8880400714866734,6.182559490203857
bo_constrained,32,22,0.8887481551085376,True,0.8887481551085376,6.182559490203857
bo_constrained,32,23,0.7353559702227899,True,0.8887481551085376,6.182559490203857
bo_constrained,32,24,0.887878783187717,True,0.8887481551085376,6.182559490203857
bo_constrained,32,25,0.828466966126846,True,0.8887481551085376,6.182559490203857
bo_constrained,33,1,0.45055743323266384,True,0.45055743323266384,6.158949375152588
bo_constrained,33,2,0.8826681813032539,False,0.45055743323266384,6.158949375152588
bo_constrained,33,3,0.7877788203428611,False,0.45055743323266384,6.158949375152588
bo_constrained,33,4,0.8345125813372594,False,0.45055743323266384,6.158949375152588
bo_constrained,33,5,0.8747615579520455,False,0.45055743323266384,6.158949375152588
bo_constrained,33,6,0.5294923602000573,True,0.5294923602000573,6.158949375152588
bo_constrained,33,7,0.8484232727199151,True,0.8484232727199151,6.158949375152588
bo_constrained,33,8,0.6288501469609182,True,0.8484232727199151,6.158949375152588
bo_constrained,33,9,0.8635496122444064,True,0.8635496122444064,6.158949375152588
bo_constrained,33,10,0.20244187877777636,True,0.8635496122444064,6.158949375152588
bo_constrained,33,11,0.8686166851344643,False,0.8635496122444064,6.158949375152588
bo_constrained,33,12,0.8456004823662909,True,0.8635496122444064,6.158949375152588
bo_constrained,33,13,0.8589574989336156,True,0.8635496122444064,6.158949375152588
bo_constrained,33,14,0.8719094322903949,True,0.8719094322903949,6.158949375152588
bo_constrained,33,15,0.8467771032015424,True,0.8719094322903949,6.158949375152588
bo_constrained,33,16,0.7244640246597848,True,0.8719094322903949,6.158949375152588
bo_constrained,33,17,0.8507030436431411,True,0.8719094322903949,6.158949375152588
bo_constrained,33,18,0.8624478011013329,True,0.8719094322903949,6.158949375152588
bo_constrained,33,19,0.886173424835786,True,0.886173424835786,6.158949375152588
bo_constrained,33,20,0.8882756626157311,True,0.8882756626157311,6.158949375152588
bo_constrained,33,21,0.7886377881552639,False,0.8882756626157311,6.158949375152588
bo_constrained,33,22,0.8380440339245836,False,0.8882756626157311,6.158949375152588
bo_constrained,33,23,0.6470445986035936,True,0.8882756626157311,6.158949375152588
bo_constrained,33,24,0.8406808435377384,False,0.8882756626157311,6.158949375152588
bo_constrained,33,25,0.8344553790334571,False,0.8882756626157311,6.158949375152588
bo_constrained,34,1,0.8582984409979925,False,,5.389234304428101
bo_constrained,34,2,0.8590502289468871,False,,5.389234304428101
bo_constrained,34,3,0.7793537032094123,False,,5.389234304428101
bo_constrained,34,4,0.5812635291274421,True,0.5812635291274421,5.389234304428101
bo_constrained,34,5,0.672254506319234,True,0.672254506319234,5.389234304428101
bo_constrained,34,6,0.8910986555456258,False,0.672254506319234,5.389234304428101
bo_constrained,34,7,0.8711759116294758,True,0.8711759116294758,5.389234304428101
bo_constrained,34,8,0.7267289728410746,True,0.8711759116294758,5.389234304428101
bo_constrained,34,9,0.8820180987678714,True,0.8820180987678714,5.389234304428101
bo_constrained,34,10,0.8866433437703768,True,0.8866433437703768,5.389234304428101
bo_constrained,34,11,0.7947359888453608,True,0.8866433437703768,5.389234304428101
bo_constrained,34,12,0.8944304038049576,False,0.8866433437703768,5.389234304428101
bo_constrained,34,13,0.7165618732001904,False,0.8866433437703768,5.389234304428101
bo_constrained,34,14,0.8567197223549343,True,0.8866433437703768,5.389234304428101
bo_constrained,34,15,0.8826851927296097,False,0.8866433437703768,5.389234304428101
bo_constrained,34,16,0.531802777523287,True,0.8866433437703768,5.389234304428101
bo_constrained,34,17,0.8554983400159979,True,0.8866433437703768,5.389234304428101
bo_constrained,34,18,0.7955904024810028,False,0.8866433437703768,5.389234304428101
bo_constrained,34,19,0.8443799940431757,True,0.8866433437703768,5.389234304428101
bo_constrained,34,20,0.7472193276077125,True,0.8866433437703768,5.389234304428101
bo_constrained,34,21,0.7505155130972476,False,0.8866433437703768,5.389234304428101
bo_constrained,34,22,0.8504008536592831,False,0.8866433437703768,5.389234304428101
bo_constrained,34,23,0.8518853424825272,False,0.8866433437703768,5.389234304428101
bo_constrained,34,24,0.4976005371038308,True,0.8866433437703768,5.389234304428101
bo_constrained,34,25,0.8425254190744014,False,0.8866433437703768,5.389234304428101
bo_constrained,35,1,0.7061309668913203,False,,4.251216411590576
bo_constrained,35,2,0.7972864946557224,True,0.7972864946557224,4.251216411590576
bo_constrained,35,3,0.7919756270167668,False,0.7972864946557224,4.251216411590576
bo_constrained,35,4,0.8207277168780868,False,0.7972864946557224,4.251216411590576
bo_constrained,35,5,0.8183517484746037,False,0.7972864946557224,4.251216411590576
bo_constrained,35,6,0.6813705635294658,True,0.7972864946557224,4.251216411590576
bo_constrained,35,7,0.716871289154389,True,0.7972864946557224,4.251216411590576
bo_constrained,35,8,0.8108579345809547,True,0.8108579345809547,4.251216411590576
bo_constrained,35,9,0.7837545118489477,True,0.8108579345809547,4.251216411590576
bo_constrained,35,10,0.5985590681310035,True,0.8108579345809547,4.251216411590576
bo_constrained,35,11,0.7701642094102826,True,0.8108579345809547,4.251216411590576
bo_constrained,35,12,0.8060436629573542,True,0.8108579345809547,4.251216411590576
bo_constrained,35,13,0.6076422817212932,True,0.8108579345809547,4.251216411590576
bo_constrained,35,14,0.8762373823495919,True,0.8762373823495919,4.251216411590576
bo_constrained,35,15,0.7685212796096373,True,0.8762373823495919,4.251216411590576
bo_constrained,35,16,0.46948883535438385,True,0.8762373823495919,4.251216411590576
bo_constrained,35,17,0.6767364028219891,False,0.8762373823495919,4.251216411590576
bo_constrained,35,18,0.7947359888453608,True,0.8762373823495919,4.251216411590576
bo_constrained,35,19,0.8311138682746824,True,0.8762373823495919,4.251216411590576
bo_constrained,35,20,0.10462517510839493,True,0.8762373823495919,4.251216411590576
bo_constrained,35,21,0.888037721988463,True,0.888037721988463,4.251216411590576
bo_constrained,35,22,0.885928429745764,True,0.888037721988463,4.251216411590576
bo_constrained,35,23,0.8787127526826106,True,0.888037721988463,4.251216411590576
bo_constrained,35,24,0.7415028523489006,False,0.888037721988463,4.251216411590576
bo_constrained,35,25,0.8388112827063431,True,0.888037721988463,4.251216411590576
bo_constrained,36,1,0.8118911809598787,False,,4.287887334823608
bo_constrained,36,2,0.8830941516342732,False,,4.287887334823608
bo_constrained,36,3,0.7765443429183801,True,0.7765443429183801,4.287887334823608
bo_constrained,36,4,0.8006872007915129,True,0.8006872007915129,4.287887334823608
bo_constrained,36,5,0.6183676418818259,False,0.8006872007915129,4.287887334823608
bo_constrained,36,6,0.6780462381512358,True,0.8006872007915129,4.287887334823608
bo_constrained,36,7,0.7930612377504669,True,0.8006872007915129,4.287887334823608
bo_constrained,36,8,0.8644622368694719,True,0.8644622368694719,4.287887334823608
bo_constrained,36,9,0.7085534486107368,False,0.8644622368694719,4.287887334823608
bo_constrained,36,10,0.7698362724851125,True,0.8644622368694719,4.287887334823608
bo_constrained,36,11,0.8155857068715459,True,0.8644622368694719,4.287887334823608
bo_constrained,36,12,0.87275901813199,True,0.87275901813199,4.287887334823608
bo_constrained,36,13,0.8020644417628966,True,0.87275901813199,4.287887334823608
bo_constrained,36,14,0.717760673841253,True,0.87275901813199,4.287887334823608
bo_constrained,36,15,0.6682965941477815,True,0.87275901813199,4.287887334823608
bo_constrained,36,16,0.5554226626363535,True,0.87275901813199,4.287887334823608
bo_constrained,36,17,0.7931236971912605,True,0.87275901813199,4.287887334823608
bo_constrained,36,18,0.8832997125721284,True,0.8832997125721284,4.287887334823608
bo_constrained,36,19,0.5469251109701603,True,0.8832997125721284,4.287887334823608
bo_constrained,36,20,0.48083210131276644,True,0.8832997125721284,4.287887334823608
bo_constrained,36,21,0.8593196901592026,True,0.8832997125721284,4.287887334823608
bo_constrained,36,22,0.8510625931050066,False,0.8832997125721284,4.287887334823608
bo_constrained,36,23,0.8490587701891936,True,0.8832997125721284,4.287887334823608
bo_constrained,36,24,0.4952027031676175,True,0.8832997125721284,4.287887334823608
bo_constrained,36,25,0.8758174337729049,True,0.8832997125721284,4.287887334823608
bo_constrained,37,1,0.8554513832063457,True,0.8554513832063457,6.172103643417358
bo_constrained,37,2,0.8879704249333501,False,0.8554513832063457,6.172103643417358
bo_constrained,37,3,0.7365428706093199,True,0.8554513832063457,6.172103643417358
bo_constrained,37,4,0.7730097899384762,False,0.8554513832063457,6.172103643417358
bo_constrained,37,5,0.7610086339864837,False,0.8554513832063457,6.172103643417358
bo_constrained,37,6,0.7740403895460434,True,0.8554513832063457,6.172103643417358
bo_constrained,37,7,0.8454599870619746,True,0.8554513832063457,6.172103643417358
bo_constrained,37,8,0.6636230602314558,True,0.8554513832063457,6.172103643417358
bo_constrained,37,9,0.8301368997761566,True,0.8554513832063457,6.172103643417358
bo_constrained,37,10,0.6467748911580121,True,0.8554513832063457,6.172103643417358
bo_constrained,37,11,0.8679034399675328,True,0.8679034399675328,6.172103643417358
bo_constrained,37,12,0.8784453680653435,True,0.8784453680653435,6.172103643417358
bo_constrained,37,13,0.8771021793291431,True,0.8784453680653435,6.172103643417358
bo_constrained,37,14,0.8845670906319404,True,0.8845670906319404,6.172103643417358
bo_constrained,37,15,0.8726464408214595,False,0.8845670906319404,6.172103643417358
bo_constrained,37,16,0.7350980277019361,True,0.8845670906319404,6.172103643417358
bo_constrained,37,17,0.7405653662278777,True,0.8845670906319404,6.172103643417358
bo_constrained,37,18,0.8606222715392661,True,0.8845670906319404,6.172103643417358
bo_constrained,37,19,0.7779598929392672,True,0.8845670906319404,6.172103643417358
bo_constrained,37,20,0.7198618482163162,True,0.8845670906319404,6.172103643417358
bo_constrained,37,21,0.730622756762219,False,0.8845670906319404,6.172103643417358
bo_constrained,37,22,0.7947359888453608,True,0.8845670906319404,6.172103643417358
bo_constrained,37,23,0.3567137612750712,True,0.8845670906319404,6.172103643417358
bo_constrained,37,24,0.8613936877236735,False,0.8845670906319404,6.172103643417358
bo_constrained,37,25,0.8470260839406035,True,0.8845670906319404,6.172103643417358
bo_constrained,38,1,0.8607672937324288,False,,6.790661811828613
bo_constrained,38,2,0.8288403449502093,False,,6.790661811828613
bo_constrained,38,3,0.8061060057738313,False,,6.790661811828613
bo_constrained,38,4,0.8428420319705615,False,,6.790661811828613
bo_constrained,38,5,0.6656152378408308,False,,6.790661811828613
bo_constrained,38,6,0.857441171490751,True,0.857441171490751,6.790661811828613
bo_constrained,38,7,0.8213189963754914,True,0.857441171490751,6.790661811828613
bo_constrained,38,8,0.840900468021517,True,0.857441171490751,6.790661811828613
bo_constrained,38,9,0.7337627127048847,True,0.857441171490751,6.790661811828613
bo_constrained,38,10,0.8889373132021419,True,0.8889373132021419,6.790661811828613
bo_constrained,38,11,0.8394696671968646,False,0.8889373132021419,6.790661811828613
bo_constrained,38,12,0.7906366739982719,True,0.8889373132021419,6.790661811828613
bo_constrained,38,13,0.8791644409366473,False,0.8889373132021419,6.790661811828613
bo_constrained,38,14,0.7535188430506179,False,0.8889373132021419,6.790661811828613
bo_constrained,38,15,0.8682234297419176,False,0.8889373132021419,6.790661811828613
bo_constrained,38,16,0.07277337324456995,True,0.8889373132021419,6.790661811828613
bo_constrained,38,17,0.5988077065294085,True,0.8889373132021419,6.790661811828613
bo_constrained,38,18,0.8106974808920854,True,0.8889373132021419,6.790661811828613
bo_constrained,38,19,0.8739466148685335,True,0.8889373132021419,6.790661811828613
bo_constrained,38,20,0.7371001449455273,False,0.8889373132021419,6.790661811828613
bo_constrained,38,21,0.8720588383697165,False,0.8889373132021419,6.790661811828613
bo_constrained,38,22,0.8896117783596525,False,0.8889373132021419,6.790661811828613
bo_constrained,38,23,0.7678393651750008,True,0.8889373132021419,6.790661811828613
bo_constrained,38,24,0.8772233179087693,False,0.8889373132021419,6.790661811828613
bo_constrained,38,25,0.8524016575138991,True,0.8889373132021419,6.790661811828613
bo_constrained,39,1,0.6470314259186261,False,,4.131098031997681
bo_constrained,39,2,0.853402127828048,False,,4.131098031997681
bo_constrained,39,3,0.8582935755258443,True,0.8582935755258443,4.131098031997681
bo_constrained,39,4,0.8113778870370716,False,0.8582935755258443,4.131098031997681
bo_constrained,39,5,0.8676889370747914,False,0.8582935755258443,4.131098031997681
bo_constrained,39,6,0.8272434349911405,True,0.8582935755258443,4.131098031997681
bo_constrained,39,7,0.6771011789933677,True,0.8582935755258443,4.131098031997681
bo_constrained,39,8,0.6305632352610224,True,0.8582935755258443,4.131098031997681
bo_constrained,39,9,0.8647957333551194,True,0.8647957333551194,4.131098031997681
bo_constrained,39,10,0.894527328992032,False,0.8647957333551194,4.131098031997681
bo_constrained,39,11,0.7544917820432396,True,0.8647957333551194,4.131098031997681
bo_constrained,39,12,0.8802773418104278,True,0.8802773418104278,4.131098031997681
bo_constrained,39,13,0.7600584681093641,True,0.8802773418104278,4.131098031997681
bo_constrained,39,14,0.8283224080361318,False,0.8802773418104278,4.131098031997681
bo_constrained,39,15,0.8887099387877789,False,0.8802773418104278,4.131098031997681
bo_constrained,39,16,0.7811158336316145,True,0.8802773418104278,4.131098031997681
bo_constrained,39,17,0.8557282199506255,False,0.8802773418104278,4.131098031997681
bo_constrained,39,18,0.8722321555755503,True,0.8802773418104278,4.131098031997681
bo_constrained,39,19,0.825271464702791,True,0.8802773418104278,4.131098031997681
bo_constrained,39,20,0.8458363276092923,True,0.8802773418104278,4.131098031997681
bo_constrained,39,21,0.6610451412393411,False,0.8802773418104278,4.131098031997681
bo_constrained,39,22,0.8313612182483018,True,0.8802773418104278,4.131098031997681
bo_constrained,39,23,0.8838877555254289,True,0.8838877555254289,4.131098031997681
bo_constrained,39,24,0.840238765720485,False,0.8838877555254289,4.131098031997681
bo_constrained,39,25,0.724471436333899,True,0.8838877555254289,4.131098031997681
